{
  "name": "Kihraxz Fighter",
  "xws": "kihraxzfighter",
  "size": "Small",
  "dial": [
    "1TW",
    "1BB",
    "1NB",
    "1YW",
    "2ER",
    "2TW",
    "2BB",
    "2FB",
    "2NB",
    "2YW",
    "2RR",
    "3BW",
    "3FB",
    "3NW",
    "4FW",
    "4KR"
  ],
  "dialCodes": [
    "KXZ"
  ],
  "faction": "scumandvillainy",
  "stats": [
    {
      "arc": "Front Arc",
      "type": "attack",
      "value": 3
    },
    {
      "type": "agility",
      "value": 2
    },
    {
      "type": "hull",
      "value": 5
    },
    {
      "type": "shields",
      "value": 1
    }
  ],
  "actions": [
    {
      "difficulty": "White",
      "type": "Focus"
    },
    {
      "difficulty": "White",
      "type": "Lock"
    },
    {
      "difficulty": "White",
      "type": "Barrel Roll"
    }
  ],
  "icon": "https://infinitearenas.com/xw2/images/shipicons/scum-and-villainy/I_Kihraxz.png",
  "pilots": [
    {
      "name": "Black Sun Ace",
      "initiative": 3,
      "limited": 0,
      "cost": 10,
      "loadout": 9,
      "xws": "blacksunace",
      "text": "The Kihraxz assault fighter was developed specifically for the Black Sun crime syndicate, whose highly paid ace pilots demanded a nimble, powerful ship to match their skills.",
      "image": "https://infinitearenas.com/xw2/images/pilots/blacksunace.png",
      "slots": [
        "Illicit",
        "Illicit",
        "Modification",
        "Modification",
        "Missile",
        "Talent"
      ],
      "artwork": "https://infinitearenas.com/xw2/images/artwork/pilots/blacksunace.png",
      "standard": false,
      "extended": true,
      "epic": true,
      "restricted": 0
    },
    {
      "name": "Captain Jostero",
      "caption": "Aggressive Opportunist",
      "initiative": 3,
      "limited": 1,
      "cost": 10,
      "loadout": 11,
      "xws": "captainjostero",
      "ability": "After an enemy ship suffers damage, if it is not defending, you may perform a bonus attack against that ship.",
      "image": "https://infinitearenas.com/xw2/images/pilots/captainjostero.png",
      "slots": [
        "Illicit",
        "Illicit",
        "Modification",
        "Modification",
        "Missile"
      ],
      "artwork": "https://infinitearenas.com/xw2/images/artwork/pilots/captainjostero.png",
      "standard": false,
      "extended": true,
      "epic": true,
      "restricted": 0
    },
    {
      "name": "Cartel Marauder",
      "initiative": 2,
      "limited": 0,
      "cost": 9,
      "loadout": 4,
      "xws": "cartelmarauder",
      "text": "The versatile Kihraxz was modeled after Incom's popular X-wing starfighter, but an array of after-market modification kits ensure a wide variety of designs.",
      "image": "https://infinitearenas.com/xw2/images/pilots/cartelmarauder.png",
      "slots": [
        "Illicit",
        "Illicit",
        "Modification",
        "Modification",
        "Missile"
      ],
      "artwork": "https://infinitearenas.com/xw2/images/artwork/pilots/cartelmarauder.png",
      "standard": false,
      "extended": true,
      "epic": true,
      "restricted": 0
    },
    {
      "name": "Graz",
      "caption": "The Hunter",
      "initiative": 4,
      "limited": 1,
      "cost": 11,
      "loadout": 14,
      "xws": "graz",
      "ability": "While you defend, if you are behind the attacker, roll 1 additional defense die. While you perform an attack, if you are behind the defender, roll 1 additional attack die.",
      "image": "https://infinitearenas.com/xw2/images/pilots/graz.png",
      "slots": [
        "Illicit",
        "Illicit",
        "Modification",
        "Modification",
        "Missile",
        "Talent"
      ],
      "artwork": "https://infinitearenas.com/xw2/images/artwork/pilots/graz.png",
      "standard": false,
      "extended": true,
      "keywords": [
        "Bounty Hunter"
      ],
      "epic": true,
      "restricted": 0
    },
    {
      "name": "Talonbane Cobra",
      "caption": "Scourge of Tansarii Point",
      "initiative": 5,
      "limited": 1,
      "cost": 12,
      "loadout": 13,
      "xws": "talonbanecobra",
      "ability": "While you defend at attack range 3 or perform an attack at attack range 1, roll 1 additional die.",
      "image": "https://infinitearenas.com/xw2/images/pilots/talonbanecobra.png",
      "slots": [
        "Illicit",
        "Illicit",
        "Modification",
        "Modification",
        "Missile",
        "Talent"
      ],
      "artwork": "https://infinitearenas.com/xw2/images/artwork/pilots/talonbanecobra.png",
      "standard": false,
      "extended": true,
      "epic": true,
      "restricted": 0
    },
    {
      "name": "Viktor Hel",
      "caption": "Storied Bounty Hunter",
      "initiative": 4,
      "limited": 1,
      "cost": 10,
      "loadout": 8,
      "xws": "viktorhel",
      "ability": "After you defend, if you did not roll exactly 2 defense dice, the attacker gains 1 stress token.",
      "image": "https://infinitearenas.com/xw2/images/pilots/viktorhel.png",
      "slots": [
        "Illicit",
        "Illicit",
        "Modification",
        "Modification",
        "Missile",
        "Talent"
      ],
      "artwork": "https://infinitearenas.com/xw2/images/artwork/pilots/viktorhel.png",
      "standard": false,
      "extended": true,
      "keywords": [
        "Bounty Hunter"
      ],
      "epic": true,
      "restricted": 0
    }
  ]
}
