{
  "name": "Aggressor Assault Fighter",
  "xws": "aggressorassaultfighter",
  "size": "Medium",
  "dial": [
    "1TW",
    "1BB",
    "1FB",
    "1NB",
    "1YW",
    "2TW",
    "2BB",
    "2FB",
    "2NB",
    "2YW",
    "3LR",
    "3BB",
    "3FB",
    "3NB",
    "3PR",
    "4FW",
    "4KR"
  ],
  "dialCodes": [
    "AgF"
  ],
  "faction": "scumandvillainy",
  "stats": [
    {
      "arc": "Front Arc",
      "type": "attack",
      "value": 3
    },
    {
      "type": "agility",
      "value": 3
    },
    {
      "type": "hull",
      "value": 5
    },
    {
      "type": "shields",
      "value": 3
    }
  ],
  "actions": [
    {
      "difficulty": "White",
      "type": "Calculate"
    },
    {
      "difficulty": "White",
      "type": "Evade"
    },
    {
      "difficulty": "White",
      "type": "Lock"
    },
    {
      "difficulty": "White",
      "type": "Boost"
    }
  ],
  "icon": "https://infinitearenas.com/xw2/images/shipicons/scum-and-villainy/I_IG-2000.png",
  "pilots": [
    {
      "name": "IG-88A",
      "caption": "Aggressive Automaton",
      "initiative": 4,
      "limited": 1,
      "cost": 17,
      "loadout": 20,
      "xws": "ig88a",
      "ability": "At the start of the Engagement Phase, you may choose 1 friendly ship with [Calculate] on its action bar at range 1-3. If you do, transfer 1 of your calculate tokens to it.",
      "image": "https://infinitearenas.com/xw2/images/pilots/ig88a.png",
      "shipAbility": {
        "name": "Advanced Droid Brain",
        "text": "After you perform a [Calculate] action, gain 1 calculate token."
      },
      "slots": [
        "Talent",
        "Cannon",
        "Cannon",
        "Sensor",
        "Payload",
        "Illicit",
        "Modification",
        "Title"
      ],
      "artwork": "https://infinitearenas.com/xw2/images/artwork/pilots/ig88a.png",
      "standard": false,
      "extended": true,
      "keywords": [
        "Bounty Hunter",
        "Droid"
      ],
      "epic": true
    },
    {
      "name": "IG-88B",
      "caption": "Brutal Battledroid",
      "initiative": 4,
      "limited": 1,
      "cost": 16,
      "loadout": 16,
      "xws": "ig88b",
      "ability": "After you perform an attack that misses, you may perform a bonus [Cannon] attack.",
      "image": "https://infinitearenas.com/xw2/images/pilots/ig88b.png",
      "shipAbility": {
        "name": "Advanced Droid Brain",
        "text": "After you perform a [Calculate] action, gain 1 calculate token."
      },
      "slots": [
        "Talent",
        "Cannon",
        "Cannon",
        "Sensor",
        "Payload",
        "Illicit",
        "Modification",
        "Title"
      ],
      "artwork": "https://infinitearenas.com/xw2/images/artwork/pilots/ig88b.png",
      "standard": false,
      "extended": true,
      "keywords": [
        "Bounty Hunter",
        "Droid"
      ],
      "epic": true
    },
    {
      "name": "IG-88C",
      "caption": "Conniving Contraption",
      "initiative": 4,
      "limited": 1,
      "cost": 16,
      "loadout": 16,
      "xws": "ig88c",
      "ability": "After you perform a [Boost] action, you may perform an [Evade] action.",
      "image": "https://infinitearenas.com/xw2/images/pilots/ig88c.png",
      "shipAbility": {
        "name": "Advanced Droid Brain",
        "text": "After you perform a [Calculate] action, gain 1 calculate token."
      },
      "slots": [
        "Talent",
        "Cannon",
        "Cannon",
        "Sensor",
        "Payload",
        "Illicit",
        "Modification",
        "Title"
      ],
      "artwork": "https://infinitearenas.com/xw2/images/artwork/pilots/ig88c.png",
      "standard": false,
      "extended": true,
      "keywords": [
        "Bounty Hunter",
        "Droid"
      ],
      "epic": true
    },
    {
      "name": "IG-88D",
      "caption": "Deadly Device",
      "initiative": 4,
      "limited": 1,
      "cost": 15,
      "loadout": 14,
      "xws": "ig88d",
      "ability": "While you execute a Segnor's Loop ([Segnor's Loop Left] or [Segnor's Loop Right]) maneuver, you may use another template of the same speed instead: either the turn ([Turn Left] or [Turn Right]) of the same direction or the straight ([Straight]) template.",
      "image": "https://infinitearenas.com/xw2/images/pilots/ig88d.png",
      "shipAbility": {
        "name": "Advanced Droid Brain",
        "text": "After you perform a [Calculate] action, gain 1 calculate token."
      },
      "slots": [
        "Talent",
        "Cannon",
        "Cannon",
        "Sensor",
        "Payload",
        "Illicit",
        "Modification",
        "Title"
      ],
      "artwork": "https://infinitearenas.com/xw2/images/artwork/pilots/ig88d.png",
      "standard": false,
      "extended": true,
      "keywords": [
        "Bounty Hunter",
        "Droid"
      ],
      "epic": true
    }
  ]
}
