{
  "name": "Gauntlet Fighter",
  "xws": "gauntletfighter",
  "icon": "https://infinitearenas.com/xw2/images/shipicons/scum-and-villainy/I_GauntletFighter.png",
  "size": "Large",
  "dial": [
    "0OR",
    "1BB",
    "1NB",
    "2TW",
    "2BB",
    "2FB",
    "2NB",
    "2YW",
    "3TR",
    "3BW",
    "3FW",
    "3NW",
    "3YR",
    "4FW"
  ],
  "dialCodes": [
    "GtF"
  ],
  "faction": "scumandvillainy",
  "stats": [
    {
      "arc": "Front Arc",
      "type": "attack",
      "value": 3
    },
    {
      "arc": "Rear Arc",
      "type": "attack",
      "value": 2
    },
    {
      "type": "agility",
      "value": 2
    },
    {
      "type": "hull",
      "value": 9
    },
    {
      "type": "shields",
      "value": 2
    }
  ],
  "actions": [
    {
      "difficulty": "White",
      "type": "Focus"
    },
    {
      "difficulty": "White",
      "type": "Lock"
    },
    {
      "difficulty": "Red",
      "type": "Reinforce"
    },
    {
      "difficulty": "Red",
      "type": "Coordinate"
    }
  ],
  "pilots": [
    {
      "xws": "maul",
      "name": "Maul",
      "image": "https://infinitearenas.com/xw2/images/pilots/maul.png",
      "ability": "While you perform a [Coordinate] action, if you choose a ship with an initiative lower than yours, you may spend 1 [Force]. If you do, treat the action as white and you may coordinate 1 additional friendly ship with an initiative lower than yours; each friendly ship you coordinate this way gains 1 strain token.",
      "force": {
        "side": [
          "dark"
        ],
        "value": 3,
        "recovers": 1
      },
      "cost": 18,
      "loadout": 18,
      "initiative": 5,
      "limited": 1,
      "standard": true,
      "extended": true,
      "epic": true,
      "slots": [
        "Crew",
        "Gunner",
        "Illicit",
        "Modification",
        "Modification",
        "Payload",
        "Configuration",
        "Force Power",
        "Force Power",
        "Title"
      ],
      "artwork": "https://infinitearenas.com/xw2/images/artwork/pilots/maul.png",
      "keywords": [
        "Dark Side"
      ],
      "caption": "Lord of the Shadow Collective"
    },
    {
      "xws": "rookkast",
      "name": "Rook Kast",
      "image": "https://infinitearenas.com/xw2/images/pilots/rookkast.png",
      "cost": 17,
      "loadout": 17,
      "initiative": 3,
      "limited": 1,
      "ability": "Before you engage, you may gain 1 strain token. While you perform a primary attack, if you are strained, you may change 1 of your blank or [Focus] results to a [Hit] result.",
      "standard": true,
      "extended": true,
      "epic": true,
      "slots": [
        "Crew",
        "Gunner",
        "Illicit",
        "Modification",
        "Modification",
        "Payload",
        "Configuration",
        "Talent"
      ],
      "artwork": "https://infinitearenas.com/xw2/images/artwork/pilots/rookkast.png",
      "keywords": [
        "Mandalorian"
      ],
      "caption": "Stoic Super Commando"
    },
    {
      "xws": "shadowcollectiveoperator",
      "name": "Shadow Collective Operator",
      "image": "https://infinitearenas.com/xw2/images/pilots/shadowcollectiveoperator.png",
      "cost": 15,
      "loadout": 20,
      "initiative": 1,
      "limited": 0,
      "standard": true,
      "extended": true,
      "epic": true,
      "slots": [
        "Crew",
        "Gunner",
        "Illicit",
        "Modification",
        "Modification",
        "Payload",
        "Configuration"
      ],
      "artwork": "https://infinitearenas.com/xw2/images/artwork/pilots/shadowcollectiveoperator.png",
      "keywords": [
        "Mandalorian"
      ]
    },
    {
      "xws": "bokatankryze-armedanddangerous",
      "name": "Bo-Katan Kryze",
      "image": "https://infinitearenas.com/xw2xwa/images/quickbuilds/bokatankryze-armedanddangerous.png",
      "ability": "While you perform an attack, if you are at range 0-1 of the defender, you may reroll 1 attack die.",
      "shipAbility": {
        "name": "Winged Reversal",
        "text": "After you reveal a turn [[Turn Left] or [Turn Right]] maneuver, you may spend 1 [Charge], gain 1 strain token and increase its difficulty. If you do, perform that maneuver as a Tallon Roll [[Tallon Roll Left] or [Tallon Roll Right]] maneuver in the same direction instead."
      },
      "charges": {
        "value": 2,
        "recovers": 0
      },
      "cost": 16,
      "loadout": 0,
      "initiative": 4,
      "limited": 1,
      "standard": true,
      "extended": true,
      "epic": true,
      "standardLoadout": [
        "mandaloriantactics-armedanddangerous",
        "niteowlsentries-armedanddangerous",
        "veterantailgunner"
      ],
      "artwork": "https://infinitearenas.com/xw2/images/artwork/pilots/bokatankryze-armedanddangerous.png",
      "keywords": [
        "Mandalorian"
      ],
      "caption": "Armed and Dangerous",
      "slots": []
    }
  ]
}
