{
  "name": "Rogue-class Starfighter",
  "xws": "rogueclassstarfighter",
  "size": "Small",
  "dial": [
    "1TW",
    "1BB",
    "1NB",
    "1YW",
    "2ER",
    "2TW",
    "2BB",
    "2FB",
    "2NB",
    "2YW",
    "2RR",
    "3TR",
    "3BW",
    "3FB",
    "3NW",
    "3YR",
    "4FB",
    "5FW",
    "5KR"
  ],
  "dialCodes": [
    "RCS"
  ],
  "faction": "scumandvillainy",
  "stats": [
    {
      "arc": "Front Arc",
      "type": "attack",
      "value": 2
    },
    {
      "type": "agility",
      "value": 2
    },
    {
      "type": "hull",
      "value": 5
    },
    {
      "type": "shields",
      "value": 2
    }
  ],
  "actions": [
    {
      "difficulty": "White",
      "linked": {
        "difficulty": "Red",
        "type": "Boost"
      },
      "type": "Focus"
    },
    {
      "difficulty": "White",
      "linked": {
        "difficulty": "Red",
        "type": "Barrel Roll"
      },
      "type": "Focus"
    },
    {
      "difficulty": "White",
      "linked": {
        "difficulty": "Red",
        "type": "Barrel Roll"
      },
      "type": "Evade"
    },
    {
      "difficulty": "White",
      "type": "Lock"
    },
    {
      "difficulty": "Red",
      "type": "Boost"
    }
  ],
  "icon": "https://infinitearenas.com/xw2/images/shipicons/scum-and-villainy/I_Rogue.png",
  "pilots": [
    {
      "name": "Cad Bane",
      "caption": "Infamous Bounty Hunter",
      "initiative": 4,
      "limited": 1,
      "cost": 12,
      "loadout": 20,
      "xws": "cadbane",
      "slots": [
        "Cannon",
        "Cannon",
        "Illicit",
        "Modification",
        "Modification",
        "Missile",
        "Talent",
        "Title"
      ],
      "ability": "After you perform an attack that hits, you may spend 2 [Charge] to transfer 1 of your non-lock red or orange tokens to the defender.",
      "charges": {
        "value": 2,
        "recovers": 1
      },
      "shipAbility": {
        "name": "Dead to Rights",
        "text": "While you perform an attack, if the defender is in your [Bullseye Arc], defense dice cannot be modified using green tokens."
      },
      "image": "https://infinitearenas.com/xw2/images/pilots/cadbane.png",
      "artwork": "https://infinitearenas.com/xw2/images/artwork/pilots/cadbane.png",
      "keywords": [
        "Bounty Hunter"
      ],
      "standard": true,
      "extended": true,
      "epic": true
    },
    {
      "name": "Viktor Hel",
      "caption": "Storied Bounty Hunter",
      "initiative": 4,
      "limited": 1,
      "cost": 10,
      "loadout": 11,
      "xws": "viktorhel-rogueclassstarfighter",
      "slots": [
        "Cannon",
        "Cannon",
        "Illicit",
        "Modification",
        "Modification",
        "Talent"
      ],
      "ability": "After you defend, if you did not roll exactly 2 defense dice, the attacker gains 1 stress token.",
      "shipAbility": {
        "name": "Dead to Rights",
        "text": "While you perform an attack, if the defender is in your [Bullseye Arc], defense dice cannot be modified using green tokens."
      },
      "image": "https://infinitearenas.com/xw2/images/pilots/viktorhel-rogueclassstarfighter.png",
      "artwork": "https://infinitearenas.com/xw2/images/artwork/pilots/viktorhel-rogueclassstarfighter.png",
      "keywords": [
        "Bounty Hunter"
      ],
      "standard": true,
      "extended": true,
      "epic": true
    },
    {
      "name": "Nom Lumb",
      "caption": "Laughing Bandit",
      "initiative": 1,
      "limited": 1,
      "cost": 10,
      "loadout": 12,
      "xws": "nomlumb-rogueclassstarfighter",
      "slots": [
        "Cannon",
        "Cannon",
        "Illicit",
        "Modification",
        "Modification"
      ],
      "ability": "At the start of the Engagement Phase, you may choose 1 enemy ship in your [Front Arc]. If you do, treat your initiative as equal to that ship's until the end of the round.",
      "shipAbility": {
        "name": "Dead to Rights",
        "text": "While you perform an attack, if the defender is in your [Bullseye Arc], defense dice cannot be modified using green tokens."
      },
      "image": "https://infinitearenas.com/xw2/images/pilots/nomlumb-rogueclassstarfighter.png",
      "artwork": "https://infinitearenas.com/xw2/images/artwork/pilots/nomlumb-rogueclassstarfighter.png",
      "keywords": [
        "Bounty Hunter"
      ],
      "standard": true,
      "extended": true,
      "epic": true
    },
    {
      "name": "Outer Rim Hunter",
      "initiative": 3,
      "limited": 0,
      "cost": 9,
      "loadout": 7,
      "xws": "outerrimhunter",
      "slots": [
        "Illicit",
        "Modification",
        "Modification",
        "Cannon",
        "Cannon"
      ],
      "text": "Due to its association with Cad Bane, the Rogue-class Starfighterhas found its way into the hands of other bounty hunters, especially those who operate in the lawless Outer Rim.",
      "shipAbility": {
        "name": "Dead to Rights",
        "text": "While you perform an attack, if the defender is in your [Bullseye Arc], defense dice cannot be modified using green tokens."
      },
      "image": "https://infinitearenas.com/xw2/images/pilots/outerrimhunter.png",
      "artwork": "https://infinitearenas.com/xw2/images/artwork/pilots/outerrimhunter.png",
      "standard": true,
      "extended": true,
      "epic": true
    },
    {
      "name": "Durge",
      "caption": "Hard to Kill",
      "initiative": 5,
      "limited": 1,
      "cost": 11,
      "loadout": 13,
      "xws": "durge",
      "slots": [
        "Cannon",
        "Cannon",
        "Illicit",
        "Illicit",
        "Modification",
        "Modification",
        "Talent"
      ],
      "ability": "While you defend, after the Neutralize Results step, if there are more [Hit]/[Critical Hit] results than your active [Shield], you may change 1 [Hit] result to a [Critical Hit] and cancel 1 [Hit] result.",
      "shipAbility": {
        "name": "Dead to Rights",
        "text": "While you perform an attack, if the defender is in your [Bullseye Arc], defense dice cannot be modified using green tokens."
      },
      "image": "https://infinitearenas.com/xw2/images/pilots/durge.png",
      "artwork": "https://infinitearenas.com/xw2/images/artwork/pilots/durge.png",
      "keywords": [
        "Bounty Hunter"
      ],
      "standard": true,
      "extended": true,
      "epic": true
    },
    {
      "name": "Cad Bane",
      "caption": "Armed and Dangerous",
      "initiative": 4,
      "limited": 1,
      "cost": 11,
      "loadout": 0,
      "xws": "cadbane-armedanddangerous",
      "ability": "After you perform an attack that hits, you may spend 2 [Charge] to transfer 1 of your non-lock red or orange tokens to the defender.",
      "charges": {
        "value": 2,
        "recovers": 1
      },
      "shipAbility": {
        "name": "Dead to Rights",
        "text": "While you perform an attack, if the defender is in your [Bullseye Arc], defense dice cannot be modified using green tokens."
      },
      "image": "https://infinitearenas.com/xw2xwa/images/quickbuilds/cadbane-armedanddangerous.png",
      "artwork": "https://infinitearenas.com/xw2/images/artwork/pilots/cadbane-armedanddangerous.png",
      "keywords": [
        "Bounty Hunter"
      ],
      "standardLoadout": [
        "flechettecannons-armedanddangerous",
        "todo360-armedanddangerous",
        "xanadublood-armedanddangerous"
      ],
      "standard": true,
      "extended": true,
      "epic": true,
      "shipActions": [
        {
          "difficulty": "White",
          "type": "Focus",
          "linked": {
            "difficulty": "Red",
            "type": "Boost"
          }
        },
        {
          "difficulty": "White",
          "type": "Focus",
          "linked": {
            "difficulty": "Red",
            "type": "Barrel Roll"
          }
        },
        {
          "difficulty": "White",
          "type": "Evade",
          "linked": {
            "difficulty": "Red",
            "type": "Barrel Roll"
          }
        },
        {
          "difficulty": "White",
          "type": "Lock"
        },
        {
          "difficulty": "Red",
          "type": "Cloak"
        }
      ],
      "slots": []
    }
  ]
}
