{
  "name": "StarViper-class Attack Platform",
  "xws": "starviperclassattackplatform",
  "size": "Small",
  "dial": [
    "1TW",
    "1BB",
    "1FB",
    "1NB",
    "1YW",
    "2TW",
    "2BB",
    "2FB",
    "2NB",
    "2YW",
    "3LR",
    "3BW",
    "3FB",
    "3NW",
    "3PR",
    "4FW"
  ],
  "dialCodes": [
    "SV"
  ],
  "faction": "scumandvillainy",
  "stats": [
    {
      "arc": "Front Arc",
      "type": "attack",
      "value": 3
    },
    {
      "type": "agility",
      "value": 3
    },
    {
      "type": "hull",
      "value": 4
    },
    {
      "type": "shields",
      "value": 1
    }
  ],
  "actions": [
    {
      "difficulty": "White",
      "type": "Focus"
    },
    {
      "difficulty": "White",
      "type": "Lock"
    },
    {
      "difficulty": "White",
      "linked": {
        "difficulty": "Red",
        "type": "Focus"
      },
      "type": "Barrel Roll"
    },
    {
      "difficulty": "White",
      "linked": {
        "difficulty": "Red",
        "type": "Focus"
      },
      "type": "Boost"
    }
  ],
  "icon": "https://infinitearenas.com/xw2/images/shipicons/scum-and-villainy/I_StarViper.png",
  "pilots": [
    {
      "name": "Black Sun Assassin",
      "initiative": 3,
      "limited": 0,
      "cost": 11,
      "loadout": 9,
      "xws": "blacksunassassin",
      "text": "Although assassinations can be handled with a shot in the dark or a dire substance added to a drink, a flaming shuttle tumbling from the sky sends a special kind of message.",
      "image": "https://infinitearenas.com/xw2/images/pilots/blacksunassassin.png",
      "shipAbility": {
        "name": "Microthrusters",
        "text": "While you perform a barrel roll, you must use the [Bank Left] or [Bank Right] template instead of the [Straight] template."
      },
      "slots": [
        "Illicit",
        "Modification",
        "Sensor",
        "Torpedo",
        "Talent"
      ],
      "artwork": "https://infinitearenas.com/xw2/images/artwork/pilots/blacksunassassin.png",
      "standard": false,
      "extended": true,
      "epic": true
    },
    {
      "name": "Black Sun Enforcer",
      "initiative": 2,
      "limited": 0,
      "cost": 10,
      "loadout": 7,
      "xws": "blacksunenforcer",
      "text": "Prince Xizor himself collaborated with MandalMotors to design the StarViper-class attack platform, one of the most formidable starfighters in the galaxy.",
      "image": "https://infinitearenas.com/xw2/images/pilots/blacksunenforcer.png",
      "shipAbility": {
        "name": "Microthrusters",
        "text": "While you perform a barrel roll, you must use the [Bank Left] or [Bank Right] template instead of the [Straight] template."
      },
      "slots": [
        "Illicit",
        "Modification",
        "Sensor",
        "Torpedo"
      ],
      "artwork": "https://infinitearenas.com/xw2/images/artwork/pilots/blacksunenforcer.png",
      "standard": false,
      "extended": true,
      "epic": true
    },
    {
      "name": "Dalan Oberos",
      "caption": "Elite Bounty Hunter",
      "initiative": 4,
      "limited": 1,
      "cost": 10,
      "loadout": 6,
      "xws": "dalanoberos-starviperclassattackplatform",
      "ability": "After you fully execute a maneuver, you may gain 1 stress token to rotate your ship 90°.",
      "image": "https://infinitearenas.com/xw2/images/pilots/dalanoberos-starviperclassattackplatform.png",
      "shipAbility": {
        "name": "Microthrusters",
        "text": "While you perform a barrel roll, you must use the [Bank Left] or [Bank Right] template instead of the [Straight] template."
      },
      "slots": [
        "Illicit",
        "Modification",
        "Sensor",
        "Torpedo",
        "Talent"
      ],
      "artwork": "https://infinitearenas.com/xw2/images/artwork/pilots/dalanoberos-starviperclassattackplatform.png",
      "standard": false,
      "extended": true,
      "keywords": [
        "Bounty Hunter"
      ],
      "epic": true
    },
    {
      "name": "Guri",
      "caption": "Prince Xizor’s Bodyguard",
      "initiative": 5,
      "limited": 1,
      "cost": 13,
      "loadout": 11,
      "xws": "guri",
      "ability": "At the start of the Engagement Phase, if there is at least 1 enemy ship at range 0-1, you may gain 1 focus token.",
      "image": "https://infinitearenas.com/xw2/images/pilots/guri.png",
      "shipActions": [
        {
          "difficulty": "White",
          "type": "Calculate"
        },
        {
          "difficulty": "White",
          "type": "Lock"
        },
        {
          "difficulty": "White",
          "linked": {
            "difficulty": "Red",
            "type": "Calculate"
          },
          "type": "Barrel Roll"
        },
        {
          "difficulty": "White",
          "linked": {
            "difficulty": "Red",
            "type": "Calculate"
          },
          "type": "Boost"
        }
      ],
      "shipAbility": {
        "name": "Microthrusters",
        "text": "While you perform a barrel roll, you must use the [Bank Left] or [Bank Right] template instead of the [Straight] template."
      },
      "slots": [
        "Illicit",
        "Modification",
        "Sensor",
        "Torpedo",
        "Talent",
        "Title"
      ],
      "artwork": "https://infinitearenas.com/xw2/images/artwork/pilots/guri.png",
      "standard": false,
      "extended": true,
      "keywords": [
        "Droid"
      ],
      "epic": true
    },
    {
      "name": "Prince Xizor",
      "caption": "Black Sun Kingpin",
      "initiative": 4,
      "limited": 1,
      "cost": 12,
      "loadout": 12,
      "xws": "princexizor",
      "ability": "While you defend, after the Neutralize Results step, another friendly ship at range 0-1 and in the attack arc may suffer 1 [Hit] or [Critical Hit] damage. If it does, cancel 1 matching result.",
      "image": "https://infinitearenas.com/xw2/images/pilots/princexizor.png",
      "shipAbility": {
        "name": "Microthrusters",
        "text": "While you perform a barrel roll, you must use the [Bank Left] or [Bank Right] template instead of the [Straight] template."
      },
      "slots": [
        "Illicit",
        "Modification",
        "Sensor",
        "Torpedo",
        "Talent",
        "Title"
      ],
      "artwork": "https://infinitearenas.com/xw2/images/artwork/pilots/princexizor.png",
      "standard": false,
      "extended": true,
      "epic": true
    },
    {
      "name": "Prince Xizor",
      "initiative": 4,
      "limited": 1,
      "cost": 13,
      "loadout": 0,
      "xws": "princexizor-armedanddangerous",
      "ability": "When you perform an attack against a strained ship, you may remove 1 stress token.",
      "image": "https://infinitearenas.com/xw2xwa/images/quickbuilds/princexizor-armedanddangerous.png",
      "shipAbility": {
        "name": "Adaptive Microthrusters",
        "text": "While you perform a barrel roll, you may spend 1 [Charge] to use the [Bank Left] or [Bank Right] template instead of the [Straight] template."
      },
      "stats": [
        {
          "arc": "Front Arc",
          "type": "attack",
          "value": 3
        },
        {
          "type": "agility",
          "value": 3
        },
        {
          "type": "hull",
          "value": 4
        },
        {
          "type": "shields",
          "value": 2
        }
      ],
      "charges": {
        "value": 3,
        "recovers": 0
      },
      "standardLoadout": [
        "crimelord-armedanddangerous",
        "mandalorianoptics",
        "virago-armedanddangerous"
      ],
      "artwork": "https://infinitearenas.com/xw2/images/artwork/pilots/princexizor-armedanddangerous.png",
      "standard": true,
      "extended": true,
      "epic": true,
      "caption": "Armed and Dangerous",
      "slots": []
    }
  ]
}
