{
  "name": "YT-2400 Light Freighter",
  "xws": "yt2400lightfreighter",
  "size": "Large",
  "dial": [
    "1TW",
    "1BB",
    "1FB",
    "1NB",
    "1YW",
    "2TW",
    "2BW",
    "2FB",
    "2NW",
    "2YW",
    "3TW",
    "3BW",
    "3FW",
    "3NW",
    "3YW",
    "4FW",
    "4KR"
  ],
  "dialCodes": [
    "YT24"
  ],
  "faction": "rebelalliance",
  "stats": [
    {
      "arc": "Double Turret Arc",
      "type": "attack",
      "value": 3
    },
    {
      "type": "agility",
      "value": 2
    },
    {
      "type": "hull",
      "value": 6
    },
    {
      "type": "shields",
      "value": 4
    }
  ],
  "actions": [
    {
      "difficulty": "White",
      "type": "Focus"
    },
    {
      "difficulty": "White",
      "type": "Lock"
    },
    {
      "difficulty": "Red",
      "type": "Barrel Roll"
    },
    {
      "difficulty": "White",
      "type": "Rotate Arc"
    }
  ],
  "icon": "https://infinitearenas.com/xw2/images/shipicons/rebel-alliance/I_YT-2400.png",
  "pilots": [
    {
      "name": "“Leebo”",
      "caption": "Dry-Witted Droid",
      "initiative": 3,
      "limited": 1,
      "cost": 20,
      "loadout": 19,
      "xws": "leebo",
      "ability": "After you defend or perform an attack, if you spent a calculate token, gain 1 calculate token.",
      "image": "https://infinitearenas.com/xw2/images/pilots/leebo.png",
      "shipActions": [
        {
          "difficulty": "White",
          "type": "Calculate"
        },
        {
          "difficulty": "White",
          "type": "Lock"
        },
        {
          "difficulty": "Red",
          "type": "Barrel Roll"
        },
        {
          "difficulty": "White",
          "type": "Rotate Arc"
        }
      ],
      "shipAbility": {
        "name": "Sensor Blindspot",
        "text": "While you perform a primary attack at attack range 0-1, do not apply the range 0-1 bonus and roll 1 fewer attack die."
      },
      "shipStats": [
        {
          "arc": "Double Turret Arc",
          "type": "attack",
          "value": 4
        },
        {
          "type": "agility",
          "value": 2
        },
        {
          "type": "hull",
          "value": 6
        },
        {
          "type": "shields",
          "value": 4
        }
      ],
      "slots": [
        "Talent",
        "Crew",
        "Illicit",
        "Illicit",
        "Modification",
        "Missile"
      ],
      "artwork": "https://infinitearenas.com/xw2/images/artwork/pilots/leebo.png",
      "standard": false,
      "extended": true,
      "keywords": [
        "Droid",
        "Freighter"
      ],
      "epic": true
    },
    {
      "name": "Dash Rendar",
      "caption": "Hotshot Mercenary",
      "initiative": 5,
      "limited": 1,
      "cost": 20,
      "loadout": 20,
      "xws": "dashrendar",
      "ability": "While you move, you ignore obstacles.",
      "image": "https://infinitearenas.com/xw2/images/pilots/dashrendar.png",
      "shipAbility": {
        "name": "Sensor Blindspot",
        "text": "While you perform a primary attack at attack range 0-1, do not apply the range 0-1 bonus and roll 1 fewer attack die."
      },
      "shipStats": [
        {
          "arc": "Double Turret Arc",
          "type": "attack",
          "value": 4
        },
        {
          "type": "agility",
          "value": 2
        },
        {
          "type": "hull",
          "value": 6
        },
        {
          "type": "shields",
          "value": 4
        }
      ],
      "slots": [
        "Talent",
        "Crew",
        "Illicit",
        "Illicit",
        "Modification",
        "Missile"
      ],
      "artwork": "https://infinitearenas.com/xw2/images/artwork/pilots/dashrendar.png",
      "standard": false,
      "extended": true,
      "keywords": [
        "Freighter"
      ],
      "epic": true
    },
    {
      "name": "Wild Space Fringer",
      "initiative": 1,
      "limited": 0,
      "cost": 17,
      "loadout": 14,
      "xws": "wildspacefringer",
      "text": "Although stock YT-2400 light freighters have plenty of room for cargo, that space is often annexed to support modified weapon systems and oversized engines.",
      "image": "https://infinitearenas.com/xw2/images/pilots/wildspacefringer.png",
      "shipAbility": {
        "name": "Sensor Blindspot",
        "text": "While you perform a primary attack at attack range 0-1, do not apply the range 0-1 bonus and roll 1 fewer attack die."
      },
      "slots": [
        "Crew",
        "Illicit",
        "Illicit",
        "Modification",
        "Missile"
      ],
      "artwork": "https://infinitearenas.com/xw2/images/artwork/pilots/wildspacefringer.png",
      "standard": false,
      "extended": true,
      "keywords": [
        "Freighter"
      ],
      "epic": true
    },
    {
      "name": "“Leebo”",
      "caption": "Wisdom of Ages",
      "initiative": 3,
      "limited": 1,
      "cost": 17,
      "loadout": 10,
      "xws": "leebo-swz103-rebelalliance",
      "ability": "After you defend or perform an attack, if you spent a calculate token, gain 1 calculate token.",
      "shipActions": [
        {
          "difficulty": "White",
          "type": "Calculate"
        },
        {
          "difficulty": "White",
          "linked": {
            "difficulty": "Red",
            "type": "Rotate Arc"
          },
          "type": "Lock"
        },
        {
          "difficulty": "Red",
          "type": "Barrel Roll"
        },
        {
          "difficulty": "White",
          "type": "Rotate Arc"
        }
      ],
      "shipAbility": {
        "name": "Sensor Blackout",
        "text": "While you perform a primary attack at range 0-1, you roll 1 fewer attack die. While you defend at range 1, you roll 1 fewer defense die."
      },
      "slots": [
        "Talent",
        "Crew",
        "Illicit",
        "Illicit",
        "Modification",
        "Missile",
        "Title"
      ],
      "artwork": "",
      "image": "https://infinitearenas.com/xw2/images/pilots/leebo-wisdomofages.png",
      "standard": true,
      "extended": true,
      "keywords": [
        "Droid",
        "Freighter"
      ],
      "epic": true
    },
    {
      "name": "Dash Rendar",
      "caption": "Freighter for Hire",
      "initiative": 5,
      "limited": 1,
      "cost": 19,
      "loadout": 20,
      "xws": "dashrendar-swz103-rebelalliance",
      "ability": "During the Engagement Phase, you ignore the effects of obstacles that you are overlapping.",
      "shipAbility": {
        "name": "Sensor Blackout",
        "text": "While you perform a primary attack at range 0-1, you roll 1 fewer attack die. While you defend at range 1, you roll 1 fewer defense die."
      },
      "slots": [
        "Talent",
        "Crew",
        "Illicit",
        "Illicit",
        "Modification",
        "Missile",
        "Title"
      ],
      "artwork": "",
      "image": "https://infinitearenas.com/xw2/images/pilots/dashrendar-freighterforhire.png",
      "standard": true,
      "extended": true,
      "keywords": [
        "Freighter"
      ],
      "epic": true
    },
    {
      "name": "“Leebo”",
      "caption": "He Thinks He's Funny",
      "initiative": 3,
      "limited": 1,
      "cost": 16,
      "xws": "leebo-swz103-sl-rebelalliance",
      "ability": "At the end of the Engagement Phase, you may spend a calculate token to acquire a lock on an enemy ship at range 2-3.",
      "shipActions": [
        {
          "difficulty": "White",
          "type": "Calculate"
        },
        {
          "difficulty": "White",
          "linked": {
            "difficulty": "Red",
            "type": "Rotate Arc"
          },
          "type": "Lock"
        },
        {
          "difficulty": "Red",
          "type": "Barrel Roll"
        },
        {
          "difficulty": "White",
          "type": "Rotate Arc"
        }
      ],
      "shipAbility": {
        "name": "Sensor Blackout",
        "text": "While you perform a primary attack at range 0-1, you roll 1 fewer attack die. While you defend at range 1, you roll 1 fewer defense die."
      },
      "standardLoadout": [
        "efficientprocessing-swz103",
        "seekermissiles-swz103",
        "outrider"
      ],
      "artwork": "https://infinitearenas.com/xw2/images/artwork/pilots/leebo.png",
      "image": "https://infinitearenas.com/xw2/images/quickbuilds/leebo-hethinkshesfunny-rebelalliance.png",
      "standard": true,
      "extended": true,
      "keywords": [
        "Droid",
        "Freighter"
      ],
      "epic": true,
      "loadout": 0,
      "slots": []
    },
    {
      "name": "Dash Rendar",
      "caption": "In it for Himself",
      "initiative": 5,
      "limited": 1,
      "cost": 17,
      "xws": "dashrendar-swz103-sl-rebelalliance",
      "ability": "After you gain a red token as a result of moving through or overlapping an obstacle, you may transfer that red token to a friendly ship at range 0-1.",
      "shipAbility": {
        "name": "Sensor Blackout",
        "text": "While you perform a primary attack at range 0-1, you roll 1 fewer attack die. While you defend at range 1, you roll 1 fewer defense die."
      },
      "standardLoadout": [
        "mercenary-swz103",
        "seekermissiles-swz103",
        "leebo-swz103",
        "outrider"
      ],
      "artwork": "https://infinitearenas.com/xw2/images/artwork/pilots/dashrendar.png",
      "image": "https://infinitearenas.com/xw2/images/quickbuilds/dashrendar-initforhimself-rebelalliance.png",
      "standard": true,
      "extended": true,
      "keywords": [
        "Droid",
        "Freighter"
      ],
      "epic": true,
      "loadout": 0,
      "slots": []
    }
  ]
}
