[
  {
    "name": "Adaptive Shields",
    "limited": 0,
    "xws": "adaptiveshields",
    "standard": false,
    "extended": false,
    "epic": true,
    "sides": [
      {
        "ability": "While another friendly ship at range 0-1 defends, if it is a smaller size than you, you may spend 1 [Shield] or 2 [Energy] to cancel 1 [Hit] or [Critical Hit] result.",
        "title": "Adaptive Shields",
        "type": "Cargo",
        "slots": [
          "Cargo"
        ],
        "artwork": "https://infinitearenas.com/xw2/images/artwork/upgrades/adaptiveshields.png",
        "image": "https://infinitearenas.com/xw2/images/upgrades/adaptiveshields.png"
      }
    ],
    "cost": {
      "value": 5
    }
  },
  {
    "name": "Boosted Scanners",
    "limited": 0,
    "xws": "boostedscanners",
    "standard": false,
    "extended": false,
    "epic": true,
    "sides": [
      {
        "ability": "While you lock, coordinate, or jam, you may spend up to 3 [Energy] to increase the range at which you can choose an object by 1 per [Energy] spent this way, to a maximum of range 5.",
        "title": "Boosted Scanners",
        "type": "Cargo",
        "slots": [
          "Cargo"
        ],
        "artwork": "https://infinitearenas.com/xw2/images/artwork/upgrades/boostedscanners.png",
        "image": "https://infinitearenas.com/xw2/images/upgrades/boostedscanners.png"
      }
    ],
    "cost": {
      "value": 7
    }
  },
  {
    "name": "Optimized Power Core",
    "limited": 0,
    "xws": "optimizedpowercore",
    "standard": false,
    "extended": false,
    "epic": true,
    "sides": [
      {
        "ability": "After you execute a blue maneuver, recover 1 [Energy].",
        "title": "Optimized Power Core",
        "type": "Cargo",
        "slots": [
          "Cargo"
        ],
        "artwork": "https://infinitearenas.com/xw2/images/artwork/upgrades/optimizedpowercore.png",
        "image": "https://infinitearenas.com/xw2/images/upgrades/optimizedpowercore.png"
      }
    ],
    "cost": {
      "value": 6
    }
  },
  {
    "name": "Tibanna Reserves",
    "limited": 0,
    "xws": "tibannareserves",
    "standard": false,
    "extended": false,
    "epic": true,
    "sides": [
      {
        "ability": "Action: Spend 1 [Charge] to recover 2 [Energy].",
        "title": "Tibanna Reserves",
        "type": "Cargo",
        "slots": [
          "Cargo"
        ],
        "charges": {
          "value": 3,
          "recovers": 0
        },
        "artwork": "https://infinitearenas.com/xw2/images/artwork/upgrades/tibannareserves.png",
        "image": "https://infinitearenas.com/xw2/images/upgrades/tibannareserves.png"
      }
    ],
    "cost": {
      "value": 3
    }
  },
  {
    "name": "Illegal Countermeasures",
    "limited": 0,
    "xws": "illegalcountermeasures-epicsl",
    "standard": false,
    "extended": false,
    "epic": true,
    "standardLoadoutOnly": true,
    "sides": [
      {
        "ability": "While you or a ship you are locking at range 0-3 defends or performs an attack, you may spend 1 [Energy] to prevent range bonuses from being applied.",
        "title": "Illegal Countermeasures",
        "type": "Cargo",
        "slots": [
          "Cargo"
        ]
      }
    ]
  },
  {
    "name": "Secret Provisions",
    "limited": 0,
    "xws": "secretprovisions-epicsl",
    "standard": false,
    "extended": false,
    "epic": true,
    "standardLoadoutOnly": true,
    "sides": [
      {
        "ability": "During the End Phase, if you are at range 1-3 of the opponent's board edge, you may spend 1 [Charge] to gain 2 [Point Large].",
        "title": "Secret Provisions",
        "type": "Cargo",
        "slots": [
          "Cargo"
        ],
        "charges": {
          "value": 3,
          "recovers": 0
        }
      }
    ]
  },
  {
    "name": "Endless Hordes",
    "limited": 0,
    "xws": "endlesshordes-epicsl",
    "standard": false,
    "extended": false,
    "epic": true,
    "standardLoadoutOnly": true,
    "sides": [
      {
        "ability": "Before a friendly ship with the Contingency Protocol upgrade or a friendly Trade Federation Drone at range 0-3 would be removed from play, you may spend 1 [Charge] to restore that ship, remove any Command upgrade from it, and dock it.",
        "title": "Endless Hordes",
        "type": "Cargo",
        "slots": [
          "Cargo"
        ],
        "charges": {
          "value": 1,
          "recovers": 1
        }
      }
    ]
  }
]
