[
  {
    "name": "Agent of the Empire",
    "limited": 1,
    "xws": "agentoftheempire",
    "standard": false,
    "extended": false,
    "epic": true,
    "sides": [
      {
        "ability": "You are a wing leader. Your wingmates must be 2, 3, 4, or 5 TIE/ln fighters. While you defend, up to 2 of your wingmates in the attack arc may suffer 1 [Hit] or [Critical Hit] damage to cancel a matching result.",
        "title": "Agent of the Empire",
        "type": "Command",
        "slots": [
          "Command"
        ],
        "artwork": "https://infinitearenas.com/xw2/images/artwork/upgrades/agentoftheempire.png",
        "image": "https://infinitearenas.com/xw2/images/upgrades/agentoftheempire.png"
      }
    ],
    "cost": {
      "value": 4
    }
  },
  {
    "name": "Dreadnought Hunter",
    "limited": 2,
    "xws": "dreadnoughthunter",
    "standard": false,
    "extended": false,
    "epic": true,
    "sides": [
      {
        "ability": "While you perform an attack against a huge ship, if the attack deals a faceup damage card to the defender and the defender is in your [Bullseye Arc], you may apply the Precision Shot effect even if you are not in the specified arc.",
        "title": "Dreadnought Hunter",
        "type": "Command",
        "slots": [
          "Command"
        ],
        "artwork": "https://infinitearenas.com/xw2/images/artwork/upgrades/dreadnoughthunter.png",
        "image": "https://infinitearenas.com/xw2/images/upgrades/dreadnoughthunter.png"
      }
    ],
    "cost": {
      "value": 3
    }
  },
  {
    "name": "First Order Elite",
    "limited": 1,
    "xws": "firstorderelite",
    "standard": false,
    "extended": false,
    "epic": true,
    "sides": [
      {
        "ability": "You are a wing leader. Your wingmates must be 2 or 3 TIE/fo fighters or TIE/sf fighters. While you defend, up to 2 of your wingmates in the attack arc may suffer 1 [Hit] or [Critical Hit] damage to cancel a matching result.",
        "title": "First Order Elite",
        "type": "Command",
        "slots": [
          "Command"
        ],
        "artwork": "https://infinitearenas.com/xw2/images/artwork/upgrades/firstorderelite.png",
        "image": "https://infinitearenas.com/xw2/images/upgrades/firstorderelite.png"
      }
    ],
    "cost": {
      "value": 4
    }
  },
  {
    "name": "Veteran Wing Leader",
    "limited": 0,
    "xws": "veteranwingleader",
    "standard": false,
    "extended": false,
    "epic": true,
    "sides": [
      {
        "ability": "You are a wing leader. Your wingmates must be 2, 3, 4, or 5 other ships of your ship type. While you defend, up to 2 of your wingmates in the attack arc may suffer 1 [Hit] or [Critical Hit] damage to cancel a matching result.",
        "title": "Veteran Wing Leader",
        "type": "Command",
        "slots": [
          "Command"
        ],
        "artwork": "https://infinitearenas.com/xw2/images/artwork/upgrades/veteranwingleader.png",
        "image": "https://infinitearenas.com/xw2/images/upgrades/veteranwingleader.png"
      }
    ],
    "cost": {
      "value": 2
    }
  },
  {
    "name": "Admiral Ozzel",
    "limited": 1,
    "xws": "admiralozzel",
    "standard": false,
    "extended": false,
    "epic": true,
    "sides": [
      {
        "ability": "While a friendly large or huge ship at range 0-3 executes a maneuver, it may suffer 1 [Hit] damage to execute a maneuver of the same bearing and difficulty of a speed 1 higher or lower instead.",
        "title": "Admiral Ozzel",
        "type": "Command",
        "slots": [
          "Command",
          "Crew"
        ],
        "artwork": "https://infinitearenas.com/xw2/images/artwork/upgrades/admiralozzel.png",
        "image": "https://infinitearenas.com/xw2/images/upgrades/admiralozzel.png"
      }
    ],
    "cost": {
      "value": 6
    }
  },
  {
    "name": "Azmorigan",
    "limited": 1,
    "xws": "azmorigan",
    "standard": false,
    "extended": false,
    "epic": true,
    "sides": [
      {
        "ability": "During the End Phase, you may choose up to 2 friendly ships at range 0-1. If you do, each of these ships does not remove 1 calculate or evade token.",
        "title": "Azmorigan",
        "type": "Command",
        "slots": [
          "Command",
          "Crew"
        ],
        "artwork": "https://infinitearenas.com/xw2/images/artwork/upgrades/azmorigan.png",
        "image": "https://infinitearenas.com/xw2/images/upgrades/azmorigan.png"
      }
    ],
    "cost": {
      "value": 4
    }
  },
  {
    "name": "Captain Needa",
    "limited": 1,
    "xws": "captainneeda",
    "standard": false,
    "extended": false,
    "epic": true,
    "sides": [
      {
        "ability": "After a friendly ship at range 0-4 reveals its dial, you may spend 1 [Charge]. If you do, it sets its dial to another maneuver of the same difficulty and speed.",
        "title": "Captain Needa",
        "type": "Command",
        "slots": [
          "Command",
          "Crew"
        ],
        "charges": {
          "value": 4,
          "recovers": 0
        },
        "artwork": "https://infinitearenas.com/xw2/images/artwork/upgrades/captainneeda.png",
        "image": "https://infinitearenas.com/xw2/images/upgrades/captainneeda.png"
      }
    ],
    "cost": {
      "value": 8
    }
  },
  {
    "name": "Carlist Rieekan",
    "limited": 1,
    "xws": "carlistrieekan",
    "standard": false,
    "extended": false,
    "epic": true,
    "sides": [
      {
        "ability": "After a friendly ship at range 0-2 is destroyed, you may choose a friendly ship at range 0-2. If you do, it may perform a red [Evade] action.",
        "title": "Carlist Rieekan",
        "type": "Command",
        "slots": [
          "Command",
          "Crew"
        ],
        "grants": [
          {
            "type": "action",
            "value": {
              "type": "Evade",
              "difficulty": "Red"
            }
          }
        ],
        "artwork": "https://infinitearenas.com/xw2/images/artwork/upgrades/carlistrieekan.png",
        "image": "https://infinitearenas.com/xw2/images/upgrades/carlistrieekan.png"
      }
    ],
    "cost": {
      "value": 4
    }
  },
  {
    "name": "Jan Dodonna",
    "limited": 1,
    "xws": "jandodonna",
    "standard": false,
    "extended": false,
    "epic": true,
    "sides": [
      {
        "ability": "Friendly ships at range 0-3 can spend your focus and evade tokens.",
        "title": "Jan Dodonna",
        "type": "Command",
        "slots": [
          "Command",
          "Crew"
        ],
        "artwork": "https://infinitearenas.com/xw2/images/artwork/upgrades/jandodonna.png",
        "image": "https://infinitearenas.com/xw2/images/upgrades/jandodonna.png"
      }
    ],
    "cost": {
      "value": 3
    }
  },
  {
    "name": "Raymus Antilles",
    "limited": 1,
    "xws": "raymusantilles",
    "standard": false,
    "extended": false,
    "epic": true,
    "sides": [
      {
        "ability": "After you are destroyed, each friendly ship at range 0-1 gains 1 focus token. After you are destroyed, you are not removed until the end of the End Phase.",
        "title": "Raymus Antilles",
        "type": "Command",
        "slots": [
          "Command",
          "Crew"
        ],
        "artwork": "https://infinitearenas.com/xw2/images/artwork/upgrades/raymusantilles.png",
        "image": "https://infinitearenas.com/xw2/images/upgrades/raymusantilles.png"
      }
    ],
    "cost": {
      "value": 8
    }
  },
  {
    "name": "Stalwart Captain",
    "limited": 1,
    "xws": "stalwartcaptain",
    "standard": false,
    "extended": false,
    "epic": true,
    "sides": [
      {
        "ability": "After you are destroyed, you are not removed until the end of the End Phase.",
        "title": "Stalwart Captain",
        "type": "Command",
        "slots": [
          "Command",
          "Crew"
        ],
        "artwork": "https://infinitearenas.com/xw2/images/artwork/upgrades/stalwartcaptain.png",
        "image": "https://infinitearenas.com/xw2/images/upgrades/stalwartcaptain.png"
      }
    ],
    "cost": {
      "value": 6
    },
    "restrictions": [
      {
        "sizes": [
          "Huge"
        ]
      }
    ]
  },
  {
    "name": "Strategic Commander",
    "limited": 1,
    "xws": "strategiccommander",
    "standard": false,
    "extended": false,
    "epic": true,
    "sides": [
      {
        "ability": "After a friendly ship at range 0-4 reveals its dial, you may spend 1 [Charge]. If you do, it sets its dial to another maneuver of the same difficulty and speed.",
        "title": "Strategic Commander",
        "type": "Command",
        "slots": [
          "Command",
          "Crew"
        ],
        "charges": {
          "value": 3,
          "recovers": 0
        },
        "artwork": "https://infinitearenas.com/xw2/images/artwork/upgrades/strategiccommander.png",
        "image": "https://infinitearenas.com/xw2/images/upgrades/strategiccommander.png"
      }
    ],
    "cost": {
      "value": 6
    },
    "restrictions": [
      {
        "sizes": [
          "Huge"
        ]
      }
    ]
  },
  {
    "name": "Jedi Commander",
    "limited": 0,
    "xws": "jedicommander",
    "standard": false,
    "extended": false,
    "epic": true,
    "sides": [
      {
        "ability": "Setup: Equip this side faceup. You are a wing leader. Your wingmates must be 2-5 V-19 Torrents or 2-5 Nimbus-class V-wings. After you are placed, flip this card.",
        "title": "Jedi Commander",
        "type": "Command",
        "slots": [
          "Command"
        ],
        "artwork": "https://infinitearenas.com/xw2/images/artwork/upgrades/jedicommander.png",
        "image": "https://infinitearenas.com/xw2/images/upgrades/jedicommander.png"
      },
      {
        "ability": "While your wingmates execute purple maneuvers, they treat those maneuvers as red, instead. While you defend, up to 2 of your wingmates in the attack arc may each suffer 1 [Hit]/[Critical Hit] damage to cancel 1 matching result.",
        "title": "Jedi Commander",
        "type": "Command",
        "slots": [
          "Command"
        ],
        "artwork": "https://infinitearenas.com/xw2/images/artwork/upgrades/jedicommander-sideb.png",
        "image": "https://infinitearenas.com/xw2/images/upgrades/jedicommander-sideb.png"
      }
    ],
    "cost": {
      "value": 4
    },
    "restrictions": [
      {
        "factions": [
          "galacticrepublic"
        ]
      },
      {
        "ships": [
          "delta7aethersprite",
          "eta2actis"
        ]
      }
    ]
  },
  {
    "name": "B6 Blade Wing Prototype",
    "limited": 1,
    "xws": "b6bladewingprototype-command",
    "standard": false,
    "extended": false,
    "epic": true,
    "sides": [
      {
        "ability": "Add [Gunner] slot. Attack ([Lock]): Gain 1 ion token to perform this attack. If this attack hits, the defender suffers 1 additional [Hit]/[Critical Hit] damage for each matching uncanceled result after the first.",
        "title": "B6 Blade Wing Prototype",
        "type": "Command",
        "slots": [
          "Command",
          "Title"
        ],
        "artwork": "https://infinitearenas.com/xw2/images/artwork/upgrades/b6bladewingprototype-command.png",
        "image": "https://infinitearenas.com/xw2/images/upgrades/b6bladewingprototype-command.png"
      }
    ],
    "cost": {
      "value": 4
    },
    "restrictions": [
      {
        "factions": [
          "rebelalliance"
        ]
      },
      {
        "ships": [
          "asf01bwing"
        ]
      }
    ]
  },
  {
    "name": "Bounty",
    "limited": 0,
    "xws": "bounty",
    "standard": false,
    "extended": false,
    "epic": true,
    "sides": [
      {
        "ability": "Setup: Equip this side faceup. You can be included in Separatist, Imperial, and First Order squads. After you perform an attack, if the defender was a limited ship and was destroyed, you may recover 1 [Charge] on your ship card and each of your upgrade cards. Then flip this card.",
        "title": "Bounty (Hired)",
        "type": "Command",
        "slots": [
          "Command"
        ],
        "artwork": "https://infinitearenas.com/xw2/images/artwork/upgrades/bounty.png",
        "image": "https://infinitearenas.com/xw2/images/upgrades/bounty.png"
      },
      {
        "text": "Bounty hunting is a complicated profession. Any assassin can kill, but the best hunters are renowned for their ability to bring a mark in alive, as doing so is more difficult but invariably commands a much greater reward.",
        "title": "Bounty (Paid)",
        "type": "Command",
        "slots": [
          "Command"
        ],
        "artwork": "https://infinitearenas.com/xw2/images/artwork/upgrades/bounty-sideb.png",
        "image": "https://infinitearenas.com/xw2/images/upgrades/bounty-sideb.png"
      }
    ],
    "cost": {
      "value": 1
    }
  },
  {
    "name": "Phoenix Squadron",
    "limited": 1,
    "xws": "phoenixsquadron",
    "standard": false,
    "extended": false,
    "epic": true,
    "sides": [
      {
        "ability": "Setup: Equip this side faceup. You are a wing leader. Your wingmates must be 2-5 of the following: 0-1 Attack Shuttle 0-1 Sheathipede-class Shuttle 0-5 RZ-1 A-wings After you are placed, flip this card.",
        "title": "Phoenix Squadron",
        "type": "Command",
        "slots": [
          "Command"
        ],
        "artwork": "https://infinitearenas.com/xw2/images/artwork/upgrades/phoenixsquadron.png",
        "image": "https://infinitearenas.com/xw2/images/upgrades/phoenixsquadron.png"
      },
      {
        "ability": "At the start of the Planning Phase, 1 of your wingmates that is docked with you may join your wing without gaining a stress token. While you or your Attack Shuttle wingmate or Sheathipede-class wingmate defends, up to 2 of your RZ-1 A-wing wingmates in the attack arc may each suffer 1 [Hit]/[Critical Hit] damage to cancel 1 matching result.",
        "title": "Phoenix Squadron",
        "type": "Command",
        "slots": [
          "Command"
        ],
        "artwork": "https://infinitearenas.com/xw2/images/artwork/upgrades/phoenixsquadron-sideb.png",
        "image": "https://infinitearenas.com/xw2/images/upgrades/phoenixsquadron-sideb.png"
      }
    ],
    "cost": {
      "value": 4
    }
  },
  {
    "name": "Shadow Wing",
    "limited": 1,
    "xws": "shadowwing",
    "standard": false,
    "extended": false,
    "epic": true,
    "sides": [
      {
        "ability": "Setup: Equip this side faceup. You are a wing leader. Your wingmates must be 2-5 other ships of your type. After you are placed, flip this card.",
        "title": "Shadow Wing",
        "type": "Command",
        "slots": [
          "Command"
        ],
        "artwork": "https://infinitearenas.com/xw2/images/artwork/upgrades/shadowwing.png",
        "image": "https://infinitearenas.com/xw2/images/upgrades/shadowwing.png"
      },
      {
        "ability": "Your wingmates can perform [Barrel Roll] or [Boost] actions. If they do, they voluntarily split from the wing. While you defend, up to 2 of your wingmates in the attack arc may each suffer 1 [Hit]/[Critical Hit] damage to cancel 1 matching result.",
        "title": "Shadow Wing",
        "type": "Command",
        "slots": [
          "Command"
        ],
        "artwork": "https://infinitearenas.com/xw2/images/artwork/upgrades/shadowwing-sideb.png",
        "image": "https://infinitearenas.com/xw2/images/upgrades/shadowwing-sideb.png"
      }
    ],
    "cost": {
      "value": 4
    }
  },
  {
    "name": "Skystrike Academy Class",
    "limited": 2,
    "xws": "skystrikeacademyclass",
    "standard": false,
    "extended": false,
    "epic": true,
    "sides": [
      {
        "ability": "Setup: Equip this side faceup. You are a wing leader. Your wingmates must be 2-5 TIE/ln Fighters with initiative lower than yours. After you are placed, flip this card.",
        "title": "Skystrike Academy Class",
        "type": "Command",
        "slots": [
          "Command"
        ],
        "artwork": "https://infinitearenas.com/xw2/images/artwork/upgrades/skystrikeacademyclass.png",
        "image": "https://infinitearenas.com/xw2/images/upgrades/skystrikeacademyclass.png"
      },
      {
        "ability": "After you barrel roll or boost, each of your wingmates is forced to split from the wing. While you defend, up to 5 of your wingmates in the attack arc may each suffer 1 [Hit]/[Critical Hit] damage to cancel 1 matching result.",
        "title": "Skystrike Academy Class",
        "type": "Command",
        "slots": [
          "Command"
        ],
        "artwork": "https://infinitearenas.com/xw2/images/artwork/upgrades/skystrikeacademyclass-sideb.png",
        "image": "https://infinitearenas.com/xw2/images/upgrades/skystrikeacademyclass-sideb.png"
      }
    ],
    "cost": {
      "value": 3
    }
  },
  {
    "name": "In It For The Money/Rebellion",
    "limited": 0,
    "xws": "initforthemoneyrebellion",
    "standard": false,
    "extended": false,
    "epic": true,
    "sides": [
      {
        "ability": "Setup: Equip this side faceup. You can be included in Republic, Rebel, and Resistance squads. After an allied limited ship in your squad is destroyed, gain 1 focus token and flip this card.",
        "title": "In It For The Money",
        "type": "Command",
        "slots": [
          "Command"
        ],
        "artwork": "https://infinitearenas.com/xw2/images/artwork/upgrades/initforthemoneyrebellion.png",
        "image": "https://infinitearenas.com/xw2/images/upgrades/initforthemoneyrebellion.png"
      },
      {
        "ability": "Non-Scum ships in your squad are treated as friendly instead of allied.",
        "title": "In It For Your Rebellion",
        "type": "Command",
        "slots": [
          "Command"
        ],
        "artwork": "https://infinitearenas.com/xw2/images/artwork/upgrades/initforthemoneyrebellion-sideb.png",
        "image": "https://infinitearenas.com/xw2/images/upgrades/initforthemoneyrebellion-sideb.png"
      }
    ],
    "cost": {
      "value": 1
    },
    "restrictions": [
      {
        "factions": [
          "scumandvillainy"
        ]
      },
      {
        "standardized": true
      },
      {
        "non-limited": false
      }
    ]
  },
  {
    "name": "Mar Tuuk",
    "limited": 1,
    "xws": "martuuk",
    "standard": false,
    "extended": false,
    "epic": true,
    "sides": [
      {
        "ability": "Setup: After placing forces, choose 1 friendly wing of ships with [Calculate] on their action bars and place that wing in reserve. During the End Phase, you may place that wing within your deployment area or beyond range 2 of any enemy shp. Then you may choose 1 enemy ship at range 0-1 of you; each ship in that wing acquires a lock on it.",
        "title": "Mar Tuuk",
        "type": "Command",
        "slots": [
          "Command",
          "Crew"
        ],
        "artwork": "https://infinitearenas.com/xw2/images/artwork/upgrades/martuuk.png",
        "image": "https://infinitearenas.com/xw2/images/upgrades/martuuk.png"
      }
    ],
    "cost": {
      "value": 4
    },
    "restrictions": [
      {
        "factions": [
          "separatistalliance"
        ]
      },
      {
        "sizes": [
          "Huge"
        ]
      }
    ]
  },
  {
    "name": "Riff Tamson",
    "limited": 1,
    "xws": "rifftamson",
    "standard": false,
    "extended": false,
    "epic": true,
    "sides": [
      {
        "ability": "During the Engagement Phase, at initiative 5, you may spend 1 [Energy] to perform a bonus [Hardpoint] attack. After you perform an attack, if the defender was dealt 1 or more faceup damage cards, it gains 2 strain tokens.",
        "title": "Riff Tamson",
        "type": "Command",
        "slots": [
          "Command",
          "Crew"
        ],
        "artwork": "https://infinitearenas.com/xw2/images/artwork/upgrades/rifftamson.png",
        "image": "https://infinitearenas.com/xw2/images/upgrades/rifftamson.png"
      }
    ],
    "cost": {
      "value": 6
    },
    "restrictions": [
      {
        "factions": [
          "separatistalliance"
        ]
      },
      {
        "sizes": [
          "Huge"
        ]
      }
    ]
  },
  {
    "name": "Asajj Ventress",
    "limited": 1,
    "xws": "asajjventresscommand",
    "standard": false,
    "extended": false,
    "epic": true,
    "sides": [
      {
        "ability": "During the System Phase, you may spend 1 [Force]. IF you do, each enemy ship in your [Front Arc] at range 0-1 gains 1 strain token unless it chooses to gain 1 jam token.",
        "title": "Asajj Ventress",
        "type": "Command",
        "slots": [
          "Command",
          "Crew"
        ],
        "grants": [
          {
            "type": "action",
            "value": {
              "type": "Focus",
              "difficulty": "White",
              "linked": {
                "type": "Coordinate",
                "difficulty": "Purple"
              }
            }
          },
          {
            "type": "force",
            "value": {
              "side": [
                "dark"
              ]
            },
            "amount": 1
          }
        ],
        "artwork": "https://infinitearenas.com/xw2/images/artwork/upgrades/asajjventresscommand.png",
        "image": "https://infinitearenas.com/xw2/images/upgrades/asajjventresscommand.png"
      }
    ],
    "cost": {
      "value": 6
    },
    "restrictions": [
      {
        "factions": [
          "separatistalliance",
          "scumandvillainy"
        ]
      },
      {
        "sizes": [
          "Huge"
        ]
      }
    ]
  },
  {
    "name": "Zealous Captain",
    "limited": 1,
    "xws": "zealouscaptain",
    "standard": false,
    "extended": false,
    "epic": true,
    "sides": [
      {
        "ability": "During the Engagement Phase, at initiative 4, you may spend 1 [Energy] to perform a bonus [Hardpoint] attack.",
        "title": "Zealous Captain",
        "type": "Command",
        "slots": [
          "Command",
          "Crew"
        ],
        "artwork": "https://infinitearenas.com/xw2/images/artwork/upgrades/zealouscaptain.png",
        "image": "https://infinitearenas.com/xw2/images/upgrades/zealouscaptain.png"
      }
    ],
    "cost": {
      "value": 4
    },
    "restrictions": [
      {
        "sizes": [
          "Huge"
        ]
      }
    ]
  },
  {
    "name": "Hondo Ohnaka",
    "limited": 1,
    "xws": "hondoohnakacommand",
    "standard": false,
    "extended": false,
    "epic": true,
    "sides": [
      {
        "ability": "During the System Phase, you may spend 1 [Charge] and choose 1 friendly ship at range 0-1. Move 1 Victory Token or Objective Token from its ship card to your ship card, or from your ship card to its ship card.",
        "charges": {
          "value": 2,
          "recovers": 0
        },
        "title": "Hondo Ohnaka",
        "type": "Command",
        "slots": [
          "Command",
          "Crew"
        ],
        "grants": [
          {
            "type": "action",
            "value": {
              "type": "Coordinate",
              "difficulty": "White",
              "linked": {
                "type": "Jam",
                "difficulty": "Red"
              }
            }
          }
        ],
        "artwork": "https://infinitearenas.com/xw2/images/artwork/upgrades/hondoohnakacommand.png",
        "image": "https://infinitearenas.com/xw2/images/upgrades/hondoohnakacommand.png"
      }
    ],
    "cost": {
      "value": 7
    },
    "restrictions": [
      {
        "sizes": [
          "Huge"
        ]
      }
    ]
  },
  {
    "name": "General Grievous",
    "limited": 1,
    "xws": "generalgrievouscommand",
    "standard": false,
    "extended": false,
    "epic": true,
    "sides": [
      {
        "ability": "During the Engagement Phase, at initiative 4, you may spend 1 [Energy] to perform a bonus [Hardpoint] attack. You can perform attacks against friendly ships. After you perform an attack, if the defender was destroyed, each friendly ship at range 0-2 of it may perform a [Calculate] action.",
        "title": "General Grievous",
        "type": "Command",
        "slots": [
          "Command",
          "Crew"
        ],
        "artwork": "https://infinitearenas.com/xw2/images/artwork/upgrades/generalgrievouscommand.png",
        "image": "https://infinitearenas.com/xw2/images/upgrades/generalgrievouscommand.png"
      }
    ],
    "cost": {
      "value": 5
    },
    "restrictions": [
      {
        "factions": [
          "separatistalliance"
        ]
      },
      {
        "sizes": [
          "Huge"
        ]
      }
    ]
  },
  {
    "name": "Combat Boarding Tube",
    "limited": 0,
    "xws": "combatboardingtube",
    "standard": false,
    "extended": false,
    "epic": true,
    "sides": [
      {
        "ability": "During the System Phase, if you would drop a [Crew] remote and there is an enemy medium, large, or huge ship at range 0-1 in your [Rear Arc], you may place that device in the play area in your [Rear Arc] at range 0-1 so that it is at range 0 of that enemy ship instead. Then, that enemy ship gains 1 deplete, strain, or stress token of your choice.",
        "title": "Combat Boarding Tube",
        "type": "Command",
        "slots": [
          "Command",
          "Configuration"
        ],
        "artwork": "https://infinitearenas.com/xw2/images/artwork/upgrades/combatboardingtube.png",
        "image": "https://infinitearenas.com/xw2/images/upgrades/combatboardingtube.png"
      }
    ],
    "cost": {
      "value": 0
    },
    "restrictions": [
      {
        "ships": [
          "gauntletfighter"
        ]
      }
    ]
  },
  {
    "name": "Sabine Wren",
    "limited": 1,
    "xws": "sabinewren-command",
    "standard": false,
    "extended": false,
    "epic": true,
    "sides": [
      {
        "ability": "Setup: Before placing forces, assign the <span class='keyword'>Trials of the Darksaber</span> condition to yourself.<br>While you perform a [Coordinate] action, you may coordinate 1 additional friendly ship.",
        "title": "Sabine Wren",
        "type": "Command",
        "slots": [
          "Command",
          "Crew"
        ],
        "grants": [
          {
            "type": "action",
            "value": {
              "type": "Coordinate",
              "difficulty": "Red"
            }
          }
        ],
        "artwork": "https://infinitearenas.com/xw2/images/artwork/upgrades/sabinewren-command.png",
        "image": "https://infinitearenas.com/xw2/images/upgrades/sabinewren-command.png"
      }
    ],
    "cost": {
      "value": "5"
    },
    "restrictions": [
      {
        "factions": [
          "rebelalliance"
        ]
      },
      {
        "sizes": [
          "Small",
          "Medium",
          "Large"
        ]
      }
    ]
  }
]
