[
  {
    "name": "Bombardment Specialists",
    "limited": 0,
    "xws": "bombardmentspecialists",
    "standard": false,
    "extended": false,
    "epic": true,
    "sides": [
      {
        "ability": "While you perform an attack, you may spend 1 calculate token to increase or decrease the range requirement by 1, to a limit of 0-5.",
        "title": "Bombardment Specialists",
        "type": "Team",
        "slots": [
          "Team"
        ],
        "grants": [
          {
            "type": "action",
            "value": {
              "type": "Lock",
              "difficulty": "White",
              "linked": {
                "type": "Calculate",
                "difficulty": "White"
              }
            }
          }
        ],
        "artwork": "https://infinitearenas.com/xw2/images/artwork/upgrades/bombardmentspecialists.png",
        "image": "https://infinitearenas.com/xw2/images/upgrades/bombardmentspecialists.png"
      }
    ],
    "cost": {
      "value": 6
    }
  },
  {
    "name": "Comms Team",
    "limited": 0,
    "xws": "commsteam",
    "standard": false,
    "extended": false,
    "epic": true,
    "sides": [
      {
        "ability": "After you perform a [Coordinate] action, you may spend up to 2 [Energy] to coordinate that many additional ships at range 0-1 of the ship you coordinated.",
        "title": "Comms Team",
        "type": "Team",
        "slots": [
          "Team"
        ],
        "grants": [
          {
            "type": "action",
            "value": {
              "type": "Coordinate",
              "difficulty": "White",
              "linked": {
                "type": "Calculate",
                "difficulty": "White"
              }
            }
          },
          {
            "type": "action",
            "value": {
              "type": "Jam",
              "difficulty": "White",
              "linked": {
                "type": "Calculate",
                "difficulty": "White"
              }
            }
          }
        ],
        "artwork": "https://infinitearenas.com/xw2/images/artwork/upgrades/commsteam.png",
        "image": "https://infinitearenas.com/xw2/images/upgrades/commsteam.png"
      }
    ],
    "cost": {
      "value": 7
    }
  },
  {
    "name": "Damage Control Team",
    "limited": 0,
    "xws": "damagecontrolteam",
    "standard": false,
    "extended": false,
    "epic": true,
    "sides": [
      {
        "ability": "Before you engage, you may spend 1 or more [Energy] to flip that many of your Offline upgrade cards. Action: Spend 1 or more [Energy] to repair that many of your faceup Ship damage cards.",
        "title": "Damage Control Team",
        "type": "Team",
        "slots": [
          "Team"
        ],
        "grants": [
          {
            "type": "action",
            "value": {
              "type": "Reinforce",
              "difficulty": "White",
              "linked": {
                "type": "Calculate",
                "difficulty": "White"
              }
            }
          }
        ],
        "artwork": "https://infinitearenas.com/xw2/images/artwork/upgrades/damagecontrolteam.png",
        "image": "https://infinitearenas.com/xw2/images/upgrades/damagecontrolteam.png"
      }
    ],
    "cost": {
      "value": 3
    }
  },
  {
    "name": "Gunnery Specialists",
    "limited": 0,
    "xws": "gunneryspecialists",
    "standard": false,
    "extended": false,
    "epic": true,
    "sides": [
      {
        "ability": "While you perform a primary or [Hardpoint] attack, you may spend 1 or more [Energy] to reroll that many attack dice.",
        "title": "Gunnery Specialists",
        "type": "Team",
        "slots": [
          "Team"
        ],
        "grants": [
          {
            "type": "action",
            "value": {
              "type": "Rotate Arc",
              "difficulty": "White",
              "linked": {
                "type": "Calculate",
                "difficulty": "White"
              }
            }
          }
        ],
        "artwork": "https://infinitearenas.com/xw2/images/artwork/upgrades/gunneryspecialists.png",
        "image": "https://infinitearenas.com/xw2/images/upgrades/gunneryspecialists.png"
      }
    ],
    "cost": {
      "value": 5
    }
  },
  {
    "name": "IG-RM Droids",
    "limited": 0,
    "xws": "igrmdroids",
    "standard": false,
    "extended": false,
    "epic": true,
    "sides": [
      {
        "ability": "While you perform an attack, if you are calculating, you may change 1 [Hit] result to a [Critical Hit] result.",
        "title": "IG-RM Droids",
        "type": "Team",
        "slots": [
          "Team"
        ],
        "grants": [
          {
            "type": "action",
            "value": {
              "type": "Calculate",
              "difficulty": "White"
            }
          }
        ],
        "artwork": "https://infinitearenas.com/xw2/images/artwork/upgrades/igrmdroids.png",
        "image": "https://infinitearenas.com/xw2/images/upgrades/igrmdroids.png"
      }
    ],
    "restrictions": [
      {
        "factions": [
          "scumandvillainy"
        ]
      }
    ],
    "cost": {
      "value": 2
    }
  },
  {
    "name": "Ordnance Team",
    "limited": 0,
    "xws": "ordnanceteam",
    "standard": false,
    "extended": false,
    "epic": true,
    "sides": [
      {
        "ability": "While you perform a [Reload] action, you may spend up to 3 [Energy] to reload that many additional [Charge] on your equipped [Missile]/[Torpedo] upgrades. After you perform a [Reload] action, you may spend 1 [Energy] to remove 1 disarm token.",
        "title": "Ordnance Team",
        "type": "Team",
        "slots": [
          "Team"
        ],
        "grants": [
          {
            "type": "action",
            "value": {
              "type": "Reload",
              "difficulty": "White",
              "linked": {
                "type": "Calculate",
                "difficulty": "White"
              }
            }
          }
        ],
        "artwork": "https://infinitearenas.com/xw2/images/artwork/upgrades/ordnanceteam.png",
        "image": "https://infinitearenas.com/xw2/images/upgrades/ordnanceteam.png"
      }
    ],
    "cost": {
      "value": 2
    }
  },
  {
    "name": "Sensor Experts",
    "limited": 0,
    "xws": "sensorexperts",
    "standard": false,
    "extended": false,
    "epic": true,
    "sides": [
      {
        "ability": "You can maintain up to 3 locks on different objects. After you perform a [Lock] action, you may spend up to 2 [Energy] to acquire a lock on that many other objects at range 0-1 of the object you locked, ignoring range restrictions.",
        "title": "Sensor Experts",
        "type": "Team",
        "slots": [
          "Team"
        ],
        "grants": [
          {
            "type": "action",
            "value": {
              "type": "Lock",
              "difficulty": "White",
              "linked": {
                "type": "Calculate",
                "difficulty": "White"
              }
            }
          }
        ],
        "artwork": "https://infinitearenas.com/xw2/images/artwork/upgrades/sensorexperts.png",
        "image": "https://infinitearenas.com/xw2/images/upgrades/sensorexperts.png"
      }
    ],
    "cost": {
      "value": 6
    }
  },
  {
    "name": "Tractor Technicians",
    "limited": 0,
    "xws": "tractortechnicians",
    "standard": false,
    "extended": false,
    "epic": true,
    "sides": [
      {
        "ability": "During the End Phase, each other ship at range 0-1 cannot remove its tractor tokens. Before a tractored enemy ship at range 0-1 reveals its dial, you may spend 1 [Energy]. if you do, while that ship executes its maneuver this activation, it reduces the speed of that maneuver by 1, to a minimum of 1.",
        "title": "Tractor Technicians",
        "type": "Team",
        "slots": [
          "Team"
        ],
        "artwork": "https://infinitearenas.com/xw2/images/artwork/upgrades/tractortechnicians.png",
        "image": "https://infinitearenas.com/xw2/images/upgrades/tractortechnicians.png"
      }
    ],
    "cost": {
      "value": 2
    }
  },
  {
    "name": "Corsair Crew",
    "limited": 0,
    "xws": "corsaircrew",
    "sides": [
      {
        "title": "Corsair Crew",
        "type": "Team",
        "text": "While you perform an attack against a standard ship, you may spend 1 [Hit] result. If you do, the defender gains 1 deplete token.",
        "slots": [
          "Team",
          "Gunner"
        ],
        "artwork": "https://infinitearenas.com/xw2/images/artwork/upgrades/corsaircrew.png",
        "image": "https://infinitearenas.com/xw2/images/upgrades/corsaircrew.png"
      }
    ],
    "cost": {
      "value": 5
    },
    "restrictions": [
      {
        "factions": [
          "scumandvillainy"
        ]
      }
    ],
    "standard": true,
    "extended": false,
    "epic": true
  },
  {
    "name": "Droid Crew",
    "limited": 0,
    "xws": "droidcrew",
    "standard": false,
    "extended": false,
    "epic": true,
    "sides": [
      {
        "ability": "While you perform a white [Focus] action, treat it as red instead. At the start of the End Phase, repair all of your faceup Crew damage cards.",
        "title": "Droid Crew",
        "type": "Team",
        "slots": [
          "Team"
        ],
        "grants": [
          {
            "type": "action",
            "value": {
              "type": "Calculate",
              "difficulty": "White",
              "linked": {
                "type": "Lock",
                "difficulty": "Red"
              }
            }
          }
        ],
        "artwork": "https://infinitearenas.com/xw2/images/artwork/upgrades/droidcrew.png",
        "image": "https://infinitearenas.com/xw2/images/upgrades/droidcrew.png"
      }
    ],
    "cost": {
      "value": 5
    },
    "restrictions": [
      {
        "factions": [
          "separatistalliance"
        ]
      }
    ]
  },
  {
    "name": "Inferno Squad",
    "limited": 1,
    "xws": "infernosquad-epicsl",
    "sides": [
      {
        "title": "Inferno Squad",
        "type": "Team",
        "slots": [
          "Team"
        ],
        "ability": "While a friendly Gideon Hask, Del Meeko, or Seyn Marana ship at range 0-2 performs an attack, you may suffer 1 [Hit] damage. If you do, they may change 1 of their results to a [Hit] result."
      }
    ],
    "standard": true,
    "extended": true,
    "epic": true,
    "standardLoadoutOnly": true
  },
  {
    "name": "Jinata Security Forces",
    "limited": 1,
    "xws": "jinatasecurityforces-epicsl",
    "sides": [
      {
        "title": "Jinata Security Forces",
        "type": "Team",
        "slots": [
          "Team"
        ],
        "ability": "While you defend or perform an attack, you may spend a focus token to change a blank result to a [Hit] result or an [Evade] result."
      }
    ],
    "standard": true,
    "extended": true,
    "epic": true,
    "standardLoadoutOnly": true
  }
]
