[
  {
    "name": "Barrage Rockets",
    "limited": 0,
    "xws": "barragerockets",
    "sides": [
      {
        "title": "Barrage Rockets",
        "type": "Missile",
        "ability": "Attack ([Focus]): Spend 1 [Charge]. If the defender is in your [Bullseye Arc], you may spend 1 or more [Charge] to reroll that many attack dice.",
        "slots": [
          "Missile",
          "Missile"
        ],
        "charges": {
          "value": 5,
          "recovers": 0
        },
        "attack": {
          "arc": "Front Arc",
          "value": 3,
          "minrange": 2,
          "maxrange": 3,
          "ordnance": true
        },
        "image": "https://infinitearenas.com/xw2/images/upgrades/barragerockets.png",
        "artwork": "https://infinitearenas.com/xw2/images/artwork/upgrades/barragerockets.png"
      }
    ],
    "cost": {
      "value": 8
    },
    "standard": true,
    "extended": true,
    "epic": true
  },
  {
    "name": "Cluster Missiles",
    "limited": 0,
    "xws": "clustermissiles",
    "sides": [
      {
        "title": "Cluster Missiles",
        "type": "Missile",
        "ability": "Attack ([Lock]): Spend 1 [Charge]. After this attack, you may perform this attack as a bonus attack against a different target at range 0-1 of the defender, ignoring the [Lock] requirement.",
        "slots": [
          "Missile"
        ],
        "charges": {
          "value": 4,
          "recovers": 0
        },
        "attack": {
          "arc": "Front Arc",
          "value": 3,
          "minrange": 1,
          "maxrange": 2,
          "ordnance": true
        },
        "image": "https://infinitearenas.com/xw2/images/upgrades/clustermissiles.png",
        "artwork": "https://infinitearenas.com/xw2/images/artwork/upgrades/clustermissiles.png"
      }
    ],
    "cost": {
      "value": 6
    },
    "standard": true,
    "extended": true,
    "epic": true
  },
  {
    "name": "Concussion Missiles",
    "limited": 0,
    "xws": "concussionmissiles",
    "sides": [
      {
        "title": "Concussion Missiles",
        "type": "Missile",
        "ability": "Attack ([Lock]): Spend 1 [Charge]. After this attack hits, each ship at range 0-1 of the defender exposes 1 of its damage cards.",
        "image": "https://infinitearenas.com/xw2/images/upgrades/concussionmissiles.png",
        "slots": [
          "Missile"
        ],
        "charges": {
          "value": 3,
          "recovers": 0
        },
        "attack": {
          "arc": "Front Arc",
          "value": 3,
          "minrange": 2,
          "maxrange": 3,
          "ordnance": true
        },
        "artwork": "https://infinitearenas.com/xw2/images/artwork/upgrades/concussionmissiles.png"
      }
    ],
    "cost": {
      "value": 7
    },
    "standard": true,
    "extended": true,
    "epic": true
  },
  {
    "name": "Homing Missiles",
    "limited": 0,
    "xws": "homingmissiles",
    "sides": [
      {
        "title": "Homing Missiles",
        "type": "Missile",
        "ability": "Attack ([Lock]): Spend 1 [Charge]. After you declare the defender, the defender may choose to suffer 1 [Hit] damage. If it does, skip the Attack and Defense Dice steps and the attack is treated as hitting.",
        "slots": [
          "Missile"
        ],
        "charges": {
          "value": 2,
          "recovers": 0
        },
        "attack": {
          "arc": "Front Arc",
          "value": 4,
          "minrange": 2,
          "maxrange": 3,
          "ordnance": true
        },
        "image": "https://infinitearenas.com/xw2/images/upgrades/homingmissiles.png",
        "artwork": "https://infinitearenas.com/xw2/images/artwork/upgrades/homingmissiles.png"
      }
    ],
    "cost": {
      "value": 5
    },
    "standard": true,
    "extended": true,
    "epic": true
  },
  {
    "name": "Ion Missiles",
    "limited": 0,
    "xws": "ionmissiles",
    "sides": [
      {
        "title": "Ion Missiles",
        "type": "Missile",
        "ability": "Attack ([Lock]): Spend 1 [Charge]. If this attack hits, spend 1 [Hit] or [Critical Hit] result to cause the defender to suffer 1 [Hit] damage. All remaining [Hit]/[Critical Hit] results inflict ion tokens instead of damage.",
        "slots": [
          "Missile"
        ],
        "charges": {
          "value": 3,
          "recovers": 0
        },
        "attack": {
          "arc": "Front Arc",
          "value": 3,
          "minrange": 2,
          "maxrange": 3,
          "ordnance": true
        },
        "image": "https://infinitearenas.com/xw2/images/upgrades/ionmissiles.png",
        "artwork": "https://infinitearenas.com/xw2/images/artwork/upgrades/ionmissiles.png"
      }
    ],
    "cost": {
      "value": 3
    },
    "standard": true,
    "extended": true,
    "epic": true
  },
  {
    "name": "Proton Rockets",
    "limited": 0,
    "xws": "protonrockets",
    "sides": [
      {
        "title": "Proton Rockets",
        "type": "Missile",
        "ability": "Attack ([Focus]): Spend 1 [Charge].",
        "image": "https://infinitearenas.com/xw2/images/upgrades/protonrockets.png",
        "slots": [
          "Missile"
        ],
        "charges": {
          "value": 1,
          "recovers": 0
        },
        "attack": {
          "arc": "Bullseye Arc",
          "value": 5,
          "minrange": 1,
          "maxrange": 2,
          "ordnance": true
        },
        "artwork": "https://infinitearenas.com/xw2/images/artwork/upgrades/protonrockets.png"
      }
    ],
    "cost": {
      "value": 6
    },
    "standard": true,
    "extended": true,
    "epic": true
  },
  {
    "name": "Energy-Shell Charges",
    "limited": 0,
    "xws": "energyshellcharges",
    "sides": [
      {
        "title": "Energy-Shell Charges",
        "type": "Missile",
        "ability": "Attack ([Calculate]): Spend 1 [Charge]. While you perform this attack, you may spend 1 calculate token to change 1 [Focus] result to a [Critical Hit] result. Action: Reload this card.",
        "charges": {
          "value": 1,
          "recovers": 0
        },
        "attack": {
          "arc": "Front Arc",
          "value": 3,
          "minrange": 2,
          "maxrange": 3,
          "ordnance": true
        },
        "image": "https://infinitearenas.com/xw2/images/upgrades/energyshellcharges.png",
        "slots": [
          "Missile"
        ],
        "artwork": "https://infinitearenas.com/xw2/images/artwork/upgrades/energyshellcharges.png"
      }
    ],
    "restrictions": [
      {
        "factions": [
          "separatistalliance"
        ]
      },
      {
        "action": {
          "type": "Calculate",
          "difficulty": "White"
        }
      }
    ],
    "cost": {
      "value": 2
    },
    "standard": true,
    "extended": true,
    "epic": true
  },
  {
    "name": "Discord Missiles",
    "limited": 3,
    "xws": "discordmissiles",
    "sides": [
      {
        "title": "Discord Missiles",
        "type": "Missile",
        "ability": "At the start of the Engagement Phase, you may spend 1 calculate token and 1 [Charge] to launch 1 buzz droid swarm using the [3 [Bank Left]], [3 [Straight]], or [3 [Bank Right]] template. This card's [Charge] cannot be recovered.",
        "charges": {
          "value": 1,
          "recovers": 0
        },
        "image": "https://infinitearenas.com/xw2/images/upgrades/discordmissiles.png",
        "slots": [
          "Missile"
        ],
        "device": {
          "name": "Buzz Droid Swarm",
          "type": "Remote",
          "effect": "After an enemy ship moves through or overlaps you, relocate to its front or rear guides (you are at range 0 of this ship). You cannot overlap an object this way. If you cannot be placed at either set of guides, you and that ship each suffer 1 [Hit] damage. Engagement Phase: At your initiative, each enemy ship at range 0 suffers 1 [Critical Hit] damage.",
          "initiative": 0,
          "stats": [
            {
              "type": "agility",
              "value": 1
            },
            {
              "type": "hull",
              "value": 1
            }
          ]
        },
        "artwork": "https://infinitearenas.com/xw2/images/artwork/upgrades/discordmissiles.png"
      }
    ],
    "cost": {
      "value": 4
    },
    "restrictions": [
      {
        "factions": [
          "separatistalliance"
        ]
      }
    ],
    "standard": true,
    "extended": true,
    "epic": true
  },
  {
    "name": "Diamond-Boron Missiles",
    "limited": 1,
    "xws": "diamondboronmissiles",
    "sides": [
      {
        "title": "Diamond-Boron Missiles",
        "type": "Missile",
        "slots": [
          "Missile",
          "Missile"
        ],
        "ability": "Attack ([Lock]): Spend 1 [Charge]. After this attack hits, you may spend 1 [Charge]. If you do, each ship at range 0-1 of the defender with agility equal to or less than the defender's rolls 1 attack die and suffers 1 [Hit]/[Critical Hit] damage for each matching result.",
        "charges": {
          "value": 3,
          "recovers": 0
        },
        "attack": {
          "arc": "Front Arc",
          "value": 3,
          "minrange": 2,
          "maxrange": 3,
          "ordnance": true
        },
        "image": "https://infinitearenas.com/xw2/images/upgrades/diamondboronmissiles.png",
        "artwork": "https://infinitearenas.com/xw2/images/artwork/upgrades/diamondboronmissiles.png"
      }
    ],
    "cost": {
      "value": 5
    },
    "standard": true,
    "extended": true,
    "epic": true
  },
  {
    "name": "Mag-Pulse Warheads",
    "limited": 0,
    "xws": "magpulsewarheads",
    "sides": [
      {
        "ability": "Attack ([Lock]): Spend 1 [Charge]. If this attack hits, the defender suffers 1 [Critical Hit] damage and gains 1 deplete and 1 jam token. Then cancel all [Hit]/[Critical Hit] results.",
        "attack": {
          "arc": "Front Arc",
          "maxrange": 3,
          "minrange": 1,
          "ordnance": true,
          "value": 3
        },
        "charges": {
          "value": 2,
          "recovers": 0
        },
        "title": "Mag-Pulse Warheads",
        "type": "Missile",
        "slots": [
          "Missile"
        ],
        "artwork": "https://infinitearenas.com/xw2/images/artwork/upgrades/magpulsewarheads.png",
        "image": "https://infinitearenas.com/xw2/images/upgrades/magpulsewarheads.png"
      }
    ],
    "cost": {
      "value": 7
    },
    "standard": true,
    "extended": true,
    "epic": true
  },
  {
    "name": "Electro-Chaff Missiles",
    "limited": 2,
    "xws": "electrochaffmissiles",
    "sides": [
      {
        "ability": "During the System Phase, you may spend 1 [Charge] from this card to launch 1 electro-chaff cloud using the [3 [Bank Left]], [3 [Bank Right]], or [4 [Straight]] template. Then place 1 fuse marker on it. This card's [Charge] cannot be recovered.",
        "charges": {
          "value": 1,
          "recovers": 0
        },
        "title": "Electro-Chaff Missiles",
        "type": "Missile",
        "slots": [
          "Missile",
          "Device"
        ],
        "artwork": "https://infinitearenas.com/xw2/images/artwork/upgrades/electrochaffmissiles.png",
        "image": "https://infinitearenas.com/xw2/images/upgrades/electrochaffmissiles.png"
      }
    ],
    "cost": {
      "value": 11
    },
    "standard": true,
    "extended": true,
    "epic": true
  },
  {
    "name": "Multi-Missile Pods",
    "limited": 0,
    "xws": "multimissilepods",
    "sides": [
      {
        "ability": "Attack ([Calculate] or [Lock]): Spend 1 [Charge]. If the defender is in your [Front Arc], you may spend 1 [Charge] to roll 1 additional attack die. If the defender is in your [Bullseye Arc], you may spend up to 2 [Charge] to roll that many additional attack dice instead.",
        "attack": {
          "arc": "Full Front Arc",
          "maxrange": 2,
          "minrange": 1,
          "ordnance": true,
          "value": 2
        },
        "charges": {
          "value": 5,
          "recovers": 0
        },
        "title": "Multi-Missile Pods",
        "type": "Missile",
        "slots": [
          "Missile",
          "Missile"
        ],
        "artwork": "https://infinitearenas.com/xw2/images/artwork/upgrades/multimissilepods.png",
        "image": "https://infinitearenas.com/xw2/images/upgrades/multimissilepods.png"
      }
    ],
    "cost": {
      "value": 4
    },
    "standard": true,
    "extended": true,
    "epic": true
  },
  {
    "name": "XX-23 S-Thread Tracers",
    "limited": 2,
    "xws": "xx23sthreadtracers",
    "sides": [
      {
        "ability": "Attack ([Focus], [Calculate], or [Lock]): Spend 1 [Charge]. If this attack hits, each friendly ship at range 1-3 of the defender may acquire a lock on the defender. Then cancel all dice results.",
        "attack": {
          "arc": "Front Arc",
          "maxrange": 3,
          "minrange": 1,
          "ordnance": true,
          "value": 3
        },
        "charges": {
          "value": 2,
          "recovers": 0
        },
        "title": "XX-23 S-Thread Tracers",
        "type": "Missile",
        "slots": [
          "Missile"
        ],
        "image": "https://infinitearenas.com/xw2/images/upgrades/xx23sthreadtracers.png",
        "artwork": "https://infinitearenas.com/xw2/images/artwork/upgrades/xx23sthreadtracers.png"
      }
    ],
    "cost": {
      "value": 4
    },
    "standard": true,
    "extended": true,
    "epic": true
  },
  {
    "name": "Seeker Missiles",
    "limited": 0,
    "xws": "seekermissiles-swz103",
    "sides": [
      {
        "ability": "Attack ([Lock]): Spend 1 [Charge]. During the Modify Attack Dice step, you may spend up to 2 additional [Charge]. Change one [Focus] result to a [Hit] result for each [Charge] spent in this way.",
        "attack": {
          "arc": "Front Arc",
          "maxrange": 3,
          "minrange": 2,
          "ordnance": true,
          "value": 3
        },
        "charges": {
          "value": 4,
          "recovers": 0
        },
        "title": "Seeker Missiles",
        "type": "Missile",
        "slots": [
          "Missile"
        ]
      }
    ],
    "cost": {
      "value": 4
    },
    "standard": true,
    "extended": true,
    "epic": true,
    "standardLoadoutOnly": true
  },
  {
    "name": "Saturation Rockets",
    "limited": 1,
    "xws": "saturationrockets-alphaclassstarwing",
    "sides": [
      {
        "ability": "Attack: Spend 2 [Charge]. If the defender is in your [Front Arc], you may spend 1 additional [Charge] to roll 1 additional attack die. After this attack, you may spend 1 [Charge] to perform this attack as a bonus attack against a different target at range 0-1 of the defender without paying the [Charge] cost.",
        "attack": {
          "arc": "Full Front Arc",
          "maxrange": 2,
          "minrange": 1,
          "ordnance": true,
          "value": 3
        },
        "charges": {
          "value": 4,
          "recovers": 1
        },
        "title": "Saturation Rockets",
        "type": "Missile",
        "slots": [
          "Missile"
        ]
      }
    ],
    "standard": true,
    "extended": true,
    "epic": true,
    "standardLoadoutOnly": true
  },
  {
    "name": "Heavy Plasma Missiles",
    "limited": 1,
    "xws": "heavyplasmamissiles-alphaclassstarwing",
    "sides": [
      {
        "ability": "Attack ([Lock]): Spend 1 [Charge]. After this attack hits, the defender loses 1 shield.",
        "attack": {
          "arc": "Front Arc",
          "maxrange": 3,
          "minrange": 1,
          "ordnance": true,
          "value": 3
        },
        "charges": {
          "value": 2,
          "recovers": 0
        },
        "title": "Heavy Plasma Missiles",
        "type": "Missile",
        "slots": [
          "Missile"
        ]
      }
    ],
    "standard": true,
    "extended": true,
    "epic": true,
    "standardLoadoutOnly": true
  }
]
