[
  {
    "name": "Advanced Optics",
    "limited": 0,
    "xws": "advancedoptics",
    "sides": [
      {
        "title": "Advanced Optics",
        "type": "Tech",
        "ability": "While you perform an attack, you may spend 1 focus token to change 1 of your blank results to a [Hit] result.",
        "slots": [
          "Tech"
        ],
        "image": "https://infinitearenas.com/xw2/images/upgrades/advancedoptics.png",
        "artwork": "https://infinitearenas.com/xw2/images/artwork/upgrades/advancedoptics.png"
      }
    ],
    "cost": {
      "value": 5
    },
    "standard": true,
    "extended": true,
    "epic": true
  },
  {
    "name": "Ferrosphere Paint",
    "limited": 0,
    "xws": "ferrospherepaint",
    "sides": [
      {
        "title": "Ferrosphere Paint",
        "type": "Tech",
        "ability": "After an enemy ship locks you, if you are not in that ship's [Bullseye Arc], that ship gains 1 stress token unless it chooses to break its lock.",
        "slots": [
          "Tech"
        ],
        "image": "https://infinitearenas.com/xw2/images/upgrades/ferrospherepaint.png",
        "artwork": "https://infinitearenas.com/xw2/images/artwork/upgrades/ferrospherepaint.png"
      }
    ],
    "cost": {
      "value": 4
    },
    "restrictions": [
      {
        "factions": [
          "resistance"
        ]
      }
    ],
    "standard": true,
    "extended": true,
    "epic": true
  },
  {
    "name": "Hyperspace Tracking Data",
    "limited": 0,
    "xws": "hyperspacetrackingdata",
    "sides": [
      {
        "title": "Hyperspace Tracking Data",
        "type": "Tech",
        "ability": "Setup: Before placing forces, you may choose a number between 0 and 6. Treat your initiative as the chosen value during Setup. After Setup, assign 1 focus or evade token to each friendly ship at range 0-2.",
        "slots": [
          "Tech"
        ],
        "image": "https://infinitearenas.com/xw2/images/upgrades/hyperspacetrackingdata.png",
        "artwork": "https://infinitearenas.com/xw2/images/artwork/upgrades/hyperspacetrackingdata.png"
      }
    ],
    "cost": {
      "value": 15
    },
    "restrictions": [
      {
        "factions": [
          "firstorder"
        ]
      },
      {
        "sizes": [
          "Large"
        ]
      }
    ],
    "standard": true,
    "extended": true,
    "epic": true
  },
  {
    "name": "Primed Thrusters",
    "limited": 0,
    "xws": "primedthrusters",
    "sides": [
      {
        "title": "Primed Thrusters",
        "type": "Tech",
        "ability": "While you have 2 or fewer stress tokens, you can perform [Barrel Roll] and [Boost] actions even while stressed.",
        "image": "https://infinitearenas.com/xw2/images/upgrades/primedthrusters.png",
        "artwork": "https://infinitearenas.com/xw2/images/artwork/upgrades/primedthrusters.png",
        "slots": [
          "Tech"
        ]
      }
    ],
    "cost": {
      "value": 6
    },
    "restrictions": [
      {
        "sizes": [
          "Small"
        ]
      }
    ],
    "standard": true,
    "extended": true,
    "epic": true
  },
  {
    "name": "Targeting Synchronizer",
    "limited": 0,
    "xws": "targetingsynchronizer",
    "sides": [
      {
        "title": "Targeting Synchronizer",
        "type": "Tech",
        "ability": "While a friendly ship at range 1-2 performs an attack against a target you have locked, that ship ignores the [Lock] attack requirement.",
        "image": "https://infinitearenas.com/xw2/images/upgrades/targetingsynchronizer.png",
        "artwork": "https://infinitearenas.com/xw2/images/artwork/upgrades/targetingsynchronizer.png",
        "slots": [
          "Tech"
        ]
      }
    ],
    "restrictions": [
      {
        "action": {
          "type": "Lock"
        }
      }
    ],
    "cost": {
      "value": 3
    },
    "standard": true,
    "extended": true,
    "epic": true
  },
  {
    "name": "Pattern Analyzer",
    "limited": 0,
    "xws": "patternanalyzer",
    "sides": [
      {
        "title": "Pattern Analyzer",
        "type": "Tech",
        "ability": "While you fully execute a red maneuver, before the Check Difficulty step, you may perform 1 action.",
        "slots": [
          "Tech"
        ],
        "image": "https://infinitearenas.com/xw2/images/upgrades/patternanalyzer.png",
        "artwork": "https://infinitearenas.com/xw2/images/artwork/upgrades/patternanalyzer.png"
      }
    ],
    "cost": {
      "value": 5
    },
    "standard": true,
    "extended": true,
    "epic": true
  },
  {
    "name": "Biohexacrypt Codes",
    "limited": 0,
    "xws": "biohexacryptcodes",
    "sides": [
      {
        "title": "Biohexacrypt Codes",
        "type": "Tech",
        "ability": "While you coordinate or jam, if you have a lock on a ship, you may spend that lock to choose that ship, ignoring range restrictions.",
        "slots": [
          "Tech"
        ],
        "image": "https://infinitearenas.com/xw2/images/upgrades/biohexacryptcodes.png",
        "artwork": "https://infinitearenas.com/xw2/images/artwork/upgrades/biohexacryptcodes.png"
      }
    ],
    "cost": {
      "value": 1
    },
    "restrictions": [
      {
        "factions": [
          "firstorder"
        ]
      },
      {
        "action": {
          "type": "Lock"
        }
      }
    ],
    "standard": true,
    "extended": true,
    "epic": true
  },
  {
    "name": "Deuterium Power Cells",
    "limited": 0,
    "xws": "deuteriumpowercells",
    "sides": [
      {
        "ability": "During the System Phase, you may spend 1 [Charge] and gain 1 disarm token to recover 1 shield. Before you would gain 1 non-lock token, if you are not stressed, you may spend 1 [Charge] to gain 1 stress token instead.",
        "charges": {
          "value": 2,
          "recovers": 0
        },
        "title": "Deuterium Power Cells",
        "type": "Tech",
        "slots": [
          "Tech",
          "Modification"
        ],
        "artwork": "https://infinitearenas.com/xw2/images/artwork/upgrades/deuteriumpowercells.png",
        "image": "https://infinitearenas.com/xw2/images/upgrades/deuteriumpowercells.png"
      }
    ],
    "restrictions": [
      {
        "factions": [
          "firstorder"
        ]
      }
    ],
    "cost": {
      "value": 8
    },
    "standard": true,
    "extended": true,
    "epic": true
  },
  {
    "sides": [
      {
        "title": "Automated Target Priority",
        "type": "Tech",
        "slots": [
          "Tech"
        ],
        "artwork": "https://infinitearenas.com/xw2/images/artwork/upgrades/automatedtargetpriority.png",
        "image": "https://infinitearenas.com/xw2/images/upgrades/automatedtargetpriority.png",
        "ability": "While you perform an attack, you must choose a defender at the closest valid attack range. After you perform an attack that missed, place 1 calculate token on this card. Before you engage, you may remove 1 calculate token from this card to gain a matching token."
      }
    ],
    "name": "Automated Target Priority",
    "restrictions": [
      {
        "initiative": ["3 OR LOWER"]
      }
    ],
    "cost": {
      "value": 1
    },
    "limited": 0,
    "xws": "automatedtargetpriority",
    "standard": true,
    "extended": true,
    "epic": true
  },
  {
    "sides": [
      {
        "title": "Sensor Buoy Suite",
        "type": "Tech",
        "slots": [
          "Tech"
        ],
        "artwork": "https://infinitearenas.com/xw2/images/artwork/upgrades/sensorbuoysuite.png",
        "image": "https://infinitearenas.com/xw2/images/upgrades/sensorbuoysuite.png",
        "ability": "Setup: Before placing forces, place 2 sensor buoy remotes beyond range 2 of any edge. Before you engage, you may acquire a lock on a ship at range 0-1 of a friendly sensor buoy, ignoring range restrictions.",
        "device": {
          "name": "Sensor Buoy",
          "type": "Remote",
          "initiative": 0,
          "stats": [
            {
              "type": "agility",
              "value": 3
            },
            {
              "type": "hull",
              "value": 2
            }
          ],
          "image": "https://infinitearenas.com/xw2/images/remotes/sensorbuoy.png",
          "text": "First Order sensor buoys are often placed to warn of enemies approaching their hidden fortresses."
        }
      }
    ],
    "name": "Sensor Buoy Suite",
    "restrictions": [
      {
        "factions": [
          "firstorder"
        ]
      },
      {
        "sizes": [
          "Medium",
          "Large"
        ]
      }
    ],
    "cost": {
      "value": 4
    },
    "limited": 1,
    "xws": "sensorbuoysuite",
    "standard": true,
    "extended": true,
    "epic": true
  },
  {
    "name": "Sensor Scramblers",
    "limited": 0,
    "xws": "sensorscramblers",
    "sides": [
      {
        "title": "Sensor Scramblers",
        "type": "Tech",
        "ability": "Setup: Gain 1 cloak token. While you are cloaked, other ships cannot acquire locks on you. During the End Phase, if you are cloaked and there is an enemy ship at range 0-3, you must decloak. If you do and that decloak fails, lose 1 cloak token.",
        "slots": [
          "Tech"
        ],
        "artwork": "https://infinitearenas.com/xw2/images/artwork/upgrades/sensorscramblers.png",
        "image": "https://infinitearenas.com/xw2/images/upgrades/sensorscramblers.png"
      }
    ],
    "cost": {
      "value": 1
    },
    "restrictions": [
      {
        "ships": [
          "tiewiwhispermodifiedinterceptor",
          "tievnsilencer"
        ]
      }
    ],
    "standard": true,
    "extended": true,
    "epic": true
  },
  {
    "name": "Threat Sensors",
    "limited": 0,
    "xws": "threatsensors-evacuationofdqar",
    "sides": [
      {
        "title": "Threat Sensors",
        "type": "Tech",
        "ability": "While you defend, if you are not stressed, you may reroll 1 [Focus] result.",
        "slots": [
          "Tech"
        ]
      }
    ],
    "standard": true,
    "extended": true,
    "epic": true,
    "standardLoadoutOnly": true
  },
  {
    "name": "Experimental Scanners",
    "limited": 0,
    "xws": "experimentalscanners-evacuationofdqar",
    "sides": [
      {
        "title": "Experimental Scanners",
        "type": "Tech",
        "ability": "You can acquire locks beyond range 3. You cannot acquire locks at range 1.",
        "slots": [
          "Tech"
        ]
      }
    ],
    "standard": true,
    "extended": true,
    "epic": true,
    "standardLoadoutOnly": true
  },
  {
    "name": "Targeting Relay",
    "limited": 0,
    "xws": "targetingrelay-evacuationofdqar",
    "sides": [
      {
        "title": "Targeting Relay",
        "type": "Tech",
        "ability": "After a friendly ship acquires a lock on an enemy ship at range 0-1 of you, you may spend 1 [Charge] and gain a stress token. If you do, that friendly ship may gain a calculate token.",
        "charges": {
          "value": 2,
          "recovers": 0
        },
        "slots": [
          "Tech"
        ]
      }
    ],
    "standard": true,
    "extended": true,
    "epic": true,
    "standardLoadoutOnly": true
  },
  {
    "name": "Interference Array",
    "limited": 0,
    "xws": "interferencearray-evacuationofdqar",
    "sides": [
      {
        "title": "Interference Array",
        "type": "Tech",
        "ability": "After you coordinate a ship, you may spend 1 [Charge]. If you do, assign a jam token to an enemy ship at range 0-1 of the coordinated ship.",
        "charges": {
          "value": 2,
          "recovers": 0
        },
        "slots": [
          "Tech"
        ]
      }
    ],
    "standard": true,
    "extended": true,
    "epic": true,
    "standardLoadoutOnly": true
  },
  {
    "name": "Synchronized Handling",
    "limited": 0,
    "xws": "synchronizedhandling-armedanddangerous",
    "sides": [
      {
        "title": "Synchronized Handling",
        "type": "Tech",
        "ability": "Before you engage, you may spend 1 [Charge] to gain a [Calculate] token.\n\nAfter you fully execute a turn [[Turn Left]], bank [[Bank Left]] or [[Segnor's Loop Left]] maneuver, recover 1[Charge].",
        "charges": {
          "value": 1,
          "recovers": 0
        },
        "slots": [
          "Tech"
        ]
      }
    ],
    "standard": true,
    "extended": true,
    "epic": true,
    "standardLoadoutOnly": true
  },
  {
    "name": "Primed Overdrive Thrusters",
    "limited": 0,
    "xws": "primedoverdrivethrusters-evacuationofdqar",
    "sides": [
      {
        "title": "Primed Overdrive Thrusters",
        "type": "Tech",
        "ability": "While you perform a red [Boost], [Barrel Roll], or [SLAM] action, you must use a template 1 speed higher if able. Then, you may gain 1 strain token to remove 1 stress token.",
        "slots": [
          "Tech"
        ]
      }
    ],
    "standard": true,
    "extended": true,
    "epic": true,
    "standardLoadoutOnly": true
  },
  {
    "name": "Accelerated Sensor Array",
    "limited": 0,
    "xws": "acceleratedsensorarray-evacuationofdqar",
    "sides": [
      {
        "title": "Accelerated Sensor Array",
        "type": "Tech",
        "ability": "While you defend or perform a primary attack, if the speed of your revealed maneuver is 3-5, you may reroll 1 die. If your revealed maneuver is an advanced maneuver, you may reroll up to  2 dice instead.",
        "slots": [
          "Tech"
        ]
      }
    ],
    "standard": true,
    "extended": true,
    "epic": true,
    "standardLoadoutOnly": true
  },
  {
    "name": "Precision Holo-Targeter",
    "limited": 0,
    "xws": "precisionholotargeter-evacuationofdqar",
    "sides": [
      {
        "title": "Precision Holo-Targeter",
        "type": "Tech",
        "ability": "While you perform a primary attack, if you are not in the defender's firing arc, the defender rolls 1 fewer defense die.",
        "slots": [
          "Tech"
        ]
      }
    ],
    "standard": true,
    "extended": true,
    "epic": true,
    "standardLoadoutOnly": true
  }
]
