[
  {
    "name": "Homing Torpedoes",
    "limited": 0,
    "xws": "homingtorpedoes",
    "sides": [
      {
        "title": "Homing Torpedoes",
        "type": "Torpedo",
        "ability": "Attack ([Lock]): Spend 1 [Charge]. After you declare the defender, the defender may choose to suffer 1 [Critical Hit] damage. If it does, skip the Attack and Defense Dice steps and the attack is treated as hitting.",
        "image": "https://infinitearenas.com/xw2/images/upgrades/homingtorpedoes.png",
        "artwork": "https://infinitearenas.com/xw2/images/artwork/upgrades/homingtorpedoes.png",
        "slots": [
          "Torpedo"
        ],
        "charges": {
          "value": 2,
          "recovers": 0
        },
        "attack": {
          "arc": "Front Arc",
          "value": 4,
          "minrange": 1,
          "maxrange": 2,
          "ordnance": true
        }
      }
    ],
    "cost": {
      "value": 4
    },
    "standard": true,
    "extended": true,
    "epic": true
  },
  {
    "name": "Adv. Proton Torpedoes",
    "limited": 0,
    "xws": "advprotontorpedoes",
    "sides": [
      {
        "title": "Adv. Proton Torpedoes",
        "type": "Torpedo",
        "ability": "Attack ([Lock]): Spend 1 [Charge]. Change 1 [Hit] result to a [Critical Hit] result.",
        "slots": [
          "Torpedo"
        ],
        "charges": {
          "value": 1,
          "recovers": 0
        },
        "attack": {
          "arc": "Front Arc",
          "value": 5,
          "minrange": 1,
          "maxrange": 1,
          "ordnance": true
        },
        "image": "https://infinitearenas.com/xw2/images/upgrades/advprotontorpedoes.png",
        "artwork": "https://infinitearenas.com/xw2/images/artwork/upgrades/advprotontorpedoes.png"
      }
    ],
    "cost": {
      "value": 9
    },
    "standard": true,
    "extended": true,
    "epic": true
  },
  {
    "name": "Ion Torpedoes",
    "limited": 0,
    "xws": "iontorpedoes",
    "sides": [
      {
        "title": "Ion Torpedoes",
        "type": "Torpedo",
        "ability": "Attack ([Lock]): Spend 1 [Charge]. If this attack hits, spend 1 [Hit] or [Critical Hit] result to cause the defender to suffer 1 [Hit] damage. All remaining [Hit]/[Critical Hit] results inflict ion tokens instead of damage.",
        "slots": [
          "Torpedo"
        ],
        "charges": {
          "value": 2,
          "recovers": 0
        },
        "attack": {
          "arc": "Front Arc",
          "value": 4,
          "minrange": 2,
          "maxrange": 3,
          "ordnance": true
        },
        "image": "https://infinitearenas.com/xw2/images/upgrades/iontorpedoes.png",
        "artwork": "https://infinitearenas.com/xw2/images/artwork/upgrades/iontorpedoes.png"
      }
    ],
    "cost": {
      "value": 5
    },
    "standard": true,
    "extended": true,
    "epic": true
  },
  {
    "name": "Proton Torpedoes",
    "limited": 0,
    "xws": "protontorpedoes",
    "sides": [
      {
        "title": "Proton Torpedoes",
        "type": "Torpedo",
        "ability": "Attack ([Lock]): Spend 1 [Charge]. Change 1 [Hit] result to a [Critical Hit] result.",
        "image": "https://infinitearenas.com/xw2/images/upgrades/protontorpedoes.png",
        "slots": [
          "Torpedo"
        ],
        "charges": {
          "value": 2,
          "recovers": 0
        },
        "attack": {
          "arc": "Front Arc",
          "value": 4,
          "minrange": 2,
          "maxrange": 3,
          "ordnance": true
        },
        "artwork": "https://infinitearenas.com/xw2/images/artwork/upgrades/protontorpedoes.png"
      }
    ],
    "cost": {
      "value": 14
    },
    "standard": true,
    "extended": true,
    "epic": true
  },
  {
    "name": "Plasma Torpedoes",
    "limited": 0,
    "xws": "plasmatorpedoes",
    "sides": [
      {
        "ability": "Attack ([Lock]): Spend 1 [Charge]. During the Neutralize Results step, [Critical Hit] results are canceled before [Hit] results. After this attack hits, the defender loses 1 shield.",
        "title": "Plasma Torpedoes",
        "type": "Torpedo",
        "slots": [
          "Torpedo"
        ],
        "charges": {
          "value": 2,
          "recovers": 0
        },
        "attack": {
          "arc": "Front Arc",
          "value": 3,
          "minrange": 2,
          "maxrange": 3,
          "ordnance": true
        },
        "artwork": "https://infinitearenas.com/xw2/images/artwork/upgrades/plasmatorpedoes.png",
        "image": "https://infinitearenas.com/xw2/images/upgrades/plasmatorpedoes.png"
      }
    ],
    "cost": {
      "value": 7
    },
    "standard": true,
    "extended": true,
    "epic": true
  },
  {
    "name": "Tracking Torpedoes",
    "limited": 1,
    "xws": "trackingtorpedoes",
    "sides": [
      {
        "title": "Tracking Torpedoes",
        "type": "Torpedo",
        "ability": "During the System Phase, you may spend up to 3 [Charge] to launch that many tracking torpedoes using the [3 [Bank Left]], [4 [Straight]], and [3 [Bank Right]] templates. Each device must use a seperate template. Then each device may acquire a lock on an object you have locked, ignoring range restrictions. This card's [Charge] cannot be recovered.",
        "slots": [
          "Torpedo"
        ],
        "charges": {
          "value": 3,
          "recovers": 0
        },
        "artwork": "https://infinitearenas.com/xw2/images/artwork/upgrades/trackingtorpedoes.png",
        "image": "https://infinitearenas.com/xw2/images/upgrades/trackingtorpedoes.png"
      }
    ],
    "cost": {
      "value": 8
    },
    "restrictions": [
      {
        "sizes": [
          "Huge"
        ]
      }
    ],
    "standard": false,
    "extended": false,
    "epic": true
  }
]