{
  "name": "Modified TIE/ln Fighter",
  "xws": "modifiedtielnfighter",
  "size": "Small",
  "dial": [
    "1TW",
    "1YW",
    "2TW",
    "2BB",
    "2FB",
    "2NB",
    "2YW",
    "3TW",
    "3BW",
    "3FB",
    "3NW",
    "3YW",
    "3KR",
    "4FW",
    "5FR"
  ],
  "dialCodes": [
    "Tmg"
  ],
  "faction": "scumandvillainy",
  "stats": [
    {
      "arc": "Front Arc",
      "type": "attack",
      "value": 2
    },
    {
      "type": "agility",
      "value": 3
    },
    {
      "type": "hull",
      "value": 3
    }
  ],
  "actions": [
    {
      "difficulty": "White",
      "type": "Focus"
    },
    {
      "difficulty": "White",
      "type": "Evade"
    },
    {
      "difficulty": "White",
      "type": "Barrel Roll"
    }
  ],
  "icon": "https://infinitearenas.com/xw2/images/shipicons/scum-and-villainy/I_MiningGuild_TIE.png",
  "pilots": [
    {
      "name": "Ahhav",
      "caption": "Vengeful Survivor",
      "initiative": 3,
      "limited": 1,
      "cost": 8,
      "loadout": 11,
      "xws": "ahhav",
      "ability": "While you defend or perform an attack, if the enemy ship is a larger size than you, roll 1 additional die.",
      "shipAbility": {
        "name": "Notched Stabilizers",
        "text": "While you move, you ignore asteroids."
      },
      "image": "https://infinitearenas.com/xw2/images/pilots/ahhav.png",
      "artwork": "https://infinitearenas.com/xw2/images/artwork/pilots/ahhav.png",
      "slots": [
        "Modification",
        "Modification",
        "Talent"
      ],
      "standard": true,
      "extended": true,
      "keywords": [
        "TIE"
      ],
      "epic": true,
      "restricted": 0
    },
    {
      "name": "Captain Seevor",
      "caption": "Noisy Nuisance",
      "initiative": 3,
      "limited": 1,
      "cost": 8,
      "loadout": 8,
      "xws": "captainseevor",
      "ability": "While you defend or perform an attack, before attack dice are rolled, if you are not in the enemy ship's [Bullseye Arc], you may spend 1 [Charge]. If you do, the enemy ship gains 1 jam token.",
      "image": "https://infinitearenas.com/xw2/images/pilots/captainseevor.png",
      "artwork": "https://infinitearenas.com/xw2/images/artwork/pilots/captainseevor.png",
      "charges": {
        "value": 1,
        "recovers": 1
      },
      "shipAbility": {
        "name": "Notched Stabilizers",
        "text": "While you move, you ignore asteroids."
      },
      "slots": [
        "Modification",
        "Modification",
        "Talent"
      ],
      "standard": true,
      "extended": true,
      "keywords": [
        "TIE"
      ],
      "epic": true,
      "restricted": 0
    },
    {
      "name": "Foreman Proach",
      "caption": "Slave Driver",
      "initiative": 4,
      "limited": 1,
      "cost": 8,
      "loadout": 11,
      "xws": "foremanproach",
      "ability": "Before you engage, you may choose 1 enemy ship in your [Bullseye Arc] at range 1-2 and gain 1 disarm token. If you do, that ship gains 1 tractor token.",
      "shipAbility": {
        "name": "Notched Stabilizers",
        "text": "While you move, you ignore asteroids."
      },
      "image": "https://infinitearenas.com/xw2/images/pilots/foremanproach.png",
      "artwork": "https://infinitearenas.com/xw2/images/artwork/pilots/foremanproach.png",
      "slots": [
        "Modification",
        "Modification",
        "Talent",
        "Illicit"
      ],
      "standard": true,
      "extended": true,
      "keywords": [
        "TIE"
      ],
      "epic": true,
      "restricted": 0
    },
    {
      "name": "Mining Guild Surveyor",
      "initiative": 2,
      "limited": 0,
      "cost": 6,
      "loadout": 6,
      "xws": "miningguildsurveyor",
      "text": "With Imperial construction projects consuming raw materials at an unprecedented rate, the Mining Guild ruthlessly exploits newly discovered deposits of doonium ore on worlds such as Batonn, Lothal, and Umbara.",
      "shipAbility": {
        "name": "Notched Stabilizers",
        "text": "While you move, you ignore asteroids."
      },
      "image": "https://infinitearenas.com/xw2/images/pilots/miningguildsurveyor.png",
      "artwork": "https://infinitearenas.com/xw2/images/artwork/pilots/miningguildsurveyor.png",
      "slots": [
        "Modification",
        "Modification"
      ],
      "standard": true,
      "extended": true,
      "keywords": [
        "TIE"
      ],
      "epic": true,
      "restricted": 0
    },
    {
      "name": "Overseer Yushyn",
      "caption": "Overbearing Boss",
      "initiative": 2,
      "limited": 1,
      "cost": 6,
      "loadout": 5,
      "xws": "overseeryushyn",
      "ability": "Before a friendly ship at range 1 would gain a disarm token, if that ship is not stressed, you may spend 1 [Charge]. If you do, that ship gains 1 stress token instead.",
      "shipAbility": {
        "name": "Notched Stabilizers",
        "text": "While you move, you ignore asteroids."
      },
      "charges": {
        "value": 1,
        "recovers": 1
      },
      "image": "https://infinitearenas.com/xw2/images/pilots/overseeryushyn.png",
      "artwork": "https://infinitearenas.com/xw2/images/artwork/pilots/overseeryushyn.png",
      "slots": [
        "Modification",
        "Modification",
        "Illicit"
      ],
      "standard": true,
      "extended": true,
      "keywords": [
        "TIE"
      ],
      "epic": true,
      "restricted": 0
    },
    {
      "name": "Mining Guild Sentry",
      "initiative": 1,
      "limited": 0,
      "cost": 5,
      "loadout": 1,
      "xws": "miningguildsentry",
      "text": "As part of its arrangement with the Empire, the Mining Guild receives modified TIE/ln Fighters to protect its operations. These craft have solar panels removed from their stabilizers for improved visibility, and feature more extensive life support systems for the benefit of their corporate pilots.",
      "shipAbility": {
        "name": "Notched Stabilizers",
        "text": "While you move, you ignore asteroids."
      },
      "image": "https://infinitearenas.com/xw2/images/pilots/miningguildsentry.png",
      "artwork": "https://infinitearenas.com/xw2/images/artwork/pilots/miningguildsentry.png",
      "slots": [
        "Modification",
        "Modification"
      ],
      "standard": true,
      "extended": true,
      "keywords": [
        "TIE"
      ],
      "epic": true,
      "restricted": 0
    },
    {
      "name": "Lapin",
      "caption": "Stickler for Details",
      "initiative": 3,
      "limited": 1,
      "cost": 8,
      "loadout": 9,
      "xws": "lapin",
      "ability": "While you defend or perform an attack, if the enemy ship is stressed, that ship's dice cannot be modified.",
      "shipAbility": {
        "name": "Notched Stabilizers",
        "text": "While you move, you ignore asteroids."
      },
      "image": "https://infinitearenas.com/xw2/images/pilots/lapin.png",
      "artwork": "https://infinitearenas.com/xw2/images/artwork/pilots/lapin.png",
      "slots": [
        "Modification",
        "Modification",
        "Talent"
      ],
      "standard": true,
      "extended": true,
      "keywords": [
        "TIE"
      ],
      "epic": true,
      "restricted": 0
    }
  ]
}
