{
  "name": "Lancer-class Pursuit Craft",
  "xws": "lancerclasspursuitcraft",
  "size": "Large",
  "dial": [
    "1BW",
    "1FW",
    "1NW",
    "2TW",
    "2BW",
    "2FB",
    "2NW",
    "2YW",
    "3TB",
    "3BB",
    "3FB",
    "3NB",
    "3YB",
    "4FB",
    "5FW",
    "5KR"
  ],
  "dialCodes": [
    "LPC"
  ],
  "faction": "scumandvillainy",
  "stats": [
    {
      "arc": "Front Arc",
      "type": "attack",
      "value": 3
    },
    {
      "arc": "Single Turret Arc",
      "type": "attack",
      "value": 2
    },
    {
      "type": "agility",
      "value": 2
    },
    {
      "type": "hull",
      "value": 8
    },
    {
      "type": "shields",
      "value": 2
    }
  ],
  "actions": [
    {
      "difficulty": "White",
      "type": "Focus"
    },
    {
      "difficulty": "White",
      "type": "Evade"
    },
    {
      "difficulty": "White",
      "type": "Lock"
    },
    {
      "difficulty": "White",
      "type": "Rotate Arc"
    }
  ],
  "icon": "https://infinitearenas.com/xw2/images/shipicons/scum-and-villainy/I_ShadowCaster.png",
  "pilots": [
    {
      "name": "Asajj Ventress",
      "caption": "Force of Her Own",
      "initiative": 4,
      "limited": 1,
      "cost": 16,
      "loadout": 16,
      "xws": "asajjventress",
      "ability": "At the start of the Engagement Phase, you may choose 1 enemy ship in your [Single Turret Arc] at range 0-2 and spend 1 [Force]. If you do, that ship gains 1 stress token unless it removes 1 green token.",
      "image": "https://infinitearenas.com/xw2/images/pilots/asajjventress.png",
      "force": {
        "value": 2,
        "recovers": 1,
        "side": [
          "dark"
        ]
      },
      "slots": [
        "Crew",
        "Illicit",
        "Illicit",
        "Modification",
        "Force Power"
      ],
      "artwork": "https://infinitearenas.com/xw2/images/artwork/pilots/asajjventress.png",
      "standard": false,
      "extended": true,
      "keywords": [
        "Bounty Hunter",
        "Dark Side"
      ],
      "epic": true,
      "restricted": 0
    },
    {
      "name": "Ketsu Onyo",
      "caption": "Black Sun Contractor",
      "initiative": 5,
      "limited": 1,
      "cost": 16,
      "loadout": 15,
      "xws": "ketsuonyo",
      "ability": "At the start of the Engagement Phase, you may choose 1 ship in both your [Front Arc] and [Single Turret Arc] at range 0-1. If you do, that ship gains 1 tractor token.",
      "image": "https://infinitearenas.com/xw2/images/pilots/ketsuonyo.png",
      "slots": [
        "Crew",
        "Illicit",
        "Illicit",
        "Modification",
        "Talent",
        "Title"
      ],
      "artwork": "https://infinitearenas.com/xw2/images/artwork/pilots/ketsuonyo.png",
      "standard": false,
      "extended": true,
      "keywords": [
        "Bounty Hunter",
        "Mandalorian"
      ],
      "epic": true,
      "restricted": 0
    },
    {
      "name": "Sabine Wren",
      "caption": "Artistic Saboteur",
      "initiative": 3,
      "limited": 1,
      "cost": 15,
      "loadout": 16,
      "xws": "sabinewren-lancerclasspursuitcraft",
      "ability": "While you defend, if the attacker is in your [Single Turret Arc] at range 0-2, you may add 1 [Focus] result to your dice results.",
      "image": "https://infinitearenas.com/xw2/images/pilots/sabinewren-lancerclasspursuitcraft.png",
      "slots": [
        "Crew",
        "Illicit",
        "Illicit",
        "Modification",
        "Talent",
        "Title"
      ],
      "artwork": "https://infinitearenas.com/xw2/images/artwork/pilots/sabinewren-lancerclasspursuitcraft.png",
      "standard": false,
      "extended": true,
      "keywords": [
        "Bounty Hunter",
        "Mandalorian"
      ],
      "epic": true,
      "restricted": 0
    },
    {
      "name": "Shadowport Hunter",
      "initiative": 2,
      "limited": 0,
      "cost": 14,
      "loadout": 14,
      "xws": "shadowporthunter",
      "text": "Crime syndicates augment the lethal skills of their loyal contractors with the best technology available, like the fast and formidable Lancer-class pursuit craft.",
      "image": "https://infinitearenas.com/xw2/images/pilots/shadowporthunter.png",
      "slots": [
        "Crew",
        "Illicit",
        "Illicit",
        "Modification"
      ],
      "artwork": "https://infinitearenas.com/xw2/images/artwork/pilots/shadowporthunter.png",
      "standard": false,
      "extended": true,
      "keywords": [
        "Bounty Hunter"
      ],
      "epic": true,
      "restricted": 0
    }
  ]
}
