{
  "name": "M3-A Interceptor",
  "xws": "m3ainterceptor",
  "size": "Small",
  "dial": [
    "1TW",
    "1BB",
    "1NB",
    "1YW",
    "2TW",
    "2BW",
    "2FB",
    "2NW",
    "2YW",
    "3BW",
    "3FB",
    "3NW",
    "3KR",
    "4FW",
    "5FW",
    "5KR"
  ],
  "dialCodes": [
    "M3A"
  ],
  "faction": "scumandvillainy",
  "stats": [
    {
      "arc": "Front Arc",
      "type": "attack",
      "value": 2
    },
    {
      "type": "agility",
      "value": 3
    },
    {
      "type": "hull",
      "value": 3
    },
    {
      "type": "shields",
      "value": 1
    }
  ],
  "actions": [
    {
      "difficulty": "White",
      "type": "Focus"
    },
    {
      "difficulty": "White",
      "type": "Evade"
    },
    {
      "difficulty": "White",
      "type": "Lock"
    },
    {
      "difficulty": "White",
      "type": "Barrel Roll"
    }
  ],
  "icon": "https://infinitearenas.com/xw2/images/shipicons/scum-and-villainy/I_Scyk.png",
  "pilots": [
    {
      "name": "Cartel Spacer",
      "initiative": 1,
      "limited": 0,
      "cost": 6,
      "loadout": 0,
      "xws": "cartelspacer",
      "text": "MandalMotors' M3-A “Scyk” Interceptor is purchased in large quantities by the Hutt Cartel and the Car'das smugglers due to its low cost and customizability.",
      "image": "https://infinitearenas.com/xw2/images/pilots/cartelspacer.png",
      "shipAbility": {
        "name": "Weapon Hardpoint",
        "text": "You can equip 1 [Cannon], [Torpedo], or [Missile] upgrade."
      },
      "slots": [
        "Modification",
        "Illicit"
      ],
      "artwork": "https://infinitearenas.com/xw2/images/artwork/pilots/cartelspacer.png",
      "standard": true,
      "extended": true,
      "epic": true,
      "restricted": 3
    },
    {
      "name": "Genesis Red",
      "caption": "Tansarii Point Crime Lord",
      "initiative": 4,
      "limited": 1,
      "cost": 10,
      "loadout": 14,
      "xws": "genesisred",
      "ability": "After you acquire a lock, you must remove all of your focus and evade tokens. Then, gain the same number of focus and evade tokens that the locked ship has.",
      "image": "https://infinitearenas.com/xw2/images/pilots/genesisred.png",
      "shipAbility": {
        "name": "Weapon Hardpoint",
        "text": "You can equip 1 [Cannon], [Torpedo], or [Missile] upgrade."
      },
      "slots": [
        "Modification",
        "Talent",
        "Illicit"
      ],
      "artwork": "https://infinitearenas.com/xw2/images/artwork/pilots/genesisred.png",
      "standard": true,
      "extended": true,
      "epic": true,
      "restricted": 0
    },
    {
      "name": "Inaldra",
      "caption": "Tansarii Point Boss",
      "initiative": 2,
      "limited": 1,
      "cost": 8,
      "loadout": 10,
      "xws": "inaldra",
      "ability": "While you defend or perform an attack, you may suffer 1 [Hit] damage to reroll any number of your dice.",
      "image": "https://infinitearenas.com/xw2/images/pilots/inaldra.png",
      "shipAbility": {
        "name": "Weapon Hardpoint",
        "text": "You can equip 1 [Cannon], [Torpedo], or [Missile] upgrade."
      },
      "slots": [
        "Modification",
        "Illicit"
      ],
      "artwork": "https://infinitearenas.com/xw2/images/artwork/pilots/inaldra.png",
      "standard": true,
      "extended": true,
      "epic": true,
      "restricted": 0
    },
    {
      "name": "Laetin A’shera",
      "caption": "Car’das Enforcer",
      "initiative": 3,
      "limited": 1,
      "cost": 9,
      "loadout": 12,
      "xws": "laetinashera",
      "ability": "After you defend or perform an attack, if the attack missed, gain 1 evade token.",
      "image": "https://infinitearenas.com/xw2/images/pilots/laetinashera.png",
      "shipAbility": {
        "name": "Weapon Hardpoint",
        "text": "You can equip 1 [Cannon], [Torpedo], or [Missile] upgrade."
      },
      "slots": [
        "Modification",
        "Talent",
        "Illicit"
      ],
      "artwork": "https://infinitearenas.com/xw2/images/artwork/pilots/laetinashera.png",
      "standard": true,
      "extended": true,
      "epic": true,
      "restricted": 0
    },
    {
      "name": "Quinn Jast",
      "caption": "Fortune Seeker",
      "initiative": 3,
      "limited": 1,
      "cost": 9,
      "loadout": 13,
      "xws": "quinnjast",
      "ability": "At the start of the Engagement Phase, you may gain 1 disarm token to recover 1 [Charge] on 1 of your equipped upgrades.",
      "image": "https://infinitearenas.com/xw2/images/pilots/quinnjast.png",
      "shipAbility": {
        "name": "Weapon Hardpoint",
        "text": "You can equip 1 [Cannon], [Torpedo], or [Missile] upgrade."
      },
      "slots": [
        "Modification",
        "Talent",
        "Illicit"
      ],
      "artwork": "https://infinitearenas.com/xw2/images/artwork/pilots/quinnjast.png",
      "standard": true,
      "extended": true,
      "keywords": [
        "Bounty Hunter"
      ],
      "epic": true,
      "restricted": 0
    },
    {
      "name": "Serissu",
      "caption": "Flight Instructor",
      "initiative": 5,
      "limited": 1,
      "cost": 10,
      "loadout": 11,
      "xws": "serissu",
      "ability": "While a friendly ship at range 0-1 defends, it may reroll 1 of its dice.",
      "image": "https://infinitearenas.com/xw2/images/pilots/serissu.png",
      "shipAbility": {
        "name": "Weapon Hardpoint",
        "text": "You can equip 1 [Cannon], [Torpedo], or [Missile] upgrade."
      },
      "slots": [
        "Modification",
        "Talent"
      ],
      "artwork": "https://infinitearenas.com/xw2/images/artwork/pilots/serissu.png",
      "standard": true,
      "extended": true,
      "epic": true,
      "restricted": 0
    },
    {
      "name": "Sunny Bounder",
      "caption": "Incurable Optimist",
      "initiative": 1,
      "limited": 1,
      "cost": 8,
      "loadout": 12,
      "xws": "sunnybounder",
      "ability": "While you defend or perform an attack, after you roll or reroll your dice, if you have the same result on each of your dice, you may add 1 matching result.",
      "image": "https://infinitearenas.com/xw2/images/pilots/sunnybounder.png",
      "shipAbility": {
        "name": "Weapon Hardpoint",
        "text": "You can equip 1 [Cannon], [Torpedo], or [Missile] upgrade."
      },
      "slots": [
        "Modification"
      ],
      "artwork": "https://infinitearenas.com/xw2/images/artwork/pilots/sunnybounder.png",
      "standard": true,
      "extended": true,
      "epic": true,
      "restricted": 0
    },
    {
      "name": "Tansarii Point Veteran",
      "initiative": 3,
      "limited": 0,
      "cost": 8,
      "loadout": 10,
      "xws": "tansariipointveteran",
      "text": "The defeat of Black Sun ace Talonbane Cobra by Car'das smugglers turned the tide of the Battle of Tansarii Point Station. Survivors of the clash are respected throughout the sector.",
      "image": "https://infinitearenas.com/xw2/images/pilots/tansariipointveteran.png",
      "shipAbility": {
        "name": "Weapon Hardpoint",
        "text": "You can equip 1 [Cannon], [Torpedo], or [Missile] upgrade."
      },
      "slots": [
        "Modification",
        "Talent",
        "Illicit"
      ],
      "artwork": "https://infinitearenas.com/xw2/images/artwork/pilots/tansariipointveteran.png",
      "standard": true,
      "extended": true,
      "epic": true,
      "restricted": 0
    },
    {
      "name": "G4R-G0R V/M",
      "xws": "g4rgorvm",
      "initiative": 0,
      "limited": 1,
      "shipAbility": {
        "name": "Weapon Hardpoint",
        "text": "You can equip 1 [Cannon], [Torpedo], or [Missile] upgrade."
      },
      "caption": "Tilted Droid",
      "standard": true,
      "extended": true,
      "slots": [
        "Modification"
      ],
      "ability": "After you defend, each other ship at range 0 suffers 1 [Critical Hit] damage.",
      "cost": 7,
      "loadout": 7,
      "artwork": "https://infinitearenas.com/xw2/images/artwork/pilots/g4rgorvm.png",
      "image": "https://infinitearenas.com/xw2/images/pilots/g4rgorvm.png",
      "shipActions": [
        {
          "difficulty": "White",
          "type": "Calculate"
        },
        {
          "difficulty": "White",
          "type": "Evade"
        },
        {
          "difficulty": "White",
          "type": "Lock"
        },
        {
          "difficulty": "White",
          "type": "Barrel Roll"
        }
      ],
      "keywords": [
        "Droid"
      ],
      "epic": true,
      "restricted": 0
    }
  ]
}
