[
  {
    "name": "Composure",
    "limited": 0,
    "xws": "composure",
    "sides": [
      {
        "title": "Composure",
        "type": "Talent",
        "ability": "After you fail an action, if you have no green tokens, you may perform a [Focus] action. If you do, you cannot perform additional actions this round.",
        "slots": [
          "Talent"
        ],
        "image": "https://infinitearenas.com/xw2/images/upgrades/composure.png",
        "artwork": "https://infinitearenas.com/xw2/images/artwork/upgrades/composure.png"
      }
    ],
    "cost": {
      "value": 1
    },
    "restrictions": [
      {
        "action": {
          "type": "Focus"
        }
      }
    ],
    "standard": false,
    "extended": true,
    "epic": true,
    "restricted": 0
  },
  {
    "name": "Crack Shot",
    "limited": 0,
    "xws": "crackshot",
    "sides": [
      {
        "title": "Crack Shot",
        "type": "Talent",
        "ability": "While you perform a primary attack, if the defender is in your [Bullseye Arc], before the Neutralize Results step, you may spend 1 [Charge] to cancel 1 [Evade] result.",
        "slots": [
          "Talent"
        ],
        "charges": {
          "value": 1,
          "recovers": 0
        },
        "image": "https://infinitearenas.com/xw2/images/upgrades/crackshot.png",
        "artwork": "https://infinitearenas.com/xw2/images/artwork/upgrades/crackshot.png"
      }
    ],
    "cost": {
      "value": 5
    },
    "standard": true,
    "extended": true,
    "epic": true,
    "restricted": 0
  },
  {
    "name": "Daredevil",
    "limited": 0,
    "xws": "daredevil",
    "sides": [
      {
        "title": "Daredevil",
        "type": "Talent",
        "ability": "While you perform a white [Boost] action, you may treat it as red to use the [1 [Turn Left]] or [1 [Turn Right]] template instead.",
        "slots": [
          "Talent"
        ],
        "image": "https://infinitearenas.com/xw2/images/upgrades/daredevil.png",
        "artwork": "https://infinitearenas.com/xw2/images/artwork/upgrades/daredevil.png"
      }
    ],
    "cost": {
      "value": 4
    },
    "restrictions": [
      {
        "sizes": [
          "Small"
        ]
      },
      {
        "action": {
          "type": "Boost",
          "difficulty": "White"
        }
      }
    ],
    "standard": true,
    "extended": true,
    "epic": true,
    "restricted": 0
  },
  {
    "name": "Debris Gambit",
    "limited": 0,
    "xws": "debrisgambit",
    "sides": [
      {
        "title": "Debris Gambit",
        "type": "Talent",
        "ability": "While you perform a red [Evade] action, if there is an obstacle at range 0-1, treat the action as white instead.",
        "slots": [
          "Talent"
        ],
        "actions": [
          {
            "type": "Evade",
            "difficulty": "Red"
          }
        ],
        "grants": [
          {
            "type": "action",
            "value": {
              "type": "Evade",
              "difficulty": "Red"
            }
          }
        ],
        "image": "https://infinitearenas.com/xw2/images/upgrades/debrisgambit.png",
        "artwork": "https://infinitearenas.com/xw2/images/artwork/upgrades/debrisgambit.png"
      }
    ],
    "cost": {
      "value": 3
    },
    "restrictions": [
      {
        "sizes": [
          "Small",
          "Medium"
        ]
      }
    ],
    "standard": true,
    "extended": true,
    "epic": true,
    "restricted": 0
  },
  {
    "name": "Elusive",
    "limited": 0,
    "xws": "elusive",
    "sides": [
      {
        "title": "Elusive",
        "type": "Talent",
        "ability": "While you defend, you may spend 1 [Charge] to reroll 1 defense die. After you fully execute a red maneuver, recover 1 [Charge].",
        "slots": [
          "Talent"
        ],
        "charges": {
          "value": 1,
          "recovers": 0
        },
        "image": "https://infinitearenas.com/xw2/images/upgrades/elusive.png",
        "artwork": "https://infinitearenas.com/xw2/images/artwork/upgrades/elusive.png"
      }
    ],
    "cost": {
      "value": 4
    },
    "restrictions": [
      {
        "sizes": [
          "Small",
          "Medium"
        ]
      }
    ],
    "standard": true,
    "extended": true,
    "epic": true,
    "restricted": 0
  },
  {
    "name": "Expert Handling",
    "limited": 0,
    "xws": "experthandling",
    "sides": [
      {
        "title": "Expert Handling",
        "type": "Talent",
        "text": "While heavy fighters can often be coaxed into a barrel roll, seasoned pilots know how to do it without putting undue stress on their craft or leaving themselves open to attack.",
        "slots": [
          "Talent"
        ],
        "actions": [
          {
            "type": "Barrel Roll",
            "difficulty": "White"
          }
        ],
        "grants": [
          {
            "type": "action",
            "value": {
              "type": "Barrel Roll",
              "difficulty": "White"
            }
          }
        ],
        "image": "https://infinitearenas.com/xw2/images/upgrades/experthandling.png",
        "artwork": "https://infinitearenas.com/xw2/images/artwork/upgrades/experthandling.png"
      }
    ],
    "cost": {
      "value": 2
    },
    "restrictions": [
      {
        "action": {
          "type": "Barrel Roll",
          "difficulty": "Red"
        }
      }
    ],
    "standard": true,
    "extended": true,
    "epic": true,
    "restricted": 0
  },
  {
    "name": "Fanatical",
    "limited": 0,
    "xws": "fanatical",
    "sides": [
      {
        "title": "Fanatical",
        "type": "Talent",
        "ability": "While you perform a primary attack, if you are not shielded, you may change 1 [Focus] result to a [Hit] result.",
        "image": "https://infinitearenas.com/xw2/images/upgrades/fanatical.png",
        "slots": [
          "Talent"
        ],
        "artwork": "https://infinitearenas.com/xw2/images/artwork/upgrades/fanatical.png"
      }
    ],
    "cost": {
      "value": 2
    },
    "restrictions": [
      {
        "factions": [
          "firstorder"
        ]
      }
    ],
    "standard": true,
    "extended": true,
    "epic": true,
    "restricted": 0
  },
  {
    "name": "Fearless",
    "limited": 0,
    "xws": "fearless",
    "sides": [
      {
        "title": "Fearless",
        "type": "Talent",
        "ability": "While you perform a [Front Arc] primary attack, if the attack range is 1 and you are in the defender's [Front Arc], you may change 1 of your results to a [Hit] result.",
        "image": "https://infinitearenas.com/xw2/images/upgrades/fearless.png",
        "slots": [
          "Talent"
        ],
        "artwork": "https://infinitearenas.com/xw2/images/artwork/upgrades/fearless.png"
      }
    ],
    "cost": {
      "value": 3
    },
    "restrictions": [
      {
        "factions": [
          "scumandvillainy"
        ]
      }
    ],
    "standard": true,
    "extended": true,
    "epic": true,
    "restricted": 0
  },
  {
    "name": "Heroic",
    "limited": 0,
    "xws": "heroic",
    "sides": [
      {
        "title": "Heroic",
        "type": "Talent",
        "ability": "While you defend or perform an attack, if you have only blank results and have 2 or more results, you may reroll any number of your dice.",
        "slots": [
          "Talent"
        ],
        "image": "https://infinitearenas.com/xw2/images/upgrades/heroic.png",
        "artwork": "https://infinitearenas.com/xw2/images/artwork/upgrades/heroic.png"
      }
    ],
    "cost": {
      "value": 2
    },
    "restrictions": [
      {
        "factions": [
          "resistance"
        ]
      }
    ],
    "standard": true,
    "extended": true,
    "epic": true,
    "restricted": 0
  },
  {
    "name": "Intimidation",
    "limited": 0,
    "xws": "intimidation",
    "sides": [
      {
        "title": "Intimidation",
        "type": "Talent",
        "ability": "While an enemy ship at range 0 defends, it rolls 1 fewer defense die.",
        "slots": [
          "Talent"
        ],
        "image": "https://infinitearenas.com/xw2/images/upgrades/intimidation.png",
        "artwork": "https://infinitearenas.com/xw2/images/artwork/upgrades/intimidation.png"
      }
    ],
    "cost": {
      "value": 7
    },
    "standard": false,
    "extended": true,
    "epic": true,
    "restricted": 0
  },
  {
    "name": "Juke",
    "limited": 0,
    "xws": "juke",
    "sides": [
      {
        "title": "Juke",
        "type": "Talent",
        "ability": "While you perform an attack, if you are evading, you may change 1 of the defender's [Evade] results to a [Focus] result.",
        "slots": [
          "Talent"
        ],
        "image": "https://infinitearenas.com/xw2/images/upgrades/juke.png",
        "artwork": "https://infinitearenas.com/xw2/images/artwork/upgrades/juke.png"
      }
    ],
    "cost": {
      "value": 7
    },
    "restrictions": [
      {
        "sizes": [
          "Small",
          "Medium"
        ]
      }
    ],
    "standard": true,
    "extended": true,
    "epic": true,
    "restricted": 0
  },
  {
    "name": "Lone Wolf",
    "limited": 1,
    "xws": "lonewolf",
    "sides": [
      {
        "title": "Lone Wolf",
        "type": "Talent",
        "ability": "While you defend or perform an attack, if there are no other friendly ships at range 0-2, you may spend 1 [Charge] to reroll 1 of your dice.",
        "slots": [
          "Talent"
        ],
        "charges": {
          "value": 1,
          "recovers": 1
        },
        "image": "https://infinitearenas.com/xw2/images/upgrades/lonewolf.png",
        "artwork": "https://infinitearenas.com/xw2/images/artwork/upgrades/lonewolf.png"
      }
    ],
    "cost": {
      "value": 3
    },
    "standard": true,
    "extended": true,
    "epic": true,
    "restricted": 0
  },
  {
    "name": "Marksmanship",
    "limited": 0,
    "xws": "marksmanship",
    "sides": [
      {
        "title": "Marksmanship",
        "type": "Talent",
        "ability": "While you perform an attack, if the defender is in your [Bullseye Arc], you may change 1 [Hit] result to a [Critical Hit] result.",
        "slots": [
          "Talent"
        ],
        "image": "https://infinitearenas.com/xw2/images/upgrades/marksmanship.png",
        "artwork": "https://infinitearenas.com/xw2/images/artwork/upgrades/marksmanship.png"
      }
    ],
    "cost": {
      "value": 2
    },
    "standard": true,
    "extended": true,
    "epic": true,
    "restricted": 0
  },
  {
    "name": "Outmaneuver",
    "limited": 0,
    "xws": "outmaneuver",
    "sides": [
      {
        "title": "Outmaneuver",
        "type": "Talent",
        "ability": "While you perform a [Front Arc] attack, if you are not in the defender's firing arc, the defender rolls 1 fewer defense die.",
        "slots": [
          "Talent"
        ],
        "image": "https://infinitearenas.com/xw2/images/upgrades/outmaneuver.png",
        "artwork": "https://infinitearenas.com/xw2/images/artwork/upgrades/outmaneuver.png"
      }
    ],
    "cost": {
      "value": 9
    },
    "standard": true,
    "extended": true,
    "epic": true,
    "restricted": 0
  },
  {
    "name": "Predator",
    "limited": 0,
    "xws": "predator",
    "sides": [
      {
        "title": "Predator",
        "type": "Talent",
        "ability": "While you perform a primary attack, if the defender is in your [Bullseye Arc], you may reroll 1 attack die.",
        "slots": [
          "Talent"
        ],
        "image": "https://infinitearenas.com/xw2/images/upgrades/predator.png",
        "artwork": "https://infinitearenas.com/xw2/images/artwork/upgrades/predator.png"
      }
    ],
    "cost": {
      "value": 3
    },
    "standard": true,
    "extended": true,
    "epic": true,
    "restricted": 0
  },
  {
    "name": "Ruthless",
    "limited": 0,
    "xws": "ruthless",
    "sides": [
      {
        "title": "Ruthless",
        "type": "Talent",
        "ability": "While you perform an attack, you may choose another friendly ship at range 0-1 of the defender. If you do, that ship suffers 1 [Hit] damage and you may change 1 of your die results to a [Hit] result.",
        "image": "https://infinitearenas.com/xw2/images/upgrades/ruthless.png",
        "slots": [
          "Talent"
        ],
        "artwork": "https://infinitearenas.com/xw2/images/artwork/upgrades/ruthless.png"
      }
    ],
    "cost": {
      "value": 2
    },
    "restrictions": [
      {
        "factions": [
          "galacticempire"
        ]
      }
    ],
    "standard": true,
    "extended": true,
    "epic": true,
    "restricted": 0
  },
  {
    "name": "Saturation Salvo",
    "limited": 0,
    "xws": "saturationsalvo",
    "sides": [
      {
        "title": "Saturation Salvo",
        "type": "Talent",
        "ability": "While you perform a [Torpedo] or [Missile] attack, you may spend 1 [Charge] from that upgrade. If you do, choose two defense dice. The defender must reroll those dice.",
        "slots": [
          "Talent"
        ],
        "image": "https://infinitearenas.com/xw2/images/upgrades/saturationsalvo.png",
        "artwork": "https://infinitearenas.com/xw2/images/artwork/upgrades/saturationsalvo.png"
      }
    ],
    "cost": {
      "value": 6
    },
    "restrictions": [
      {
        "action": {
          "type": "Reload"
        }
      }
    ],
    "standard": true,
    "extended": true,
    "epic": true,
    "restricted": 0
  },
  {
    "name": "Selfless",
    "limited": 0,
    "xws": "selfless",
    "sides": [
      {
        "title": "Selfless",
        "type": "Talent",
        "ability": "While another friendly ship at range 0-1 defends, before the Neutralize Results step, if you are in the attack arc, you may suffer 1 [Critical Hit] damage to cancel 1 [Critical Hit] result.",
        "image": "https://infinitearenas.com/xw2/images/upgrades/selfless.png",
        "slots": [
          "Talent"
        ],
        "artwork": "https://infinitearenas.com/xw2/images/artwork/upgrades/selfless.png"
      }
    ],
    "cost": {
      "value": 3
    },
    "restrictions": [
      {
        "factions": [
          "rebelalliance"
        ]
      }
    ],
    "standard": true,
    "extended": true,
    "epic": true,
    "restricted": 0
  },
  {
    "name": "Squad Leader",
    "limited": 1,
    "xws": "squadleader",
    "sides": [
      {
        "title": "Squad Leader",
        "type": "Talent",
        "ability": "While you coordinate, the ship you choose can perform an action only if that action is also on your action bar.",
        "slots": [
          "Talent"
        ],
        "actions": [
          {
            "type": "Coordinate",
            "difficulty": "Red"
          }
        ],
        "grants": [
          {
            "type": "action",
            "value": {
              "type": "Coordinate",
              "difficulty": "Red"
            }
          }
        ],
        "image": "https://infinitearenas.com/xw2/images/upgrades/squadleader.png",
        "artwork": "https://infinitearenas.com/xw2/images/artwork/upgrades/squadleader.png"
      }
    ],
    "cost": {
      "value": 5
    },
    "standard": true,
    "extended": true,
    "epic": true,
    "restricted": 0
  },
  {
    "name": "Swarm Tactics",
    "limited": 0,
    "xws": "swarmtactics",
    "sides": [
      {
        "title": "Swarm Tactics",
        "type": "Talent",
        "ability": "At the start of the Engagement Phase, you may choose 1 friendly ship at range 1. If you do, that ship treats its initiative as equal to yours until the end of the round.",
        "slots": [
          "Talent"
        ],
        "image": "https://infinitearenas.com/xw2/images/upgrades/swarmtactics.png",
        "artwork": "https://infinitearenas.com/xw2/images/artwork/upgrades/swarmtactics.png"
      }
    ],
    "cost": {
      "value": 7
    },
    "standard": true,
    "extended": true,
    "epic": true,
    "restricted": 0
  },
  {
    "name": "Trick Shot",
    "limited": 0,
    "xws": "trickshot",
    "sides": [
      {
        "title": "Trick Shot",
        "type": "Talent",
        "ability": "While you perform an attack that is obstructed by an obstacle, roll 1 additional attack die.",
        "slots": [
          "Talent"
        ],
        "image": "https://infinitearenas.com/xw2/images/upgrades/trickshot.png",
        "artwork": "https://infinitearenas.com/xw2/images/artwork/upgrades/trickshot.png"
      }
    ],
    "cost": {
      "value": 5
    },
    "standard": true,
    "extended": true,
    "epic": true,
    "restricted": 0
  },
  {
    "name": "Treacherous",
    "xws": "treacherous",
    "limited": 0,
    "sides": [
      {
        "title": "Treacherous",
        "type": "Talent",
        "ability": "While you defend, you may choose a ship obstructing the attack and spend 1 [Charge]. If you do, cancel 1 [Hit] or [Critical Hit] result, and the ship you chose gains 1 strain token. After a ship at range 0-3 is destroyed, recover 1 [Charge].",
        "slots": [
          "Talent"
        ],
        "charges": {
          "value": 1,
          "recovers": 0
        },
        "image": "https://infinitearenas.com/xw2/images/upgrades/treacherous.png",
        "artwork": "https://infinitearenas.com/xw2/images/artwork/upgrades/treacherous.png"
      }
    ],
    "restrictions": [
      {
        "factions": [
          "separatistalliance"
        ]
      }
    ],
    "cost": {
      "value": 4
    },
    "standard": true,
    "extended": true,
    "epic": true,
    "restricted": 0
  },
  {
    "name": "Dedicated",
    "xws": "dedicated",
    "limited": 0,
    "sides": [
      {
        "title": "Dedicated",
        "type": "Talent",
        "ability": "While another friendly ship in your [Left Arc] or [Right Arc] at range 0-2 defends, if it is limited or has the Dedicated upgrade and you are not strained, you may gain 1 strain token. If you do, the defender rerolls 1 of their blank results.",
        "slots": [
          "Talent"
        ],
        "image": "https://infinitearenas.com/xw2/images/upgrades/dedicated.png",
        "artwork": "https://infinitearenas.com/xw2/images/artwork/upgrades/dedicated.png"
      }
    ],
    "restrictions": [
      {
        "factions": [
          "galacticrepublic"
        ]
      },
      {
        "keywords": [
          "Clone"
        ]
      }
    ],
    "cost": {
      "value": 2
    },
    "standard": true,
    "extended": true,
    "epic": true,
    "restricted": 0
  },
  {
    "name": "Ensnare",
    "xws": "ensnare",
    "limited": 0,
    "sides": [
      {
        "title": "Ensnare",
        "type": "Talent",
        "slots": [
          "Talent"
        ],
        "ability": "At the end of the Activation Phase, if you are tractored, you may choose 1 ship in your [Single Turret Arc] arc at range 0-1. Transfer 1 tractor token to it.",
        "artwork": "https://infinitearenas.com/xw2/images/artwork/upgrades/ensnare.png",
        "image": "https://infinitearenas.com/xw2/images/upgrades/ensnare.png"
      }
    ],
    "cost": {
      "value": 10
    },
    "restrictions": [
      {
        "ships": [
          "nantexclassstarfighter"
        ]
      }
    ],
    "standard": true,
    "extended": true,
    "epic": true,
    "restricted": 0
  },
  {
    "name": "Snap Shot",
    "limited": 0,
    "xws": "snapshot",
    "cost": {
      "value": 7
    },
    "sides": [
      {
        "ability": "After an enemy ship executes a maneuver, you may perform this attack against it as a bonus attack. Attack: Your dice cannot be modified.",
        "title": "Snap Shot",
        "type": "Talent",
        "slots": [
          "Talent"
        ],
        "artwork": "https://infinitearenas.com/xw2/images/artwork/upgrades/snapshot.png",
        "image": "https://infinitearenas.com/xw2/images/upgrades/snapshot.png",
        "attack": {
          "arc": "Front Arc",
          "value": 2,
          "minrange": 2,
          "maxrange": 2,
          "ordnance": true
        }
      }
    ],
    "standard": true,
    "extended": true,
    "epic": true,
    "restricted": 0
  },
  {
    "sides": [
      {
        "title": "Gravitic Deflection",
        "artwork": "https://infinitearenas.com/xw2/images/artwork/upgrades/graviticdeflection.png",
        "image": "https://infinitearenas.com/xw2/images/upgrades/graviticdeflection.png",
        "ability": "While you defend, you may reroll 1 defense die for each tractored ship in the attack arc.",
        "slots": [
          "Talent"
        ],
        "type": "Talent"
      }
    ],
    "name": "Gravitic Deflection",
    "limited": 0,
    "restrictions": [
      {
        "ships": [
          "nantexclassstarfighter"
        ]
      }
    ],
    "cost": {
      "value": 3
    },
    "xws": "graviticdeflection",
    "standard": true,
    "extended": true,
    "epic": true,
    "restricted": 0
  },
  {
    "name": "Proud Tradition",
    "limited": 0,
    "xws": "proudtradition",
    "sides": [
      {
        "ability": "Setup: Equip this side faceup. While you have 2 or fewer stress tokens, you may perform [Focus] actions even while stressed. After you perform an attack, if you are stressed, the defender may spend 1 focus token or suffer 1 [Critical Hit] damage to flip this card.",
        "title": "Proud Tradition",
        "type": "Talent",
        "slots": [
          "Talent"
        ],
        "artwork": "https://infinitearenas.com/xw2/images/artwork/upgrades/proudtradition.png",
        "image": "https://infinitearenas.com/xw2/images/upgrades/proudtradition.png"
      },
      {
        "ability": "Treat your [Focus] actions as red.",
        "title": "False Tradition",
        "type": "Talent",
        "slots": [
          "Talent"
        ],
        "artwork": "https://infinitearenas.com/xw2/images/artwork/upgrades/proudtradition-sideb.png",
        "image": "https://infinitearenas.com/xw2/images/upgrades/proudtradition-sideb.png"
      }
    ],
    "restrictions": [
      {
        "factions": [
          "firstorder"
        ]
      }
    ],
    "cost": {
      "value": 2
    },
    "standard": true,
    "extended": true,
    "epic": true,
    "restricted": 0
  },
  {
    "sides": [
      {
        "title": "Deadeye Shot",
        "type": "Talent",
        "slots": [
          "Talent"
        ],
        "artwork": "https://infinitearenas.com/xw2/images/artwork/upgrades/deadeyeshot.png",
        "image": "https://infinitearenas.com/xw2/images/upgrades/deadeyeshot.png",
        "ability": "While you perform a primary attack, if the defender is in your [Bullseye Arc], you may spend 1 [Hit] result or change 1 [Critical Hit] result to a [Hit] result. If you do, the defender exposes 1 of its damage cards."
      }
    ],
    "name": "Deadeye Shot",
    "restrictions": [
      {
        "sizes": [
          "Small",
          "Medium"
        ]
      }
    ],
    "cost": {
      "value": 1
    },
    "limited": 0,
    "xws": "deadeyeshot",
    "standard": true,
    "extended": true,
    "epic": true,
    "restricted": 0
  },
  {
    "name": "Backwards Tailslide",
    "limited": 0,
    "xws": "backwardstailslide",
    "sides": [
      {
        "ability": "While you boost or barrel roll, if your equipped [Configuration] upgrade has the “(Closed)” side faceup, you can move through and overlap obstacles. After you boost or barrel roll through an obstacle, if you are not at range 0 of it, gain 1 evade token.",
        "title": "Backwards Tailslide",
        "type": "Talent",
        "slots": [
          "Talent"
        ],
        "artwork": "https://infinitearenas.com/xw2/images/artwork/upgrades/backwardstailslide.png",
        "image": "https://infinitearenas.com/xw2/images/upgrades/backwardstailslide.png"
      }
    ],
    "restrictions": [
      {
        "keywords": [
          "X-wing"
        ]
      },
      {
        "equipped": [
          "Configuration"
        ]
      }
    ],
    "cost": {
      "value": 1
    },
    "standard": true,
    "extended": true,
    "epic": true,
    "restricted": 0
  },
  {
    "name": "Ion Limiter Override",
    "limited": 0,
    "xws": "ionlimiteroverride",
    "sides": [
      {
        "ability": "After you fully execute a red maneuver, you may perform a [Barrel Roll] action, even while stressed. If you do, roll an attack die; on a [Hit] result gain 1 strain token, and on a [Critical Hit] result gain 1 ion token.",
        "title": "Ion Limiter Override",
        "type": "Talent",
        "slots": [
          "Talent"
        ],
        "artwork": "https://infinitearenas.com/xw2/images/artwork/upgrades/ionlimiteroverride.png",
        "image": "https://infinitearenas.com/xw2/images/upgrades/ionlimiteroverride.png"
      }
    ],
    "restrictions": [
      {
        "keywords": [
          "TIE"
        ]
      }
    ],
    "cost": {
      "value": 2
    },
    "standard": true,
    "extended": true,
    "epic": true,
    "restricted": 0
  },
  {
    "name": "Marg Sabl Closure",
    "limited": 0,
    "xws": "margsablclosure",
    "sides": [
      {
        "ability": "After you fully execute a maneuver, if you moved through an obstacle, structure, or huge ship, or if you deployed, you may choose 1 enemy ship in your [Front Arc] at range 1-2. That ship gains 1 strain token.",
        "title": "Marg Sabl Closure",
        "type": "Talent",
        "slots": [
          "Talent"
        ],
        "artwork": "https://infinitearenas.com/xw2/images/artwork/upgrades/margsablclosure.png",
        "image": "https://infinitearenas.com/xw2/images/upgrades/margsablclosure.png"
      }
    ],
    "restrictions": [
      {
        "sizes": [
          "Small",
          "Medium"
        ]
      }
    ],
    "cost": {
      "value": 1
    },
    "standard": true,
    "extended": true,
    "epic": true,
    "restricted": 0
  },
  {
    "name": "Starbird Slash",
    "limited": 0,
    "xws": "starbirdslash",
    "sides": [
      {
        "ability": "After you fully execute a maneuver, you may choose 1 enemy ship you moved through. That ship gains 1 strain token. Then, if you are in that ship's firing arc, you gain 1 strain token.",
        "title": "Starbird Slash",
        "type": "Talent",
        "slots": [
          "Talent"
        ],
        "artwork": "https://infinitearenas.com/xw2/images/artwork/upgrades/starbirdslash.png",
        "image": "https://infinitearenas.com/xw2/images/upgrades/starbirdslash.png"
      }
    ],
    "restrictions": [
      {
        "keywords": [
          "A-wing"
        ]
      }
    ],
    "cost": {
      "value": 1
    },
    "standard": true,
    "extended": true,
    "epic": true,
    "restricted": 0
  },
  {
    "name": "Cutthroat",
    "limited": 0,
    "xws": "cutthroat",
    "sides": [
      {
        "ability": "After another friendly ship at range 0-3 is destroyed, if that ship is limited or has the Cutthroat upgrade, you may remove 1 of your orange or red tokens, or recover 1 non-recurring [Charge] on your ship card or one of your equipped upgrade cards.",
        "title": "Cutthroat",
        "type": "Talent",
        "slots": [
          "Talent"
        ],
        "artwork": "https://infinitearenas.com/xw2/images/artwork/upgrades/cutthroat.png",
        "image": "https://infinitearenas.com/xw2/images/upgrades/cutthroat.png"
      }
    ],
    "restrictions": [
      {
        "factions": [
          "scumandvillainy"
        ]
      }
    ],
    "cost": {
      "value": 2
    },
    "standard": true,
    "extended": true,
    "epic": true,
    "restricted": 0
  },
  {
    "name": "Disciplined",
    "limited": 0,
    "xws": "disciplined",
    "sides": [
      {
        "ability": "After another friendly ship at range 0-3 is destroyed, if that ship is limited or has the Disciplined upgrade, you may perform a [Lock] or [Barrel Roll] action.",
        "title": "Disciplined",
        "type": "Talent",
        "slots": [
          "Talent"
        ],
        "artwork": "https://infinitearenas.com/xw2/images/artwork/upgrades/disciplined.png",
        "image": "https://infinitearenas.com/xw2/images/upgrades/disciplined.png"
      }
    ],
    "restrictions": [
      {
        "factions": [
          "galacticempire"
        ]
      }
    ],
    "cost": {
      "value": 2
    },
    "standard": true,
    "extended": true,
    "epic": true,
    "restricted": 0
  },
  {
    "name": "Hopeful",
    "limited": 0,
    "xws": "hopeful",
    "sides": [
      {
        "ability": "After another friendly ship at range 0-3 is destroyed, if that ship is limited or has the Hopeful upgrade, you may perform a [Focus] or [Boost] action.",
        "title": "Hopeful",
        "type": "Talent",
        "slots": [
          "Talent"
        ],
        "artwork": "https://infinitearenas.com/xw2/images/artwork/upgrades/hopeful.png",
        "image": "https://infinitearenas.com/xw2/images/upgrades/hopeful.png"
      }
    ],
    "restrictions": [
      {
        "factions": [
          "rebelalliance"
        ]
      }
    ],
    "cost": {
      "value": 1
    },
    "standard": true,
    "extended": true,
    "epic": true,
    "restricted": 0
  },
  {
    "name": "Interloper Turn",
    "limited": 0,
    "xws": "interloperturn",
    "sides": [
      {
        "ability": "Before you execute a speed 1-2 turn ([Turn Left] or [Turn Right]) or speed 1-2 Koiogran Turn ([Koiogran Turn]) maneuver, if you are at range 0-1 of an asteroid, structure, or huge ship, you may gain 1 tractor token.",
        "title": "Interloper Turn",
        "type": "Talent",
        "slots": [
          "Talent"
        ],
        "artwork": "https://infinitearenas.com/xw2/images/artwork/upgrades/interloperturn.png",
        "image": "https://infinitearenas.com/xw2/images/upgrades/interloperturn.png"
      }
    ],
    "restrictions": [
      {
        "ships": [
          "tieddefender"
        ]
      }
    ],
    "cost": {
      "value": 1
    },
    "standard": false,
    "extended": true,
    "epic": true,
    "restricted": 0
  },
  {
    "name": "Tierfon Belly Run",
    "limited": 0,
    "xws": "tierfonbellyrun",
    "sides": [
      {
        "ability": "You can perform special attacks even while at range 0 of asteroids. While you defend, if you are at range 0 of an obstacle, attack dice cannot be rerolled.",
        "title": "Tierfon Belly Run",
        "type": "Talent",
        "slots": [
          "Talent"
        ],
        "artwork": "https://infinitearenas.com/xw2/images/artwork/upgrades/tierfonbellyrun.png",
        "image": "https://infinitearenas.com/xw2/images/upgrades/tierfonbellyrun.png"
      }
    ],
    "restrictions": [
      {
        "keywords": [
          "Y-wing"
        ]
      }
    ],
    "cost": {
      "value": 1
    },
    "standard": true,
    "extended": true,
    "epic": true,
    "restricted": 0
  },
  {
    "name": "Feedback Ping",
    "limited": 0,
    "xws": "feedbackping",
    "sides": [
      {
        "title": "Feedback Ping",
        "type": "Talent",
        "ability": "After a ship executes a maneuver, if it is at range 0-1 of a friendly device, you may acquire a lock on that ship, ignoring range restrictions.",
        "slots": [
          "Talent"
        ],
        "artwork": "https://infinitearenas.com/xw2/images/artwork/upgrades/feedbackping.png",
        "image": "https://infinitearenas.com/xw2/images/upgrades/feedbackping.png"
      }
    ],
    "cost": {
      "value": 1
    },
    "restrictions": [
      {
        "keywords": [
          "TIE"
        ]
      },
      {
        "action": {
          "type": "Reload"
        }
      }
    ],
    "standard": true,
    "extended": true,
    "epic": true,
    "restricted": 0
  },
  {
    "name": "Clan Training",
    "limited": 0,
    "xws": "clantraining",
    "sides": [
      {
        "title": "Clan Training",
        "type": "Talent",
        "ability": "Before you engage, if you are not focused and there is an enemy ship in your [Front Arc] at range 1, you may spend 1 [Charge] to perform a red [Focus] action. After you perform an attack, if the defender is destroyed, recover 1 [Charge].",
        "charges": {
          "value": 1,
          "recovers": 0
        },
        "slots": [
          "Talent"
        ],
        "artwork": "https://infinitearenas.com/xw2/images/artwork/upgrades/clantraining.png",
        "image": "https://infinitearenas.com/xw2/images/upgrades/clantraining.png"
      }
    ],
    "cost": {
      "value": 1
    },
    "restrictions": [
      {
        "keywords": [
          "Mandalorian"
        ]
      }
    ],
    "standard": true,
    "extended": true,
    "epic": true,
    "restricted": 0
  },
  {
    "name": "Notorious",
    "limited": 1,
    "xws": "notorious",
    "sides": [
      {
        "title": "Notorious",
        "type": "Talent",
        "ability": "After you defend, if the attacker is in your firing arc, you may spend 1 [Charge]. If you do, the attacker gains 1 strain token. While you perform an attack, if the defender is strained, you may reroll 1 blank result.",
        "charges": {
          "value": 2,
          "recovers": 1
        },
        "slots": [
          "Talent"
        ],
        "artwork": "https://infinitearenas.com/xw2/images/artwork/upgrades/notorious.png",
        "image": "https://infinitearenas.com/xw2/images/upgrades/notorious.png"
      }
    ],
    "cost": {
      "value": 6
    },
    "restrictions": [
      {
        "equipped": [
          "Illicit"
        ]
      }
    ],
    "standard": true,
    "extended": true,
    "epic": true,
    "restricted": 0
  },
  {
    "name": "Enduring",
    "limited": 0,
    "xws": "enduring",
    "sides": [
      {
        "title": "Enduring",
        "type": "Talent",
        "ability": "While you defend, if you are not in the attacker's [Bullseye Arc], [Critical Hit] results are neutralized before [Hit] results. After you suffer [Critical Hit] damage, you may perform a [Calculate] or [Focus] action on your action bar, even while stressed, treating that action as red.",
        "slots": [
          "Talent"
        ],
        "artwork": "https://infinitearenas.com/xw2/images/artwork/upgrades/enduring.png",
        "image": "https://infinitearenas.com/xw2/images/upgrades/enduring.png"
      }
    ],
    "cost": {
      "value": 3
    },
    "standard": true,
    "extended": true,
    "epic": true,
    "restricted": 0
  },
  {
    "name": "Attack Speed",
    "limited": 0,
    "xws": "attackspeed-battleofyavin",
    "sides": [
      {
        "title": "Attack Speed",
        "type": "Talent",
        "ability": "After you fully execute a [3 [Straight]] or [4 [Straight]] maneuver, you may perform a boost using the [1 [Straight]] template. (This is not an action).",
        "slots": [
          "Talent"
        ]
      }
    ],
    "standard": true,
    "extended": true,
    "epic": true,
    "standardLoadoutOnly": true,
    "restricted": 0
  },
  {
    "name": "Fanatic",
    "limited": 0,
    "xws": "fanatic-battleofyavin",
    "sides": [
      {
        "title": "Fanatic",
        "type": "Talent",
        "ability": "While you perform a primary attack, if you are damaged, you may change 1 [Focus] result to a [Hit] result.",
        "slots": [
          "Talent"
        ]
      }
    ],
    "standard": true,
    "extended": true,
    "epic": true,
    "standardLoadoutOnly": true,
    "restricted": 0
  },
  {
    "name": "Vengeful",
    "limited": 0,
    "xws": "vengeful-battleofyavin",
    "sides": [
      {
        "title": "Vengeful",
        "type": "Talent",
        "ability": "After a friendly ship at range 0-3 is destroyed, if that ship is limited, you may remove 1 of your red tokens or recover 1 recurring charge on your ship card.",
        "slots": [
          "Talent"
        ]
      }
    ],
    "standard": true,
    "extended": true,
    "epic": true,
    "standardLoadoutOnly": true,
    "restricted": 0
  },
  {
    "name": "Efficient Processing",
    "limited": 0,
    "xws": "efficientprocessing-swz103",
    "sides": [
      {
        "title": "Efficient Processing",
        "type": "Talent",
        "ability": "After you perform a [Calculate] action, gain one calculate token.",
        "slots": [
          "Talent"
        ]
      }
    ],
    "standard": true,
    "extended": true,
    "epic": true,
    "standardLoadoutOnly": true,
    "restricted": 0
  },
  {
    "name": "Mercenary",
    "limited": 0,
    "xws": "mercenary-swz103",
    "sides": [
      {
        "title": "Mercenary",
        "type": "Talent",
        "ability": "After another friendly ship at range 0-2 is destroyed, before it is removed from the play area, transfer one of its green tokens to yourself.",
        "slots": [
          "Talent"
        ]
      }
    ],
    "standard": true,
    "extended": true,
    "epic": true,
    "standardLoadoutOnly": true,
    "restricted": 0
  },
  {
    "name": "Swift Approach",
    "limited": 0,
    "xws": "swiftapproach-swz98",
    "sides": [
      {
        "title": "Swift Approach",
        "type": "Talent",
        "ability": "During the System Phase, after you drop or launch a device, you may perform a white [Barrel Roll] or [Boost] action, even while stressed.",
        "slots": [
          "Talent"
        ]
      }
    ],
    "standard": true,
    "extended": true,
    "epic": true,
    "standardLoadoutOnly": true,
    "restricted": 0
  },
  {
    "name": "Top Cover",
    "limited": 0,
    "xws": "topcover-swz98",
    "sides": [
      {
        "title": "Top Cover",
        "type": "Talent",
        "ability": "After a friendly ship at range 0-1 defends, if you have not dropped or launched a device this round, you may launch a device using the (3 [Bank Left]), (3 [Straight]), or (3 [Bank Right]) template. You ignore the effects of friendly devices.",
        "slots": [
          "Talent"
        ]
      }
    ],
    "standard": true,
    "extended": true,
    "epic": true,
    "standardLoadoutOnly": true,
    "restricted": 0
  },
  {
    "name": "True Grit",
    "limited": 0,
    "xws": "truegrit-swz98",
    "sides": [
      {
        "title": "True Grit",
        "type": "Talent",
        "ability": "At the end of the Activation Phase, if you are not strained, you may gain one strain token to remove one non-lock red or orange token.",
        "slots": [
          "Talent"
        ]
      }
    ],
    "standard": true,
    "extended": true,
    "epic": true,
    "standardLoadoutOnly": true,
    "restricted": 0
  },
  {
    "name": "No Escape",
    "limited": 0,
    "xws": "noescape-battleoverendor",
    "sides": [
      {
        "title": "No Escape",
        "type": "Talent",
        "ability": "While you perform a primary attack, if there are more friendly ships than other enemy ships at range 0-1 of the defender, you may reroll 1 of your blank results.",
        "slots": [
          "Talent"
        ]
      }
    ],
    "standard": true,
    "extended": true,
    "epic": true,
    "standardLoadoutOnly": true,
    "restricted": 0
  },
  {
    "name": "Push The Limit",
    "limited": 0,
    "xws": "pushthelimit-battleoverendor",
    "sides": [
      {
        "title": "Push The Limit",
        "type": "Talent",
        "ability": "After you fully execute a red maneuver or perform a red action, if you are not strained, you may gain 1 strain token to remove 1 stress token.",
        "slots": [
          "Talent"
        ]
      }
    ],
    "standard": true,
    "extended": true,
    "epic": true,
    "standardLoadoutOnly": true,
    "restricted": 0
  },
  {
    "name": "Reckless",
    "limited": 0,
    "xws": "reckless-battleoverendor",
    "sides": [
      {
        "title": "Reckless",
        "type": "Talent",
        "ability": "While you perform a red [Boost] or a red [Barrel Roll] action, you may use the (1 [Turn Left]) or (1 [Turn Right]) template instead. If you do, roll an attack die. On a [Hit]/[Critical Hit] result, gain a stress token.",
        "slots": [
          "Talent"
        ]
      }
    ],
    "standard": true,
    "extended": true,
    "epic": true,
    "standardLoadoutOnly": true,
    "restricted": 0
  },
  {
    "name": "Apex Predator",
    "limited": 0,
    "xws": "apexpredator-battleoverendor",
    "sides": [
      {
        "title": "Apex Predator",
        "type": "Talent",
        "ability": "While you perform a primary attack, if the defender's initiative is lower than yours, you may reroll 1 attack die.",
        "slots": [
          "Talent"
        ]
      }
    ],
    "standard": true,
    "extended": true,
    "epic": true,
    "standardLoadoutOnly": true,
    "restricted": 0
  },
  {
    "name": "It's a Trap!",
    "limited": 0,
    "xws": "itsatrap-battleoverendor",
    "sides": [
      {
        "title": "It's a Trap!",
        "type": "Talent",
        "ability": "While defending, if there are more other friendly ships than enemy ships at range 0-1, you may reroll 1 of your blank results.",
        "slots": [
          "Talent"
        ]
      }
    ],
    "standard": true,
    "extended": true,
    "epic": true,
    "standardLoadoutOnly": true,
    "restricted": 0
  },
  {
    "name": "Ace in the Hole",
    "limited": 0,
    "xws": "aceinthehole-battleoverendor",
    "sides": [
      {
        "title": "Ace in the Hole",
        "type": "Talent",
        "charges": {
          "value": 2,
          "recovers": 0
        },
        "ability": "At the start of the Engagement Phase, you may spend 1 [Charge] and gain 1 jam token to perform a [Barrel Roll] action.",
        "slots": [
          "Talent"
        ]
      }
    ],
    "standard": true,
    "extended": true,
    "epic": true,
    "standardLoadoutOnly": true,
    "restricted": 0
  },
  {
    "name": "Collected",
    "limited": 0,
    "xws": "collected-battleoverendor",
    "sides": [
      {
        "title": "Collected",
        "type": "Talent",
        "ability": "After you perform a primary attack, you may spend 1 focus token to gain 2 evade tokens.",
        "slots": [
          "Talent"
        ]
      }
    ],
    "standard": true,
    "extended": true,
    "epic": true,
    "standardLoadoutOnly": true,
    "restricted": 0
  },
  {
    "name": "Parting Gift",
    "limited": 0,
    "xws": "partinggift-battleoverendor",
    "sides": [
      {
        "title": "Parting Gift",
        "type": "Talent",
        "ability": "When you are destroyed, before you are removed, you may spend 1 [Charge] on an equipped [Device] upgrade to drop or launch a bomb using a speed 1 straight or bank ([Bank Left], [Straight], [Bank Right]) template.",
        "slots": [
          "Talent"
        ]
      }
    ],
    "standard": true,
    "extended": true,
    "epic": true,
    "standardLoadoutOnly": true,
    "restricted": 0
  },
  {
    "name": "Heroic Sacrifice",
    "limited": 0,
    "xws": "heroicsacrifice-battleoverendor",
    "sides": [
      {
        "title": "Heroic Sacrifice",
        "type": "Talent",
        "ability": "After you perform a [SLAM] action, roll 5 attack dice. Each large ship, huge ship, and scenario feature at range 0 suffers 1 [Hit] damage for each [Hit]/[Critical Hit] result, bypassing shields. Then this ship is destroyed. You can perform [SLAM] actions, even while stressed.",
        "slots": [
          "Talent"
        ]
      }
    ],
    "standard": true,
    "extended": true,
    "epic": true,
    "standardLoadoutOnly": true,
    "restricted": 0
  },
  {
    "name": "Without a Trace",
    "limited": 0,
    "xws": "withoutatrace-tiephphantom",
    "sides": [
      {
        "title": "Without a Trace",
        "type": "Talent",
        "ability": "After you gain a cloak token, you may remove 1 red token. While you are cloaked, enemy ships cannot acquire locks on you.",
        "slots": [
          "Talent"
        ]
      }
    ],
    "standard": true,
    "extended": true,
    "epic": true,
    "standardLoadoutOnly": true,
    "restricted": 0
  },
  {
    "name": "Silent Hunter",
    "limited": 0,
    "xws": "silenthunter-tiephphantom",
    "sides": [
      {
        "title": "Silent Hunter",
        "type": "Talent",
        "ability": "After you decloak, you may acquire a lock on an enemy ship in your [Bullseye Arc].",
        "slots": [
          "Talent"
        ]
      }
    ],
    "standard": true,
    "extended": true,
    "epic": true,
    "standardLoadoutOnly": true,
    "restricted": 0
  },
  {
    "name": "Stealth Gambit",
    "limited": 0,
    "xws": "stealthgambit-tiephphantom",
    "sides": [
      {
        "title": "Silent Hunter",
        "type": "Talent",
        "ability": "After a friendly ship performs an attack that hits an enemy ship in your [Front Arc], if you are cloaked, you may gain a strain token to remove your cloak token and perform a bonus primary attack targeting the defender. At the end of the Engagement Phase, if you are strained, gain an evade token.",
        "slots": [
          "Talent"
        ]
      }
    ],
    "standard": true,
    "extended": true,
    "epic": true,
    "standardLoadoutOnly": true,
    "restricted": 0
  },
  {
    "name": "Determination",
    "limited": 0,
    "xws": "determination-evacuationofdqar",
    "sides": [
      {
        "title": "Determination",
        "type": "Talent",
        "ability": "While you perform a primary attack, if the defender is in your [Bullseye Arc], you may suffer 1 [Hit] to add 1 [Focus] result.",
        "slots": [
          "Talent"
        ]
      }
    ],
    "standard": true,
    "extended": true,
    "epic": true,
    "standardLoadoutOnly": true,
    "restricted": 0
  },
  {
    "name": "Mandalorian Tactics",
    "limited": 0,
    "xws": "mandaloriantactics-armedanddangerous",
    "sides": [
      {
        "title": "Mandalorian Tactics",
        "type": "Talent",
        "ability": "While defending, if there is at least 1 enemy ship at range 0, you may reroll 1 of your blank results.",
        "slots": [
          "Talent"
        ]
      }
    ],
    "standard": true,
    "extended": true,
    "epic": true,
    "standardLoadoutOnly": true,
    "restricted": 0
  },
  {
    "name": "Crime Lord",
    "limited": 1,
    "xws": "crimelord-armedanddangerous",
    "sides": [
      {
        "title": "Crime Lord",
        "type": "Talent",
        "charges": {
          "value": 2,
          "recovers": 1
        },
        "ability": "After you defend, if the attacker is in your [Front Arc], you may spend 1 [Charge]. If you do, the attacker gains 1 strain token.",
        "slots": [
          "Talent"
        ]
      }
    ],
    "standard": true,
    "extended": true,
    "epic": true,
    "standardLoadoutOnly": true,
    "restricted": 0
  },
  {
    "name": "Persistent Tracker",
    "limited": 0,
    "xws": "persistenttracker-armedanddangerous",
    "sides": [
      {
        "title": "Persistent Tracker",
        "type": "Talent",
        "charges": {
          "value": 3,
          "recovers": 1
        },
        "ability": "During the System Phase, you may spend 3 [Charge].\n\nDuring the Activation Phase, if this upgrade has 0 active [Charge], you can perform actions and execute red maneuvers, even while stressed.",
        "slots": [
          "Talent"
        ]
      }
    ],
    "standard": true,
    "extended": true,
    "epic": true,
    "standardLoadoutOnly": true,
    "restricted": 0
  },
  {
    "name": "For the Cause",
    "limited": 0,
    "xws": "forthecause-evacuationofdqar",
    "sides": [
      {
        "title": "For the Cause",
        "type": "Talent",
        "ability": "While you defend or perform an attack, you may spend 1 non-blank result to choose a friendly strained or depleted ship at range 1-2. That ship may remove 1 strain or deplete token.",
        "slots": [
          "Talent"
        ]
      }
    ],
    "standard": true,
    "extended": true,
    "epic": true,
    "standardLoadoutOnly": true,
    "restricted": 0
  },
  {
    "name": "Escort Fighter",
    "limited": 0,
    "xws": "escortfighter-evacuationofdqar",
    "sides": [
      {
        "title": "Escort Fighter",
        "type": "Talent",
        "ability": "While a friendly non-small ship defends, if you are in the attacker's firing arc, you may spend 1 [Charge] and gain 1 strain token to add 1 [Focus] result to the roll.",
        "charges": {
          "value": 1,
          "recovers": 1
        },
        "slots": [
          "Talent"
        ]
      }
    ],
    "standard": true,
    "extended": true,
    "epic": true,
    "standardLoadoutOnly": true,
    "restricted": 0
  },
  {
    "name": "Fanatical",
    "limited": 0,
    "xws": "fanatical-epicsl",
    "sides": [
      {
        "title": "Fanatical",
        "type": "Talent",
        "ability": "While you perform an attack, if you are not shielded, you may change 1 [Focus] result to a [Hit] result.",
        "slots": [
          "Talent"
        ]
      }
    ],
    "standard": true,
    "extended": true,
    "epic": true,
    "standardLoadoutOnly": true,
    "restricted": 0
  },
  {
    "name": "Born For This",
    "limited": 0,
    "xws": "bornforthis-epicsl",
    "sides": [
      {
        "title": "Born For This",
        "type": "Talent",
        "ability": "While another friendly ship at range 0-2 defends, if you are not strained, it may spend your focus and evade tokens as if that ship has them. If it does, you gain 1 strain token.",
        "slots": [
          "Talent"
        ]
      }
    ],
    "standard": true,
    "extended": true,
    "epic": true,
    "standardLoadoutOnly": true,
    "restricted": 0
  }
]
