{
  "name": "TIE/in Interceptor",
  "xws": "tieininterceptor",
  "size": "Small",
  "dial": [
    "1TW",
    "1YW",
    "2TB",
    "2BB",
    "2FB",
    "2NB",
    "2YB",
    "3LR",
    "3TW",
    "3BW",
    "3FB",
    "3NW",
    "3YW",
    "3PR",
    "4FB",
    "4KR",
    "5FW"
  ],
  "dialCodes": [
    "TI"
  ],
  "faction": "galacticempire",
  "stats": [
    {
      "arc": "Front Arc",
      "type": "attack",
      "value": 3
    },
    {
      "type": "agility",
      "value": 3
    },
    {
      "type": "hull",
      "value": 3
    }
  ],
  "actions": [
    {
      "difficulty": "White",
      "type": "Focus"
    },
    {
      "difficulty": "White",
      "type": "Evade"
    },
    {
      "difficulty": "White",
      "type": "Barrel Roll"
    },
    {
      "difficulty": "White",
      "type": "Boost"
    }
  ],
  "icon": "https://infinitearenas.com/xw2/images/shipicons/galactic-empire/I_TIEInterceptor.png",
  "pilots": [
    {
      "name": "Alpha Squadron Pilot",
      "initiative": 1,
      "limited": 0,
      "cost": 8,
      "loadout": 1,
      "xws": "alphasquadronpilot",
      "text": "Sienar Fleet Systems designed the TIE interceptor with four wing-mounted laser cannons, a dramatic increase in firepower over its predecessors.",
      "image": "https://infinitearenas.com/xw2/images/pilots/alphasquadronpilot.png",
      "shipAbility": {
        "name": "Autothrusters",
        "text": "After you perform an action, you may perform a red [Barrel Roll] or red [Boost] action."
      },
      "slots": [
        "Modification",
        "Configuration"
      ],
      "artwork": "https://infinitearenas.com/xw2/images/artwork/pilots/alphasquadronpilot.png",
      "standard": true,
      "extended": true,
      "keywords": [
        "TIE"
      ],
      "epic": true,
      "restricted": 0
    },
    {
      "name": "Saber Squadron Ace",
      "initiative": 4,
      "limited": 0,
      "cost": 10,
      "loadout": 10,
      "xws": "sabersquadronace",
      "text": "Led by Baron Soontir Fel, the pilots of Saber Squadron are among the Empire's best. Their TIE interceptors are marked with red stripes to designate pilots with at least ten confirmed kills.",
      "image": "https://infinitearenas.com/xw2/images/pilots/sabersquadronace.png",
      "shipAbility": {
        "name": "Autothrusters",
        "text": "After you perform an action, you may perform a red [Barrel Roll] or red [Boost] action."
      },
      "slots": [
        "Talent",
        "Modification",
        "Configuration"
      ],
      "artwork": "https://infinitearenas.com/xw2/images/artwork/pilots/sabersquadronace.png",
      "standard": true,
      "extended": true,
      "keywords": [
        "TIE"
      ],
      "epic": true,
      "restricted": 0
    },
    {
      "name": "Soontir Fel",
      "caption": "Ace of Legend",
      "initiative": 6,
      "limited": 1,
      "cost": 12,
      "loadout": 8,
      "xws": "soontirfel",
      "ability": "At the start of the Engagement Phase, if there is an enemy ship in your [Bullseye Arc], gain 1 focus token.",
      "image": "https://infinitearenas.com/xw2/images/pilots/soontirfel.png",
      "shipAbility": {
        "name": "Autothrusters",
        "text": "After you perform an action, you may perform a red [Barrel Roll] or red [Boost] action."
      },
      "slots": [
        "Talent",
        "Modification",
        "Configuration",
        "Talent"
      ],
      "artwork": "https://infinitearenas.com/xw2/images/artwork/pilots/soontirfel.png",
      "standard": true,
      "extended": true,
      "keywords": [
        "TIE"
      ],
      "epic": true,
      "restricted": 0
    },
    {
      "name": "Turr Phennir",
      "caption": "Ambitious Ace",
      "initiative": 4,
      "limited": 1,
      "cost": 10,
      "loadout": 9,
      "xws": "turrphennir",
      "ability": "After you perform an attack, you may perform a [Barrel Roll] or [Boost] action, even if you are stressed.",
      "image": "https://infinitearenas.com/xw2/images/pilots/turrphennir.png",
      "shipAbility": {
        "name": "Autothrusters",
        "text": "After you perform an action, you may perform a red [Barrel Roll] or red [Boost] action."
      },
      "slots": [
        "Talent",
        "Modification",
        "Configuration"
      ],
      "artwork": "https://infinitearenas.com/xw2/images/artwork/pilots/turrphennir.png",
      "standard": true,
      "extended": true,
      "keywords": [
        "TIE"
      ],
      "epic": true,
      "restricted": 0
    },
    {
      "name": "Ciena Ree",
      "xws": "cienaree",
      "initiative": 6,
      "limited": 1,
      "shipAbility": {
        "name": "Autothrusters",
        "text": "After you perform an action, you may perform a red [Barrel Roll] or red [Boost] action."
      },
      "standard": true,
      "extended": true,
      "keywords": [
        "TIE"
      ],
      "cost": 11,
      "loadout": 9,
      "slots": [
        "Talent",
        "Modification",
        "Configuration"
      ],
      "ability": "After you perform an attack, if the defender was destroyed, gain 1 stress token. After a friendly ship at range 0-3 is destroyed, remove 1 stress token.",
      "caption": "Look Through My Eyes",
      "artwork": "https://infinitearenas.com/xw2/images/artwork/pilots/cienaree.png",
      "epic": true,
      "restricted": 0
    },
    {
      "name": "Gideon Hask",
      "xws": "gideonhask-tieininterceptor",
      "initiative": 4,
      "limited": 1,
      "shipAbility": {
        "name": "Autothrusters",
        "text": "After you perform an action, you may perform a red [Barrel Roll] or red [Boost] action."
      },
      "caption": "Inferno Two",
      "standard": true,
      "extended": true,
      "keywords": [
        "TIE"
      ],
      "cost": 11,
      "loadout": 10,
      "slots": [
        "Talent",
        "Modification",
        "Configuration",
        "Modification"
      ],
      "ability": "While you perform an attack against a damaged defender, roll 1 additional attack die.",
      "artwork": "https://infinitearenas.com/xw2/images/artwork/pilots/cienaree.png",
      "epic": true,
      "restricted": 0
    },
    {
      "name": "Vult Skerris",
      "xws": "vultskerris-tieininterceptor",
      "initiative": 5,
      "limited": 1,
      "shipAbility": {
        "name": "Autothrusters",
        "text": "After you perform an action, you may perform a red [Barrel Roll] or red [Boost] action."
      },
      "caption": "Arrogant Ace",
      "standard": true,
      "extended": true,
      "cost": 10,
      "loadout": 8,
      "slots": [
        "Talent",
        "Modification",
        "Configuration",
        "Talent"
      ],
      "ability": "Action: Gain 1 strain token to recover 1 [Charge]. Before you engage, you may spend 1 [Charge] to perform an action.",
      "charges": {
        "value": 1,
        "recovers": -1
      },
      "keywords": [
        "TIE"
      ],
      "artwork": "https://infinitearenas.com/xw2/images/artwork/pilots/vultskerris-tieininterceptor.png",
      "image": "https://infinitearenas.com/xw2/images/pilots/vultskerris-tieininterceptor.png",
      "epic": true,
      "restricted": 0
    },
    {
      "name": "Commandant Goran",
      "xws": "commandantgoran",
      "initiative": 4,
      "limited": 1,
      "shipAbility": {
        "name": "Autothrusters",
        "text": "After you perform an action, you may perform a red [Barrel Roll] or red [Boost] action."
      },
      "caption": "Skystrike Superintendent",
      "standard": true,
      "extended": true,
      "cost": 10,
      "loadout": 4,
      "slots": [
        "Talent",
        "Modification",
        "Configuration"
      ],
      "ability": "At the start of the Engagement Phase, choose a friendly ship at range 0-3 with a lower initiative than yours. The chosen ship gains 1 evade token and removes 1 non-stress red token.",
      "keywords": [
        "TIE"
      ],
      "artwork": "https://infinitearenas.com/xw2/images/artwork/pilots/commandantgoran.png",
      "image": "https://infinitearenas.com/xw2/images/pilots/commandantgoran.png",
      "epic": true,
      "restricted": 0
    },
    {
      "name": "Lieutenant Lorrir",
      "xws": "lieutenantlorrir",
      "initiative": 3,
      "limited": 1,
      "shipAbility": {
        "name": "Autothrusters",
        "text": "After you perform an action, you may perform a red [Barrel Roll] or red [Boost] action."
      },
      "caption": "Requiem for Brentaal",
      "standard": true,
      "extended": true,
      "cost": 9,
      "loadout": 7,
      "slots": [
        "Talent",
        "Modification",
        "Configuration"
      ],
      "ability": "While you barrel roll, you must use the [[Bank Left] or [Bank Right]] template instead of the [[Straight]] template.",
      "keywords": [
        "TIE"
      ],
      "artwork": "https://infinitearenas.com/xw2/images/artwork/pilots/lieutenantlorrir.png",
      "image": "https://infinitearenas.com/xw2/images/pilots/lieutenantlorrir.png",
      "epic": true,
      "restricted": 0
    },
    {
      "name": "Nash Windrider",
      "xws": "nashwindrider",
      "initiative": 2,
      "limited": 1,
      "shipAbility": {
        "name": "Autothrusters",
        "text": "After you perform an action, you may perform a red [Barrel Roll] or red [Boost] action."
      },
      "caption": "Alderaanian Zealot",
      "standard": true,
      "extended": true,
      "cost": 9,
      "loadout": 6,
      "charges": {
        "value": 1,
        "recovers": 1
      },
      "slots": [
        "Talent",
        "Modification",
        "Configuration"
      ],
      "ability": "During the Engagement Phase, after a friendly small ship at range 0-3 is destroyed, if that ship has not engaged this phase, you may spend 1 [Charge]. If you do, that ship engages at the current initiative.",
      "keywords": [
        "TIE"
      ],
      "artwork": "https://infinitearenas.com/xw2/images/artwork/pilots/nashwindrider.png",
      "image": "https://infinitearenas.com/xw2/images/pilots/nashwindrider.png",
      "epic": true,
      "restricted": 0
    },
    {
      "name": "Iden Versio",
      "caption": "Battle of Yavin",
      "xws": "idenversio-battleofyavin",
      "initiative": 4,
      "limited": 1,
      "shipAbility": {
        "name": "Sensitive Controls",
        "text": "During the System Phase, you may perform a red [Barrel Roll] or red [Boost] action."
      },
      "standard": true,
      "extended": true,
      "cost": 11,
      "charges": {
        "value": 2,
        "recovers": 1
      },
      "shipStats": [
        {
          "arc": "Front Arc",
          "type": "attack",
          "value": 3
        },
        {
          "type": "agility",
          "value": 3
        },
        {
          "type": "hull",
          "value": 3
        },
        {
          "type": "shields",
          "value": 1
        }
      ],
      "standardLoadout": [
        "predator",
        "fanatic-battleofyavin"
      ],
      "ability": "Before a friendly TIE at range 0-1 would suffer damage, you may spend 2 [Charge]. If you do, prevent 1 damage.",
      "keywords": [
        "TIE"
      ],
      "image": "https://infinitearenas.com/xw2/images/quickbuilds/idenversio-battleofyavin.png",
      "artwork": "https://infinitearenas.com/xw2/images/artwork/pilots/idenversio-battleofyavin.png",
      "epic": true,
      "loadout": 0,
      "slots": [],
      "restricted": 0
    },
    {
      "name": "Sigma 4",
      "caption": "Battle of Yavin",
      "xws": "sigma4-battleofyavin",
      "initiative": 4,
      "limited": 1,
      "shipAbility": {
        "name": "Sensitive Controls",
        "text": "During the System Phase, you may perform a red [Barrel Roll] or red [Boost] action."
      },
      "standard": true,
      "extended": true,
      "cost": 10,
      "charges": {
        "value": 2,
        "recovers": 0
      },
      "shipStats": [
        {
          "arc": "Front Arc",
          "type": "attack",
          "value": 3
        },
        {
          "type": "agility",
          "value": 3
        },
        {
          "type": "hull",
          "value": 4
        }
      ],
      "standardLoadout": [
        "disciplined",
        "primedthrusters"
      ],
      "ability": "After you perform a [Barrel Roll] action, you may spend 1 [Charge] to perform a [Boost] action.",
      "keywords": [
        "TIE"
      ],
      "image": "https://infinitearenas.com/xw2/images/quickbuilds/sigma4-battleofyavin.png",
      "artwork": "https://infinitearenas.com/xw2/images/artwork/pilots/sigma4.png",
      "epic": true,
      "loadout": 0,
      "slots": [],
      "restricted": 0
    },
    {
      "name": "Sigma 5",
      "caption": "Battle of Yavin",
      "xws": "sigma5-battleofyavin",
      "initiative": 4,
      "limited": 1,
      "shipAbility": {
        "name": "Sensitive Controls",
        "text": "During the System Phase, you may perform a red [Barrel Roll] or red [Boost] action."
      },
      "standard": true,
      "extended": true,
      "cost": 10,
      "charges": {
        "value": 2,
        "recovers": 0
      },
      "shipStats": [
        {
          "arc": "Front Arc",
          "type": "attack",
          "value": 3
        },
        {
          "type": "agility",
          "value": 3
        },
        {
          "type": "hull",
          "value": 4
        }
      ],
      "standardLoadout": [
        "sensorjammer-battleofyavin",
        "elusive"
      ],
      "ability": "After you perform an attack that hits, you may spend 1 [Charge] to perform an [Evade] action.",
      "keywords": [
        "TIE"
      ],
      "image": "https://infinitearenas.com/xw2/images/quickbuilds/sigma5-battleofyavin.png",
      "artwork": "https://infinitearenas.com/xw2/images/artwork/pilots/sigma5.png",
      "epic": true,
      "loadout": 0,
      "slots": [],
      "restricted": 0
    },
    {
      "name": "Sigma 6",
      "caption": "Battle of Yavin",
      "xws": "sigma6-battleofyavin",
      "initiative": 4,
      "limited": 1,
      "shipAbility": {
        "name": "Sensitive Controls",
        "text": "During the System Phase, you may perform a red [Barrel Roll] or red [Boost] action."
      },
      "standard": true,
      "extended": true,
      "cost": 11,
      "charges": {
        "value": 2,
        "recovers": 0
      },
      "shipStats": [
        {
          "arc": "Front Arc",
          "type": "attack",
          "value": 3
        },
        {
          "type": "agility",
          "value": 3
        },
        {
          "type": "hull",
          "value": 4
        }
      ],
      "standardLoadout": [
        "daredevil",
        "afterburners"
      ],
      "ability": "After you fully execute a speed 3-5 maneuver, you may spend 1 [Charge] to perform a [SLAM] action.",
      "keywords": [
        "TIE"
      ],
      "image": "https://infinitearenas.com/xw2/images/quickbuilds/sigma6-battleofyavin.png",
      "artwork": "https://infinitearenas.com/xw2/images/artwork/pilots/sigma6.png",
      "epic": true,
      "loadout": 0,
      "slots": [],
      "restricted": 0
    },
    {
      "name": "Sigma 7",
      "caption": "Battle of Yavin",
      "xws": "sigma7-battleofyavin",
      "initiative": 4,
      "limited": 1,
      "shipAbility": {
        "name": "Sensitive Controls",
        "text": "During the System Phase, you may perform a red [Barrel Roll] or red [Boost] action."
      },
      "standard": true,
      "extended": true,
      "cost": 10,
      "charges": {
        "value": 2,
        "recovers": 0
      },
      "shipStats": [
        {
          "arc": "Front Arc",
          "type": "attack",
          "value": 3
        },
        {
          "type": "agility",
          "value": 3
        },
        {
          "type": "hull",
          "value": 4
        }
      ],
      "shipActions": [
        {
          "difficulty": "White",
          "type": "Focus"
        },
        {
          "difficulty": "White",
          "type": "Evade"
        },
        {
          "difficulty": "White",
          "type": "Barrel Roll"
        },
        {
          "difficulty": "White",
          "type": "Boost"
        },
        {
          "difficulty": "White",
          "type": "Lock"
        }
      ],
      "standardLoadout": [
        "marksmanship",
        "firecontrolsystem"
      ],
      "ability": "During the System Phase, you may spend 1 [Charge] to acquire a lock on an enemy ship at range 0-1.",
      "keywords": [
        "TIE"
      ],
      "image": "https://infinitearenas.com/xw2/images/quickbuilds/sigma7-battleofyavin.png",
      "artwork": "https://infinitearenas.com/xw2/images/artwork/pilots/sigma7.png",
      "epic": true,
      "loadout": 0,
      "slots": [],
      "restricted": 0
    },
    {
      "name": "Second Sister",
      "xws": "secondsister",
      "initiative": 4,
      "limited": 1,
      "shipAbility": {
        "name": "Autothrusters",
        "text": "After you perform an action, you may perform a red [Barrel Roll] or red [Boost] action."
      },
      "caption": "Manipulative Monster",
      "standard": true,
      "extended": true,
      "cost": 13,
      "loadout": 14,
      "slots": [
        "Modification",
        "Configuration",
        "Force Power",
        "Sensor"
      ],
      "ability": "While you perform an attack, after the Neutralize Results step, if the attack hit, you may spend 2 [Force]. If you do, change all of your [Hit] results to [Critical Hit] results.",
      "force": {
        "value": 2,
        "recovers": 1
      },
      "keywords": [
        "Dark Side",
        "TIE"
      ],
      "image": "https://infinitearenas.com/xw2/images/pilots/secondsister.png",
      "artwork": "https://infinitearenas.com/xw2/images/artwork/pilots/secondsister.png",
      "epic": true,
      "restricted": 0
    },
    {
      "name": "Sapphire 2",
      "caption": "Battle Over Endor",
      "xws": "sapphire2-battleoverendor",
      "initiative": 1,
      "limited": 1,
      "shipAbility": {
        "name": "Sensitive Controls",
        "text": "During the System Phase, you may perform a red [Barrel Roll] or red [Boost] action."
      },
      "cost": 10,
      "standardLoadout": [
        "noescape-battleoverendor",
        "reckless-battleoverendor",
        "primedthrusters",
        "targetingmatrix-battleoverendor"
      ],
      "ability": "While you defend, if you are focused, roll 1 additional defense die.",
      "keywords": [
        "TIE"
      ],
      "image": "https://infinitearenas.com/xw2/images/quickbuilds/sapphire2-battleoverendor.png",
      "artwork": "https://infinitearenas.com/xw2/images/artwork/pilots/sapphire2-battleoverendor.png",
      "standard": true,
      "extended": true,
      "epic": true,
      "loadout": 0,
      "slots": [],
      "restricted": 0
    },
    {
      "name": "Soontir Fel",
      "caption": "Battle Over Endor",
      "xws": "soontirfel-battleoverendor",
      "initiative": 6,
      "limited": 1,
      "shipAbility": {
        "name": "Sensitive Controls",
        "text": "During the System Phase, you may perform a red [Barrel Roll] or red [Boost] action."
      },
      "charges": {
        "value": 2,
        "recovers": 0
      },
      "cost": 14,
      "standardLoadout": [
        "apexpredator-battleoverendor",
        "noescape-battleoverendor",
        "blanksignature-battleoverendor",
        "feedbackemitter-battleoverendor"
      ],
      "ability": "After you perform an attack, you may spend 1 [Charge] and gain 1 deplete token to boost or barrel roll.",
      "keywords": [
        "TIE"
      ],
      "image": "https://infinitearenas.com/xw2/images/quickbuilds/soontirfel-battleoverendor.png",
      "artwork": "https://infinitearenas.com/xw2/images/artwork/pilots/soontirfel-battleoverendor.png",
      "standard": true,
      "extended": true,
      "epic": true,
      "loadout": 0,
      "slots": [],
      "restricted": 0
    },
    {
      "name": "Maus Monare",
      "caption": "Battle Over Endor",
      "xws": "mausmonare-battleoverendor",
      "initiative": 3,
      "limited": 1,
      "shipAbility": {
        "name": "Sensitive Controls",
        "text": "During the System Phase, you may perform a red [Barrel Roll] or red [Boost] action."
      },
      "cost": 11,
      "standardLoadout": [
        "noescape-battleoverendor",
        "outmaneuver",
        "fuelinjectionoverride-battleoverendor"
      ],
      "ability": "After you perform an [Evade] action, gain a calculate token",
      "keywords": [
        "TIE"
      ],
      "image": "https://infinitearenas.com/xw2/images/quickbuilds/mausmonare-battleoverendor.png",
      "artwork": "https://infinitearenas.com/xw2/images/artwork/pilots/mausmonare-battleoverendor.png",
      "standard": true,
      "extended": true,
      "epic": true,
      "loadout": 0,
      "slots": [],
      "restricted": 0
    }
  ]
}
