{
  "name": "BTL-B Y-wing",
  "xws": "btlbywing",
  "size": "Small",
  "dial": [
    "1BW",
    "1FB",
    "1NW",
    "2TW",
    "2BW",
    "2FB",
    "2NW",
    "2YW",
    "3TR",
    "3BW",
    "3FW",
    "3NW",
    "3YR",
    "4FR",
    "4KR"
  ],
  "dialCodes": [
    "YwB"
  ],
  "faction": "galacticrepublic",
  "stats": [
    {
      "arc": "Front Arc",
      "type": "attack",
      "value": 2
    },
    {
      "type": "agility",
      "value": 1
    },
    {
      "type": "hull",
      "value": 5
    },
    {
      "type": "shields",
      "value": 3
    }
  ],
  "actions": [
    {
      "difficulty": "White",
      "type": "Focus"
    },
    {
      "difficulty": "White",
      "type": "Lock"
    },
    {
      "difficulty": "Red",
      "type": "Barrel Roll"
    },
    {
      "difficulty": "Red",
      "type": "Reload"
    }
  ],
  "pilots": [
    {
      "name": "Shadow Squadron Veteran",
      "initiative": 3,
      "limited": 0,
      "xws": "shadowsquadronveteran",
      "text": "Shadow Squadron has served since the early days of the Clone Wars, winning victories at Kadavo and against the flagship of Grievous, Malevolence.",
      "image": "https://infinitearenas.com/xw2/images/pilots/shadowsquadronveteran.png",
      "shipAbility": {
        "name": "Plated Hull",
        "text": "While you defend, if you are not critically damaged, change 1 [Critical Hit] result to a [Hit] result."
      },
      "standard": true,
      "extended": true,
      "artwork": "https://infinitearenas.com/xw2/images/artwork/pilots/shadowsquadronveteran.png",
      "cost": 9,
      "loadout": 13,
      "slots": [
        "Astromech",
        "Gunner",
        "Modification",
        "Payload",
        "Torpedo",
        "Turret",
        "Talent"
      ],
      "keywords": [
        "Clone",
        "Y-wing"
      ],
      "epic": true,
      "restricted": 0
    },
    {
      "name": "Anakin Skywalker",
      "initiative": 6,
      "limited": 1,
      "xws": "anakinskywalker-btlbywing",
      "shipAbility": {
        "name": "Plated Hull",
        "text": "While you defend, if you are not critically damaged, change 1 [Critical Hit] result to a [Hit] result."
      },
      "force": {
        "value": 3,
        "recovers": 1,
        "side": [
          "light"
        ]
      },
      "standard": true,
      "extended": true,
      "caption": "Hero of the Republic",
      "artwork": "https://infinitearenas.com/xw2/images/artwork/pilots/anakinskywalker-btlbywing.png",
      "image": "https://infinitearenas.com/xw2/images/pilots/anakinskywalker-btlbywing.png",
      "ability": "After you fully execute a maneuver, if there is an enemy ship in your [Front Arc] at range 0-1 or in your [Bullseye Arc], you may spend 1 [Force] to remove 1 stress token.",
      "cost": 13,
      "loadout": 16,
      "slots": [
        "Astromech",
        "Gunner",
        "Modification",
        "Payload",
        "Torpedo",
        "Turret",
        "Force Power",
        "Force Power"
      ],
      "keywords": [
        "Jedi",
        "Light Side",
        "Y-wing"
      ],
      "epic": true,
      "restricted": 0
    },
    {
      "name": "R2-D2",
      "xws": "r2d2",
      "caption": "Bucket of Bolts",
      "cost": 10,
      "loadout": 20,
      "limited": 1,
      "artwork": "https://infinitearenas.com/xw2/images/artwork/pilots/r2d2.png",
      "image": "https://infinitearenas.com/xw2/images/pilots/r2d2.png",
      "shipActions": [
        {
          "difficulty": "White",
          "type": "Calculate"
        },
        {
          "difficulty": "White",
          "type": "Lock"
        },
        {
          "difficulty": "Red",
          "type": "Barrel Roll"
        },
        {
          "difficulty": "Red",
          "type": "Reload"
        }
      ],
      "shipAbility": {
        "name": "Plated Hull",
        "text": "While you defend, if you are not critically damaged, change 1 [Critical Hit] result to a [Hit] result."
      },
      "ability": "At the start of the Engagement Phase, if there is an enemy ship in your [Rear Arc], gain 1 calculate token.",
      "standard": true,
      "extended": true,
      "slots": [
        "Gunner",
        "Modification",
        "Payload",
        "Torpedo",
        "Turret",
        "Crew"
      ],
      "initiative": 2,
      "keywords": [
        "Droid",
        "Y-wing"
      ],
      "epic": true,
      "restricted": 0
    },
    {
      "name": "“Odd Ball”",
      "xws": "oddball-btlbywing",
      "initiative": 5,
      "limited": 1,
      "shipAbility": {
        "name": "Plated Hull",
        "text": "While you defend, if you are not critically damaged, change 1 [Critical Hit] result to a [Hit] result."
      },
      "caption": "CC-2237",
      "standard": true,
      "extended": true,
      "cost": 11,
      "loadout": 19,
      "artwork": "https://infinitearenas.com/xw2/images/artwork/pilots/oddball-btlbywing.png",
      "image": "https://infinitearenas.com/xw2/images/pilots/oddball-btlbywing.png",
      "ability": "After you fully execute a red maneuver or perform a red action, if there is an enemy ship in your [Bullseye Arc], you may acquire a lock on that ship.",
      "slots": [
        "Astromech",
        "Gunner",
        "Modification",
        "Payload",
        "Torpedo",
        "Turret",
        "Talent"
      ],
      "keywords": [
        "Clone",
        "Y-wing"
      ],
      "epic": true,
      "restricted": 0
    },
    {
      "name": "“Matchstick”",
      "xws": "matchstick",
      "initiative": 4,
      "limited": 1,
      "shipAbility": {
        "name": "Plated Hull",
        "text": "While you defend, if you are not critically damaged, change 1 [Critical Hit] result to a [Hit] result."
      },
      "standard": true,
      "extended": true,
      "caption": "Shadow Two",
      "artwork": "https://infinitearenas.com/xw2/images/artwork/pilots/matchstick.png",
      "image": "https://infinitearenas.com/xw2/images/pilots/matchstick.png",
      "ability": "While you perform a primary or [Single Turret Arc] attack, you may reroll 1 attack die for each red token you have.",
      "cost": 10,
      "loadout": 13,
      "slots": [
        "Astromech",
        "Gunner",
        "Modification",
        "Payload",
        "Torpedo",
        "Turret",
        "Talent"
      ],
      "keywords": [
        "Clone",
        "Y-wing"
      ],
      "epic": true,
      "restricted": 0
    },
    {
      "name": "“Broadside”",
      "xws": "broadside",
      "initiative": 3,
      "limited": 1,
      "shipAbility": {
        "name": "Plated Hull",
        "text": "While you defend, if you are not critically damaged, change 1 [Critical Hit] result to a [Hit] result."
      },
      "standard": true,
      "extended": true,
      "caption": "Shadow Three",
      "artwork": "https://infinitearenas.com/xw2/images/artwork/pilots/broadside.png",
      "image": "https://infinitearenas.com/xw2/images/pilots/broadside.png",
      "ability": "While you perform a [Single Turret Arc] attack, if your [Single Turret Arc] indicator is in your [Left Arc] or [Right Arc], you may change 1 blank result to a [Focus] result.",
      "cost": 9,
      "loadout": 10,
      "slots": [
        "Astromech",
        "Gunner",
        "Modification",
        "Payload",
        "Torpedo",
        "Turret"
      ],
      "keywords": [
        "Clone",
        "Y-wing"
      ],
      "epic": true,
      "restricted": 0
    },
    {
      "name": "“Goji”",
      "xws": "goji",
      "initiative": 2,
      "limited": 1,
      "shipAbility": {
        "name": "Plated Hull",
        "text": "While you defend, if you are not critically damaged, change 1 [Critical Hit] result to a [Hit] result."
      },
      "standard": true,
      "extended": true,
      "caption": "Payload Specialist",
      "artwork": "https://infinitearenas.com/xw2/images/artwork/pilots/goji.png",
      "image": "https://infinitearenas.com/xw2/images/pilots/goji.png",
      "ability": "While a friendly ship at range 0-3 defends, it may roll 1 additional defense die for each friendly bomb at range 0-1 of it.",
      "cost": 9,
      "loadout": 13,
      "slots": [
        "Astromech",
        "Gunner",
        "Modification",
        "Payload",
        "Torpedo",
        "Turret"
      ],
      "keywords": [
        "Clone",
        "Y-wing"
      ],
      "epic": true,
      "restricted": 0
    },
    {
      "name": "Red Squadron Bomber",
      "xws": "redsquadronbomber",
      "initiative": 2,
      "limited": 0,
      "shipAbility": {
        "name": "Plated Hull",
        "text": "While you defend, if you are not critically damaged, change 1 [Critical Hit] result to a [Hit] result."
      },
      "text": "At the battle of Geonosis, Red Squadron provided vital cover to the LAAT gunships deployed to secure the surface.",
      "standard": true,
      "extended": true,
      "artwork": "https://infinitearenas.com/xw2/images/artwork/pilots/redsquadronbomber.png",
      "image": "https://infinitearenas.com/xw2/images/pilots/redsquadronbomber.png",
      "cost": 8,
      "loadout": 9,
      "slots": [
        "Astromech",
        "Gunner",
        "Modification",
        "Payload",
        "Torpedo",
        "Turret"
      ],
      "keywords": [
        "Clone",
        "Y-wing"
      ],
      "epic": true,
      "restricted": 0
    }
  ],
  "icon": "https://infinitearenas.com/xw2/images/shipicons/galactic-republic/I_BTL-B_Ywing.png"
}
