{
  "name": "LAAT/i Gunship",
  "xws": "laatigunship",
  "size": "Medium",
  "dial": [
    "0OR",
    "1BW",
    "1FB",
    "1NW",
    "2TW",
    "2BW",
    "2FB",
    "2NW",
    "2YW",
    "3TR",
    "3BW",
    "3FW",
    "3NW",
    "3YR",
    "4FR"
  ],
  "dialCodes": [
    "LAT"
  ],
  "faction": "galacticrepublic",
  "stats": [
    {
      "arc": "Double Turret Arc",
      "type": "attack",
      "value": 2
    },
    {
      "type": "agility",
      "value": 1
    },
    {
      "type": "hull",
      "value": 8
    },
    {
      "type": "shields",
      "value": 2
    }
  ],
  "actions": [
    {
      "difficulty": "White",
      "type": "Focus"
    },
    {
      "difficulty": "Red",
      "type": "Reinforce"
    },
    {
      "difficulty": "White",
      "type": "Lock"
    },
    {
      "difficulty": "White",
      "type": "Rotate Arc"
    },
    {
      "difficulty": "White",
      "type": "Reload"
    }
  ],
  "pilots": [
    {
      "name": "“Hawk”",
      "xws": "hawk",
      "caption": "Valkyrie 2929",
      "initiative": 4,
      "cost": 12,
      "loadout": 9,
      "charges": {
        "value": 2,
        "recovers": 1
      },
      "slots": [
        "Crew",
        "Crew",
        "Gunner",
        "Gunner",
        "Modification",
        "Missile",
        "Missile",
        "Torpedo",
        "Talent"
      ],
      "limited": 1,
      "artwork": "https://infinitearenas.com/xw2/images/artwork/pilots/hawk.png",
      "image": "https://infinitearenas.com/xw2/images/pilots/hawk.png",
      "shipAbility": {
        "name": "Fire Convergence",
        "text": "While a friendly ship performs a non-[Single Turret Arc] attack, if the defender is in your [Single Turret Arc], you may spend 1 [Charge]. If you do, the attacker rerolls up to 2 attack dice."
      },
      "ability": "At the start of the End Phase, each friendly ship at range 0-1 that has a revealed maneuver of speed 3-5 may gain 1 strain token to perform a [Barrel Roll] or [Boost] action.",
      "standard": true,
      "extended": true,
      "keywords": [
        "Clone"
      ],
      "epic": true,
      "restricted": 0
    },
    {
      "name": "“Hound”",
      "xws": "hound",
      "caption": "Vigilant Tracker",
      "initiative": 2,
      "cost": 10,
      "loadout": 5,
      "charges": {
        "value": 2,
        "recovers": 1
      },
      "slots": [
        "Crew",
        "Crew",
        "Gunner",
        "Gunner",
        "Modification",
        "Torpedo",
        "Missile",
        "Missile"
      ],
      "limited": 1,
      "artwork": "https://infinitearenas.com/xw2/images/artwork/pilots/hound.png",
      "image": "https://infinitearenas.com/xw2/images/pilots/hound.png",
      "shipAbility": {
        "name": "Fire Convergence",
        "text": "While a friendly ship performs a non-[Single Turret Arc] attack, if the defender is in your [Single Turret Arc], you may spend 1 [Charge]. If you do, the attacker rerolls up to 2 attack dice."
      },
      "ability": "After a friendly small ship in your [Single Turret Arc] gains a deplete or strain token, if you have no tokens of that type, you may transfer that token to yourself.",
      "standard": true,
      "extended": true,
      "keywords": [
        "Clone"
      ],
      "epic": true,
      "restricted": 0
    },
    {
      "name": "“Warthog”",
      "xws": "warthog",
      "caption": "Veteran of Kadavo",
      "initiative": 3,
      "cost": 13,
      "loadout": 16,
      "charges": {
        "value": 2,
        "recovers": 1
      },
      "slots": [
        "Crew",
        "Crew",
        "Gunner",
        "Gunner",
        "Modification",
        "Missile",
        "Missile",
        "Torpedo",
        "Talent"
      ],
      "limited": 1,
      "artwork": "https://infinitearenas.com/xw2/images/artwork/pilots/warthog.png",
      "image": "https://infinitearenas.com/xw2/images/pilots/warthog.png",
      "shipAbility": {
        "name": "Fire Convergence",
        "text": "While a friendly ship performs a non-[Single Turret Arc] attack, if the defender is in your [Single Turret Arc], you may spend 1 [Charge]. If you do, the attacker rerolls up to 2 attack dice."
      },
      "ability": "After you or a friendly non-limited ship at range 0-2 are destroyed during the Engagement Phase, that ship is not removed until the end of that phase.",
      "standard": true,
      "extended": true,
      "keywords": [
        "Clone"
      ],
      "epic": true,
      "restricted": 0
    },
    {
      "name": "212th Battalion Pilot",
      "initiative": 2,
      "limited": 0,
      "xws": "212thbattalionpilot",
      "text": "Capable of functioning in space assaults and atmospheric battles alike, the LAAT/i gunship transports Republic troops to battlefronts on planets besieged by the Separatists.",
      "standard": true,
      "extended": true,
      "cost": 11,
      "loadout": 11,
      "charges": {
        "value": 2,
        "recovers": 1
      },
      "slots": [
        "Crew",
        "Crew",
        "Gunner",
        "Gunner",
        "Modification",
        "Torpedo",
        "Missile",
        "Missile"
      ],
      "artwork": "https://infinitearenas.com/xw2/images/artwork/pilots/212thbattalionpilot.png",
      "image": "https://infinitearenas.com/xw2/images/pilots/212thbattalionpilot.png",
      "shipAbility": {
        "name": "Fire Convergence",
        "text": "While a friendly ship performs a non-[Single Turret Arc] attack, if the defender is in your [Single Turret Arc], you may spend 1 [Charge]. If you do, the attacker rerolls up to 2 attack dice."
      },
      "keywords": [
        "Clone"
      ],
      "epic": true,
      "restricted": 0
    },
    {
      "name": "“Sicko”",
      "xws": "sicko",
      "caption": "CT-1127/549",
      "initiative": 2,
      "cost": 12,
      "loadout": 12,
      "charges": {
        "value": 2,
        "recovers": 1
      },
      "slots": [
        "Crew",
        "Crew",
        "Gunner",
        "Gunner",
        "Modification",
        "Torpedo",
        "Missile",
        "Missile"
      ],
      "limited": 1,
      "artwork": "https://infinitearenas.com/xw2/images/artwork/pilots/sicko.png",
      "image": "https://infinitearenas.com/xw2/images/pilots/sicko.png",
      "shipAbility": {
        "name": "Fire Convergence",
        "text": "While a friendly ship performs a non-[Single Turret Arc] attack, if the defender is in your [Single Turret Arc], you may spend 1 [Charge]. If you do, the attacker rerolls up to 2 attack dice."
      },
      "ability": "After you execute a basic maneuver, you may assign the Sickening Maneuver condition to yourself.",
      "conditions": [
        "sickeningmaneuver"
      ],
      "standard": true,
      "extended": true,
      "keywords": [
        "Clone"
      ],
      "epic": true,
      "restricted": 0
    }
  ],
  "icon": "https://infinitearenas.com/xw2/images/shipicons/galactic-republic/I_LAAT_Republic_Gunship.png"
}
