{
  "name": "Resistance Transport Pod",
  "xws": "resistancetransportpod",
  "size": "Small",
  "dial": [
    "1TR",
    "1BB",
    "1FB",
    "1NB",
    "1YR",
    "2TW",
    "2BW",
    "2FB",
    "2NW",
    "2YW",
    "3BR",
    "3FW",
    "3NR",
    "3KR",
    "4FR"
  ],
  "dialCodes": [
    "RTP"
  ],
  "faction": "resistance",
  "stats": [
    {
      "arc": "Front Arc",
      "type": "attack",
      "value": 2
    },
    {
      "type": "agility",
      "value": 2
    },
    {
      "type": "hull",
      "value": 3
    },
    {
      "type": "shields",
      "value": 1
    }
  ],
  "actions": [
    {
      "difficulty": "White",
      "type": "Focus"
    },
    {
      "difficulty": "Red",
      "type": "Lock"
    },
    {
      "difficulty": "Red",
      "type": "Barrel Roll"
    },
    {
      "difficulty": "Red",
      "type": "Jam"
    }
  ],
  "pilots": [
    {
      "name": "BB-8",
      "xws": "bb8",
      "initiative": 3,
      "limited": 1,
      "standard": true,
      "extended": true,
      "cost": 7,
      "loadout": 9,
      "slots": [
        "Crew",
        "Modification",
        "Tech"
      ],
      "ability": "During the System Phase, you may perform a red [Barrel Roll] or [Boost] action.",
      "artwork": "https://infinitearenas.com/xw2/images/artwork/pilots/bb8.png",
      "image": "https://infinitearenas.com/xw2/images/pilots/bb8.png",
      "shipActions": [
        {
          "difficulty": "White",
          "type": "Calculate"
        },
        {
          "difficulty": "Red",
          "type": "Lock"
        },
        {
          "difficulty": "Red",
          "type": "Barrel Roll"
        },
        {
          "difficulty": "Red",
          "type": "Jam"
        }
      ],
      "caption": "Full of Surprises",
      "keywords": [
        "Droid"
      ],
      "epic": true,
      "restricted": 0
    },
    {
      "name": "Rose Tico",
      "xws": "rosetico",
      "initiative": 3,
      "limited": 1,
      "caption": "Earnest Engineer",
      "standard": true,
      "extended": true,
      "cost": 8,
      "loadout": 14,
      "slots": [
        "Crew",
        "Modification",
        "Tech",
        "Talent"
      ],
      "ability": "While you defend or perform an attack, you may reroll up to 1 of your results for each other friendly ship in the attack arc.",
      "artwork": "https://infinitearenas.com/xw2/images/artwork/pilots/rosetico.png",
      "image": "https://infinitearenas.com/xw2/images/pilots/rosetico.png",
      "epic": true,
      "restricted": 0
    },
    {
      "name": "Vi Moradi",
      "xws": "vimoradi",
      "initiative": 1,
      "limited": 1,
      "caption": "Starling",
      "standard": false,
      "extended": true,
      "cost": 6,
      "loadout": 5,
      "slots": [
        "Crew",
        "Modification",
        "Tech"
      ],
      "ability": "Setup: After placing forces, assign the Compromising Intel condition to 1 enemy ship.",
      "conditions": [
        "compromisingintel"
      ],
      "artwork": "https://infinitearenas.com/xw2/images/artwork/pilots/vimoradi.png",
      "image": "https://infinitearenas.com/xw2/images/pilots/vimoradi.png",
      "epic": true,
      "restricted": 0
    },
    {
      "name": "Finn",
      "xws": "finn",
      "initiative": 2,
      "limited": 1,
      "caption": "Big Deal",
      "standard": true,
      "extended": true,
      "cost": 10,
      "loadout": 16,
      "slots": [
        "Crew",
        "Modification",
        "Tech",
        "Talent"
      ],
      "ability": "While you defend or perform an attack, you may add 1 blank result, or you may gain 1 strain token to add 1 focus result instead.",
      "artwork": "https://infinitearenas.com/xw2/images/artwork/pilots/finn.png",
      "image": "https://infinitearenas.com/xw2/images/pilots/finn.png",
      "epic": true,
      "restricted": 0
    }
  ],
  "icon": "https://infinitearenas.com/xw2/images/shipicons/resistance/I_Resistance_Transport_Cockpit_Pod.png"
}
