{
  "name": "Gauntlet Fighter",
  "xws": "gauntletfighter",
  "icon": "https://infinitearenas.com/xw2/images/shipicons/galactic-empire/I_GauntletFighter.png",
  "size": "Large",
  "dial": [
    "0OR",
    "1BB",
    "1NB",
    "2TW",
    "2BB",
    "2FB",
    "2NB",
    "2YW",
    "3TR",
    "3BW",
    "3FW",
    "3NW",
    "3YR",
    "4FW"
  ],
  "dialCodes": [
    "GtF"
  ],
  "faction": "galacticempire",
  "stats": [
    {
      "arc": "Front Arc",
      "type": "attack",
      "value": 3
    },
    {
      "arc": "Rear Arc",
      "type": "attack",
      "value": 2
    },
    {
      "type": "agility",
      "value": 2
    },
    {
      "type": "hull",
      "value": 9
    },
    {
      "type": "shields",
      "value": 2
    }
  ],
  "actions": [
    {
      "difficulty": "White",
      "type": "Focus"
    },
    {
      "difficulty": "Red",
      "type": "Reinforce"
    },
    {
      "difficulty": "White",
      "type": "Lock"
    },
    {
      "difficulty": "Red",
      "type": "Coordinate"
    }
  ],
  "pilots": [
    {
      "xws": "captainhark",
      "name": "Captain Hark",
      "image": "https://infinitearenas.com/xw2/images/pilots/captainhark.png",
      "ability": "After you reveal a [0 [Stationary]] maneuver, if you are equipped with Swivel Wings (Down), you must execute a [1 [Bank Left]] or [1 [Bank Right]] sideslip maneuver of the same difficulty instead. After you execute that maneuver, you must flip Swivel Wings (Down).",
      "cost": 16,
      "loadout": 20,
      "initiative": 3,
      "limited": 1,
      "standard": true,
      "extended": true,
      "epic": true,
      "slots": [
        "Crew",
        "Gunner",
        "Illicit",
        "Modification",
        "Modification",
        "Payload",
        "Configuration",
        "Talent"
      ],
      "artwork": "https://infinitearenas.com/xw2/images/artwork/pilots/captainhark.png",
      "keywords": [
        "Mandalorian"
      ],
      "caption": "Obedient Underling"
    },
    {
      "xws": "garsaxon",
      "name": "Gar Saxon",
      "image": "https://infinitearenas.com/xw2/images/pilots/garsaxon.png",
      "ability": "When a friendly unit at range 0-2 performs a primary attack, if the attacker is in the defender's [Rear Arc], you may spend 1 [Charge]. If you do, the attacker rolls 1 additional die.",
      "charges": {
        "value": 2,
        "recovers": 1
      },
      "cost": 17,
      "loadout": 20,
      "initiative": 3,
      "limited": 1,
      "standard": true,
      "extended": true,
      "epic": true,
      "slots": [
        "Crew",
        "Gunner",
        "Illicit",
        "Modification",
        "Modification",
        "Payload",
        "Configuration",
        "Talent"
      ],
      "artwork": "https://infinitearenas.com/xw2/images/artwork/pilots/garsaxon.png",
      "keywords": [
        "Mandalorian"
      ],
      "caption": "Treacherous Viceroy"
    },
    {
      "xws": "imperialsupercommando",
      "name": "Imperial Super Commando",
      "image": "https://infinitearenas.com/xw2/images/pilots/imperialsupercommando.png",
      "cost": 15,
      "loadout": 20,
      "initiative": 2,
      "limited": 0,
      "standard": true,
      "extended": true,
      "epic": true,
      "slots": [
        "Crew",
        "Gunner",
        "Illicit",
        "Modification",
        "Modification",
        "Payload",
        "Configuration"
      ],
      "artwork": "https://infinitearenas.com/xw2/images/artwork/pilots/imperialsupercommando.png",
      "keywords": [
        "Mandalorian"
      ]
    }
  ]
}
