{
  "name": "TIE/ag Aggressor",
  "xws": "tieagaggressor",
  "size": "Small",
  "dial": [
    "1BW",
    "1FB",
    "1NW",
    "2TW",
    "2BB",
    "2FB",
    "2NB",
    "2YW",
    "3TW",
    "3BW",
    "3FB",
    "3NW",
    "3YW",
    "4FW",
    "4KR"
  ],
  "dialCodes": [
    "TAg"
  ],
  "faction": "galacticempire",
  "stats": [
    {
      "arc": "Front Arc",
      "type": "attack",
      "value": 2
    },
    {
      "type": "agility",
      "value": 2
    },
    {
      "type": "hull",
      "value": 4
    },
    {
      "type": "shields",
      "value": 1
    }
  ],
  "actions": [
    {
      "difficulty": "White",
      "type": "Focus"
    },
    {
      "difficulty": "White",
      "type": "Lock"
    },
    {
      "difficulty": "White",
      "linked": {
        "difficulty": "Red",
        "type": "Evade"
      },
      "type": "Barrel Roll"
    }
  ],
  "icon": "https://infinitearenas.com/xw2/images/shipicons/galactic-empire/I_TIEAggressor.png",
  "pilots": [
    {
      "name": "“Double Edge”",
      "caption": "Contingency Planner",
      "initiative": 2,
      "limited": 1,
      "cost": 9,
      "loadout": 17,
      "xws": "doubleedge",
      "ability": "After you perform a [Turret] or [Missile] attack that misses, you may perform a bonus attack using a different weapon.",
      "image": "https://infinitearenas.com/xw2/images/pilots/doubleedge.png",
      "slots": [
        "Gunner",
        "Turret",
        "Missile",
        "Missile",
        "Sensor",
        "Modification"
      ],
      "artwork": "https://infinitearenas.com/xw2/images/artwork/pilots/doubleedge.png",
      "standard": false,
      "extended": true,
      "keywords": [
        "TIE"
      ],
      "epic": true
    },
    {
      "name": "Lieutenant Kestal",
      "caption": "Innate Deadeye",
      "initiative": 4,
      "limited": 1,
      "cost": 9,
      "loadout": 15,
      "xws": "lieutenantkestal",
      "ability": "While you perform an attack, after the defender rolls defense dice, you may spend 1 focus token to cancel all of the defender's blank/[Focus] results.",
      "image": "https://infinitearenas.com/xw2/images/pilots/lieutenantkestal.png",
      "slots": [
        "Gunner",
        "Turret",
        "Missile",
        "Missile",
        "Modification",
        "Sensor",
        "Talent"
      ],
      "artwork": "https://infinitearenas.com/xw2/images/artwork/pilots/lieutenantkestal.png",
      "standard": false,
      "extended": true,
      "keywords": [
        "TIE"
      ],
      "epic": true
    },
    {
      "name": "Onyx Squadron Scout",
      "initiative": 3,
      "limited": 0,
      "cost": 8,
      "loadout": 9,
      "xws": "onyxsquadronscout",
      "text": "Designed for extended engagements, the TIE/ag is flown primarily by elite pilots trained to leverage both its unique weapons loadout and its maneuverability to full effect.",
      "image": "https://infinitearenas.com/xw2/images/pilots/onyxsquadronscout.png",
      "slots": [
        "Gunner",
        "Turret",
        "Missile",
        "Missile",
        "Modification",
        "Sensor",
        "Talent"
      ],
      "artwork": "https://infinitearenas.com/xw2/images/artwork/pilots/onyxsquadronscout.png",
      "standard": false,
      "extended": true,
      "keywords": [
        "TIE"
      ],
      "epic": true
    },
    {
      "name": "Sienar Specialist",
      "initiative": 2,
      "limited": 0,
      "cost": 7,
      "loadout": 6,
      "xws": "sienarspecialist",
      "text": "During the development of the TIE aggressor, Sienar Fleet Systems valued performance and versatility over raw cost efficiency.",
      "image": "https://infinitearenas.com/xw2/images/pilots/sienarspecialist.png",
      "slots": [
        "Gunner",
        "Turret",
        "Missile",
        "Missile",
        "Sensor",
        "Modification"
      ],
      "artwork": "https://infinitearenas.com/xw2/images/artwork/pilots/sienarspecialist.png",
      "standard": false,
      "extended": true,
      "keywords": [
        "TIE"
      ],
      "epic": true
    }
  ]
}
