{
  "name": "Fang Fighter",
  "xws": "fangfighter",
  "size": "Small",
  "dial": [
    "1TW",
    "1YW",
    "2ER",
    "2TB",
    "2BB",
    "2FB",
    "2NB",
    "2YB",
    "2RR",
    "3TW",
    "3BW",
    "3FB",
    "3NW",
    "3YW",
    "4FW",
    "4KR",
    "5FW"
  ],
  "dialCodes": [
    "Fng"
  ],
  "faction": "scumandvillainy",
  "stats": [
    {
      "arc": "Front Arc",
      "type": "attack",
      "value": 3
    },
    {
      "type": "agility",
      "value": 3
    },
    {
      "type": "hull",
      "value": 4
    }
  ],
  "actions": [
    {
      "difficulty": "White",
      "type": "Focus"
    },
    {
      "difficulty": "White",
      "type": "Lock"
    },
    {
      "difficulty": "White",
      "linked": {
        "difficulty": "Red",
        "type": "Focus"
      },
      "type": "Barrel Roll"
    },
    {
      "difficulty": "White",
      "linked": {
        "difficulty": "Red",
        "type": "Focus"
      },
      "type": "Boost"
    }
  ],
  "icon": "https://infinitearenas.com/xw2/images/shipicons/scum-and-villainy/I_FangFighter.png",
  "pilots": [
    {
      "name": "Fenn Rau",
      "caption": "Skull Leader",
      "initiative": 6,
      "limited": 1,
      "cost": 13,
      "loadout": 5,
      "xws": "fennrau",
      "ability": "While you defend or perform an attack, if the attack range is 1, you may roll 1 additional die.",
      "image": "https://infinitearenas.com/xw2/images/pilots/fennrau.png",
      "shipAbility": {
        "name": "Concordia Faceoff",
        "text": "While you defend, if the attack range is 1 and you are in the attacker's [Front Arc], change 1 result to an [Evade] result."
      },
      "slots": [
        "Talent",
        "Modification",
        "Modification",
        "Torpedo",
        "Talent"
      ],
      "artwork": "https://infinitearenas.com/xw2/images/artwork/pilots/fennrau.png",
      "standard": true,
      "extended": true,
      "keywords": [
        "Mandalorian"
      ],
      "epic": true
    },
    {
      "name": "Joy Rekkoff",
      "caption": "Skull Squadron Ace",
      "initiative": 4,
      "limited": 1,
      "cost": 11,
      "loadout": 8,
      "xws": "joyrekkoff",
      "ability": "While you perform an attack, you may spend 1 [Charge] from an equipped [Torpedo] upgrade. If you do, the defender rolls 1 fewer defense die.",
      "image": "https://infinitearenas.com/xw2/images/pilots/joyrekkoff.png",
      "shipAbility": {
        "name": "Concordia Faceoff",
        "text": "While you defend, if the attack range is 1 and you are in the attacker's [Front Arc], change 1 result to an [Evade] result."
      },
      "slots": [
        "Talent",
        "Modification",
        "Modification",
        "Torpedo"
      ],
      "artwork": "https://infinitearenas.com/xw2/images/artwork/pilots/joyrekkoff.png",
      "standard": true,
      "extended": true,
      "keywords": [
        "Mandalorian"
      ],
      "epic": true
    },
    {
      "name": "Kad Solus",
      "caption": "Skilled Commando",
      "initiative": 4,
      "limited": 1,
      "cost": 11,
      "loadout": 11,
      "xws": "kadsolus",
      "ability": "After you fully execute a red maneuver, gain 2 focus tokens.",
      "image": "https://infinitearenas.com/xw2/images/pilots/kadsolus.png",
      "shipAbility": {
        "name": "Concordia Faceoff",
        "text": "While you defend, if the attack range is 1 and you are in the attacker's [Front Arc], change 1 result to an [Evade] result."
      },
      "slots": [
        "Talent",
        "Modification",
        "Modification",
        "Torpedo"
      ],
      "artwork": "https://infinitearenas.com/xw2/images/artwork/pilots/kadsolus.png",
      "standard": true,
      "extended": true,
      "keywords": [
        "Mandalorian"
      ],
      "epic": true
    },
    {
      "name": "Old Teroch",
      "caption": "Mandalorian Mentor",
      "initiative": 5,
      "limited": 1,
      "cost": 12,
      "loadout": 8,
      "xws": "oldteroch",
      "ability": "At the start of the Engagement Phase, you may choose 1 enemy ship at range 1. If you do and you are in its [Front Arc], it removes all of its green tokens.",
      "image": "https://infinitearenas.com/xw2/images/pilots/oldteroch.png",
      "shipAbility": {
        "name": "Concordia Faceoff",
        "text": "While you defend, if the attack range is 1 and you are in the attacker's [Front Arc], change 1 result to an [Evade] result."
      },
      "slots": [
        "Talent",
        "Modification",
        "Modification",
        "Torpedo"
      ],
      "artwork": "https://infinitearenas.com/xw2/images/artwork/pilots/oldteroch.png",
      "standard": true,
      "extended": true,
      "keywords": [
        "Mandalorian"
      ],
      "epic": true
    },
    {
      "name": "Skull Squadron Pilot",
      "initiative": 4,
      "limited": 0,
      "cost": 11,
      "loadout": 10,
      "xws": "skullsquadronpilot",
      "text": "The aces of Skull Squadron favor an aggressive approach, using their craft's pivot wing technology to achieve unmatched agility in the pursuit of their quarry.",
      "image": "https://infinitearenas.com/xw2/images/pilots/skullsquadronpilot.png",
      "shipAbility": {
        "name": "Concordia Faceoff",
        "text": "While you defend, if the attack range is 1 and you are in the attacker's [Front Arc], change 1 result to an [Evade] result."
      },
      "slots": [
        "Talent",
        "Modification",
        "Modification",
        "Torpedo"
      ],
      "artwork": "https://infinitearenas.com/xw2/images/artwork/pilots/skullsquadronpilot.png",
      "standard": true,
      "extended": true,
      "keywords": [
        "Mandalorian"
      ],
      "epic": true
    },
    {
      "name": "Zealous Recruit",
      "initiative": 1,
      "limited": 0,
      "cost": 10,
      "loadout": 10,
      "xws": "zealousrecruit",
      "text": "Mandalorian Fang fighter pilots must master the Concordia Faceoff maneuver, leveraging their ships' narrow attack profile to execute deadly head-on charges.",
      "image": "https://infinitearenas.com/xw2/images/pilots/zealousrecruit.png",
      "shipAbility": {
        "name": "Concordia Faceoff",
        "text": "While you defend, if the attack range is 1 and you are in the attacker's [Front Arc], change 1 result to an [Evade] result."
      },
      "slots": [
        "Modification",
        "Modification",
        "Torpedo"
      ],
      "artwork": "https://infinitearenas.com/xw2/images/artwork/pilots/zealousrecruit.png",
      "standard": true,
      "extended": true,
      "keywords": [
        "Mandalorian"
      ],
      "epic": true
    },
    {
      "name": "Mandalorian Royal Guard",
      "initiative": 4,
      "limited": 2,
      "cost": 12,
      "loadout": 15,
      "xws": "mandalorianroyalguard",
      "ability": "While a friendly non-small ship defends, if you are in the attack arc, you may gain 1 deplete and 1 strain token. If you do, the defender may change 1 result to an [Evade] result.",
      "image": "https://infinitearenas.com/xw2/images/pilots/mandalorianroyalguard.png",
      "shipAbility": {
        "name": "Concordia Faceoff",
        "text": "While you defend, if the attack range is 1 and you are in the attacker's [Front Arc], change 1 result to an [Evade] result."
      },
      "slots": [
        "Talent",
        "Modification",
        "Modification",
        "Torpedo"
      ],
      "artwork": "https://infinitearenas.com/xw2/images/artwork/pilots/mandalorianroyalguard.png",
      "standard": true,
      "extended": true,
      "keywords": [
        "Mandalorian"
      ],
      "caption": "Selfless Protector",
      "epic": true
    },
    {
      "name": "Tor Phun",
      "caption": "Direct Pressure",
      "initiative": 3,
      "limited": 1,
      "cost": 11,
      "loadout": 8,
      "xws": "torphun",
      "ability": "After you perform an attack, if the defender was destroyed, you may perform an action, even while stressed. Then you may gain 2 strain tokens to perform a bonus attack.",
      "image": "https://infinitearenas.com/xw2/images/pilots/torphun.png",
      "artwork": "https://infinitearenas.com/xw2/images/artwork/pilots/torphun.png",
      "shipAbility": {
        "name": "Concordia Faceoff",
        "text": "While you defend, if the attack range is 1 and you are in the attacker's [Front Arc], change 1 result to an [Evade] result."
      },
      "slots": [
        "Talent",
        "Modification",
        "Modification",
        "Torpedo"
      ],
      "standard": true,
      "extended": true,
      "keywords": [
        "Mandalorian"
      ],
      "epic": true
    },
    {
      "name": "Fenn Rau",
      "caption": "Armed and Dangerous",
      "initiative": 6,
      "limited": 1,
      "cost": 15,
      "loadout": 0,
      "xws": "fennrau-armedanddangerous",
      "ability": "While you defend or perform an attack, if the attack range is 1, you may roll 1 additional die.",
      "image": "https://infinitearenas.com/xw2xwa/images/quickbuilds/fennrau-armedanddangerous.png",
      "shipAbility": {
        "name": "Concordia Faceoff",
        "text": "While you defend, if the attack range is 1 and you are in the attacker's [Front Arc], change 1 result to an [Evade] result."
      },
      "shipStats": [
        {
          "arc": "Front Arc",
          "type": "attack",
          "value": 3
        },
        {
          "type": "agility",
          "value": 3
        },
        {
          "type": "hull",
          "value": 5
        }
      ],
      "standardLoadout": [
        "fearless",
        "adaptablepowersystems-armedanddangerous",
        "beskarreinforcedplating"
      ],
      "artwork": "https://infinitearenas.com/xw2/images/artwork/pilots/fennrau-armedanddangerous.png",
      "standard": true,
      "extended": true,
      "keywords": [
        "Mandalorian"
      ],
      "epic": true,
      "slots": []
    }
  ]
}
