{
  "name": "Firespray-class Patrol Craft",
  "xws": "firesprayclasspatrolcraft",
  "size": "Medium",
  "dial": [
    "1TW",
    "1BB",
    "1FB",
    "1NB",
    "1YW",
    "2TW",
    "2BW",
    "2FB",
    "2NW",
    "2YW",
    "3ER",
    "3BW",
    "3FB",
    "3NW",
    "3RR",
    "4FW",
    "4KR"
  ],
  "dialCodes": [
    "FPC"
  ],
  "faction": "scumandvillainy",
  "stats": [
    {
      "arc": "Front Arc",
      "type": "attack",
      "value": 3
    },
    {
      "arc": "Rear Arc",
      "type": "attack",
      "value": 3
    },
    {
      "type": "agility",
      "value": 2
    },
    {
      "type": "hull",
      "value": 6
    },
    {
      "type": "shields",
      "value": 4
    }
  ],
  "actions": [
    {
      "difficulty": "White",
      "type": "Focus"
    },
    {
      "difficulty": "White",
      "type": "Lock"
    },
    {
      "difficulty": "Red",
      "type": "Reinforce"
    },
    {
      "difficulty": "White",
      "type": "Boost"
    }
  ],
  "icon": "https://infinitearenas.com/xw2/images/shipicons/scum-and-villainy/I_FIrespray.png",
  "pilots": [
    {
      "name": "Boba Fett",
      "caption": "Notorious Bounty Hunter",
      "initiative": 5,
      "limited": 1,
      "cost": 20,
      "loadout": 20,
      "xws": "bobafett",
      "ability": "While you defend or perform an attack, you may reroll 1 of your dice for each enemy ship at range 0-1.",
      "image": "https://infinitearenas.com/xw2/images/pilots/bobafett.png",
      "slots": [
        "Cannon",
        "Crew",
        "Illicit",
        "Missile",
        "Modification",
        "Payload",
        "Title",
        "Talent",
        "Modification"
      ],
      "artwork": "https://infinitearenas.com/xw2/images/artwork/pilots/bobafett.png",
      "standard": true,
      "extended": true,
      "keywords": [
        "Bounty Hunter"
      ],
      "epic": true
    },
    {
      "name": "Bounty Hunter",
      "initiative": 2,
      "limited": 0,
      "cost": 14,
      "loadout": 6,
      "xws": "bountyhunter",
      "text": "The Firespray-class patrol craft is infamous for its association with the deadly bounty hunters Jango Fett and Boba Fett, who packed their craft with countless deadly armaments.",
      "image": "https://infinitearenas.com/xw2/images/pilots/bountyhunter.png",
      "slots": [
        "Cannon",
        "Crew",
        "Illicit",
        "Missile",
        "Modification",
        "Payload"
      ],
      "artwork": "https://infinitearenas.com/xw2/images/artwork/pilots/bountyhunter.png",
      "standard": true,
      "extended": true,
      "keywords": [
        "Bounty Hunter"
      ],
      "epic": true
    },
    {
      "name": "Emon Azzameen",
      "caption": "Shipping Magnate",
      "initiative": 4,
      "limited": 1,
      "cost": 18,
      "loadout": 20,
      "xws": "emonazzameen",
      "ability": "If you would drop a device using a [1 [Straight]] template, you may use the [3 [Turn Left]], [3 [Straight]], or [3 [Turn Right]] template instead.",
      "image": "https://infinitearenas.com/xw2/images/pilots/emonazzameen.png",
      "slots": [
        "Cannon",
        "Crew",
        "Illicit",
        "Missile",
        "Modification",
        "Payload",
        "Title",
        "Talent"
      ],
      "artwork": "https://infinitearenas.com/xw2/images/artwork/pilots/emonazzameen.png",
      "standard": true,
      "extended": true,
      "epic": true
    },
    {
      "name": "Kath Scarlet",
      "caption": "Captain of the Binayre Pirates",
      "initiative": 4,
      "limited": 1,
      "cost": 15,
      "loadout": 8,
      "xws": "kathscarlet",
      "ability": "While you perform a primary attack, if there is at least 1 friendly non-limited ship at range 0 of the defender, roll 1 additional attack die.",
      "image": "https://infinitearenas.com/xw2/images/pilots/kathscarlet.png",
      "slots": [
        "Cannon",
        "Crew",
        "Illicit",
        "Missile",
        "Modification",
        "Payload",
        "Title",
        "Talent"
      ],
      "artwork": "https://infinitearenas.com/xw2/images/artwork/pilots/kathscarlet.png",
      "standard": true,
      "extended": true,
      "epic": true
    },
    {
      "name": "Koshka Frost",
      "caption": "Icy Professional",
      "initiative": 3,
      "limited": 1,
      "cost": 16,
      "loadout": 13,
      "xws": "koshkafrost",
      "ability": "While you defend or perform an attack, if the enemy ship is stressed, you may reroll 1 of your dice.",
      "image": "https://infinitearenas.com/xw2/images/pilots/koshkafrost.png",
      "slots": [
        "Cannon",
        "Crew",
        "Illicit",
        "Missile",
        "Modification",
        "Payload",
        "Talent"
      ],
      "artwork": "https://infinitearenas.com/xw2/images/artwork/pilots/koshkafrost.png",
      "standard": true,
      "extended": true,
      "keywords": [
        "Bounty Hunter"
      ],
      "epic": true
    },
    {
      "name": "Krassis Trelix",
      "caption": "Imperial Deserter",
      "initiative": 3,
      "limited": 1,
      "cost": 17,
      "loadout": 18,
      "xws": "krassistrelix",
      "ability": "You can perform [Front Arc] special attacks from your [Rear Arc]. While you perform a special attack, you may reroll 1 attack die.",
      "image": "https://infinitearenas.com/xw2/images/pilots/krassistrelix.png",
      "slots": [
        "Cannon",
        "Crew",
        "Illicit",
        "Missile",
        "Modification",
        "Payload",
        "Talent"
      ],
      "artwork": "https://infinitearenas.com/xw2/images/artwork/pilots/krassistrelix.png",
      "standard": true,
      "extended": true,
      "epic": true
    },
    {
      "name": "Hondo Ohnaka",
      "caption": "I Smell Profit!",
      "initiative": 1,
      "limited": 1,
      "cost": 17,
      "loadout": 12,
      "xws": "hondoohnaka",
      "ability": "Action: Choose 2 non-huge ships at range 0-3 of you that are not friendly to each other. Each chosen ship may perform an action that is on your action bar, even while stressed, in the order of your choice. Then, gain 1 calculate token.",
      "image": "https://infinitearenas.com/xw2/images/pilots/hondoohnaka.png",
      "artwork": "https://infinitearenas.com/xw2/images/artwork/pilots/hondoohnaka.png",
      "slots": [
        "Cannon",
        "Crew",
        "Illicit",
        "Missile",
        "Modification",
        "Payload",
        "Title"
      ],
      "standard": true,
      "extended": true,
      "epic": true
    },
    {
      "name": "Boba Fett",
      "caption": "Armed and Dangerous",
      "initiative": 5,
      "limited": 1,
      "cost": 18,
      "loadout": 0,
      "xws": "bobafett-armedanddangerous",
      "ability": "After another friendly ship defends, if you have a lock on the attacker, you may perform a bonus attack against the attacker.",
      "image": "https://infinitearenas.com/xw2xwa/images/quickbuilds/bobafett-armedanddangerous.png",
      "artwork": "https://infinitearenas.com/xw2/images/artwork/pilots/bobafett-armedanddangerous.png",
      "standard": true,
      "extended": true,
      "keywords": [
        "Bounty Hunter"
      ],
      "standardLoadout": [
        "homingbeacon-armedanddangerous",
        "fennecshand-armedanddangerous",
        "seismiccharges",
        "slavei-swz82"
      ],
      "shipActions": [
        {
          "difficulty": "White",
          "type": "Focus"
        },
        {
          "difficulty": "White",
          "type": "Lock"
        },
        {
          "difficulty": "White",
          "type": "Boost",
          "linked": {
            "difficulty": "Red",
            "type": "Lock"
          }
        }
      ],
      "epic": true,
      "slots": []
    }
  ]
}
