{
  "name": "G-1A Starfighter",
  "xws": "g1astarfighter",
  "size": "Medium",
  "dial": [
    "0OR",
    "1TR",
    "1BB",
    "1FB",
    "1NB",
    "1YR",
    "2TW",
    "2BW",
    "2FB",
    "2NW",
    "2YW",
    "2KR",
    "3BR",
    "3FW",
    "3NR",
    "4FR",
    "4KR"
  ],
  "dialCodes": [
    "G1A"
  ],
  "faction": "scumandvillainy",
  "stats": [
    {
      "arc": "Front Arc",
      "type": "attack",
      "value": 3
    },
    {
      "type": "agility",
      "value": 1
    },
    {
      "type": "hull",
      "value": 5
    },
    {
      "type": "shields",
      "value": 4
    }
  ],
  "actions": [
    {
      "difficulty": "White",
      "type": "Focus"
    },
    {
      "difficulty": "White",
      "type": "Lock"
    },
    {
      "difficulty": "White",
      "type": "Jam"
    }
  ],
  "icon": "https://infinitearenas.com/xw2/images/shipicons/scum-and-villainy/I_MistHunter.png",
  "pilots": [
    {
      "name": "4-LOM",
      "caption": "Reprogrammed Protocol Droid",
      "initiative": 3,
      "limited": 1,
      "cost": 12,
      "loadout": 13,
      "xws": "4lom",
      "ability": "After you fully execute a red maneuver, gain 1 calculate token. At the start of the End Phase, you may choose 1 ship at range 0-1. If you do, transfer 1 of your stress tokens to that ship.",
      "image": "https://infinitearenas.com/xw2/images/pilots/4lom.png",
      "slots": [
        "Crew",
        "Illicit",
        "Missile",
        "Sensor",
        "Modification",
        "Title",
        "Talent"
      ],
      "shipActions": [
        {
          "difficulty": "White",
          "type": "Calculate"
        },
        {
          "difficulty": "White",
          "type": "Lock"
        },
        {
          "difficulty": "White",
          "type": "Jam"
        }
      ],
      "artwork": "https://infinitearenas.com/xw2/images/artwork/pilots/4lom.png",
      "standard": false,
      "extended": true,
      "keywords": [
        "Bounty Hunter",
        "Droid"
      ],
      "epic": true
    },
    {
      "name": "Gand Findsman",
      "initiative": 1,
      "limited": 0,
      "cost": 10,
      "loadout": 8,
      "xws": "gandfindsman",
      "text": "The legendary Findsmen of Gand worship the enshrouding mists of their home planet, using signs, augurs, and mystical rituals to track their quarry.",
      "image": "https://infinitearenas.com/xw2/images/pilots/gandfindsman.png",
      "slots": [
        "Crew",
        "Illicit",
        "Missile",
        "Sensor",
        "Modification"
      ],
      "artwork": "https://infinitearenas.com/xw2/images/artwork/pilots/gandfindsman.png",
      "standard": false,
      "extended": true,
      "keywords": [
        "Bounty Hunter"
      ],
      "epic": true
    },
    {
      "name": "Zuckuss",
      "caption": "Meditative Gand",
      "initiative": 3,
      "limited": 1,
      "cost": 11,
      "loadout": 11,
      "xws": "zuckuss",
      "ability": "While you perform a primary attack, you may roll 1 additional attack die. If you do, the defender rolls 1 additional defense die.",
      "image": "https://infinitearenas.com/xw2/images/pilots/zuckuss.png",
      "slots": [
        "Crew",
        "Illicit",
        "Missile",
        "Sensor",
        "Modification",
        "Title",
        "Talent"
      ],
      "artwork": "https://infinitearenas.com/xw2/images/artwork/pilots/zuckuss.png",
      "standard": false,
      "extended": true,
      "keywords": [
        "Bounty Hunter"
      ],
      "epic": true
    },
    {
      "name": "Zuckuss",
      "caption": "Armed and Dangerous",
      "initiative": 3,
      "limited": 1,
      "cost": 12,
      "loadout": 0,
      "xws": "zuckuss-armedanddangerous",
      "ability": "While you perform a primary attack, you may roll 1 additional attack die. If you do, the defender rolls 1 additional defense die.",
      "shipAbility": {
        "name": "Enduring Limitations",
        "text": "At the end of the Activation Phase, if you have 3 or more stress tokens, you must remove 1 stress token and suffer 1 [Hit] damage."
      },
      "image": "https://infinitearenas.com/xw2xwa/images/quickbuilds/zuckuss-armedanddangerous.png",
      "standardLoadout": [
        "persistenttracker-armedanddangerous",
        "tractorbeam",
        "4lom-armedanddangerous",
        "misthunter-armedanddangerous"
      ],
      "artwork": "https://infinitearenas.com/xw2/images/artwork/pilots/zuckuss-armedanddangerous.png",
      "standard": true,
      "extended": true,
      "keywords": [
        "Bounty Hunter"
      ],
      "epic": true,
      "shipStats": [
        {
          "arc": "Front Arc",
          "type": "attack",
          "value": 3
        },
        {
          "type": "agility",
          "value": 1
        },
        {
          "type": "hull",
          "value": 5
        },
        {
          "type": "shields",
          "value": 5
        }
      ],
      "shipActions": [
        {
          "difficulty": "White",
          "type": "Focus"
        },
        {
          "difficulty": "White",
          "type": "Lock"
        },
        {
          "difficulty": "White",
          "type": "Barrel Roll",
          "linked": {
            "difficulty": "Red",
            "type": "Calculate"
          }
        },
        {
          "difficulty": "White",
          "type": "Jam",
          "linked": {
            "difficulty": "Red",
            "type": "Calculate"
          }
        }
      ],
      "slots": []
    }
  ]
}
