{
  "name": "Eta-2 Actis",
  "xws": "eta2actis",
  "size": "Small",
  "dial": [
    "1TW",
    "1YW",
    "2EP",
    "2TW",
    "2BB",
    "2FB",
    "2NB",
    "2YW",
    "2RP",
    "3TW",
    "3BB",
    "3FB",
    "3NB",
    "3YW",
    "4FB",
    "4KR",
    "5FW"
  ],
  "dialCodes": [
    "E2A"
  ],
  "faction": "galacticrepublic",
  "stats": [
    {
      "type": "attack",
      "arc": "Bullseye Arc",
      "value": 3
    },
    {
      "type": "attack",
      "arc": "Front Arc",
      "value": 2
    },
    {
      "type": "agility",
      "value": 3
    },
    {
      "type": "hull",
      "value": 3
    }
  ],
  "actions": [
    {
      "type": "Focus",
      "difficulty": "White"
    },
    {
      "type": "Evade",
      "difficulty": "White"
    },
    {
      "type": "Lock",
      "difficulty": "Purple"
    },
    {
      "type": "Barrel Roll",
      "difficulty": "White"
    },
    {
      "type": "Boost",
      "difficulty": "White"
    }
  ],
  "pilots": [
    {
      "name": "Anakin Skywalker",
      "caption": "Hero of Coruscant",
      "initiative": 6,
      "limited": 1,
      "xws": "anakinskywalker-eta2actis",
      "ability": "After you or a friendly Obi-Wan Kenobi ship at range 0-3 executes a maneuver, if there are more enemy ships than other friendly ships at range 0-1 of that ship, you may spend 1 [Force]. If you do, that ship removes 1 red token of your choice.",
      "force": {
        "value": 3,
        "recovers": 1,
        "side": [
          "light"
        ]
      },
      "standard": true,
      "extended": true,
      "shipAbility": {
        "name": "Intuitive Controls",
        "text": "During the System Phase, you may perform a purple [Barrel Roll] or purple [Boost] action."
      },
      "cost": 12,
      "loadout": 10,
      "image": "https://infinitearenas.com/xw2/images/pilots/anakinskywalker-eta2actis.png",
      "artwork": "https://infinitearenas.com/xw2/images/artwork/pilots/anakinskywalker-eta2actis.png",
      "slots": [
        "Talent",
        "Force Power",
        "Astromech",
        "Cannon",
        "Modification",
        "Force Power"
      ],
      "keywords": [
        "Dark Side",
        "Jedi",
        "Light Side"
      ],
      "epic": true
    },
    {
      "name": "Obi-Wan Kenobi",
      "xws": "obiwankenobi-eta2actis",
      "initiative": 5,
      "limited": 1,
      "shipAbility": {
        "name": "Intuitive Controls",
        "text": "During the System Phase, you may perform a purple [Barrel Roll] or purple [Boost] action."
      },
      "caption": "Guardian of Democracy",
      "standard": true,
      "extended": true,
      "force": {
        "value": 3,
        "recovers": 1
      },
      "ability": "After you or a friendly Anakin Skywalker ship at range 0-3 executes a maneuver, if there are more enemy ships than other friendly ships at range 0-1 of that ship, you may spend 1 [Force]. If you do, that ship gains 1 focus token.",
      "cost": 12,
      "loadout": 12,
      "image": "https://infinitearenas.com/xw2/images/pilots/obiwankenobi-eta2actis.png",
      "artwork": "https://infinitearenas.com/xw2/images/artwork/pilots/obiwankenobi-eta2actis.png",
      "slots": [
        "Talent",
        "Force Power",
        "Astromech",
        "Cannon",
        "Modification",
        "Force Power"
      ],
      "keywords": [
        "Jedi",
        "Light Side"
      ],
      "epic": true
    },
    {
      "name": "Aayla Secura",
      "xws": "aaylasecura",
      "initiative": 5,
      "limited": 1,
      "shipAbility": {
        "name": "Intuitive Controls",
        "text": "During the System Phase, you may perform a purple [Barrel Roll] or purple [Boost] action."
      },
      "caption": "Confident Warrior",
      "standard": true,
      "extended": true,
      "force": {
        "value": 2,
        "recovers": 1
      },
      "ability": "While an enemy ship in your [Front Arc] at range 0-1 performs an attack, the defender may change 1 blank result to a [Focus] result.",
      "cost": 11,
      "loadout": 11,
      "image": "https://infinitearenas.com/xw2/images/pilots/aaylasecura.png",
      "artwork": "https://infinitearenas.com/xw2/images/artwork/pilots/aaylasecura.png",
      "slots": [
        "Talent",
        "Force Power",
        "Astromech",
        "Cannon",
        "Modification",
        "Force Power"
      ],
      "keywords": [
        "Jedi",
        "Light Side"
      ],
      "epic": true
    },
    {
      "name": "Shaak Ti",
      "xws": "shaakti",
      "initiative": 4,
      "limited": 1,
      "shipAbility": {
        "name": "Intuitive Controls",
        "text": "During the System Phase, you may perform a purple [Barrel Roll] or purple [Boost] action."
      },
      "caption": "Compassionate Mentor",
      "standard": true,
      "extended": true,
      "force": {
        "value": 2,
        "recovers": 1
      },
      "ability": "At the start of the End Phase, you may spend any number of [Force] to choose that many friendly ships at range 0-2. Each chosen ship does not remove 1 focus or evade token during this End Phase.",
      "cost": 12,
      "loadout": 14,
      "image": "https://infinitearenas.com/xw2/images/pilots/shaakti.png",
      "artwork": "https://infinitearenas.com/xw2/images/artwork/pilots/shaakti.png",
      "slots": [
        "Talent",
        "Force Power",
        "Astromech",
        "Cannon",
        "Modification",
        "Force Power"
      ],
      "keywords": [
        "Jedi",
        "Light Side"
      ],
      "epic": true
    },
    {
      "name": "Jedi General",
      "xws": "jedigeneral",
      "initiative": 4,
      "limited": 0,
      "shipAbility": {
        "name": "Intuitive Controls",
        "text": "During the System Phase, you may perform a purple [Barrel Roll] or purple [Boost] action."
      },
      "text": "As the Clone Wars take their toll on the ranks of the Jedi Order, those that remain must assume even greater responsibilities in the Grand Army of the Republic.",
      "standard": true,
      "extended": true,
      "force": {
        "value": 2,
        "recovers": 1
      },
      "cost": 10,
      "loadout": 9,
      "image": "https://infinitearenas.com/xw2/images/pilots/jedigeneral.png",
      "artwork": "https://infinitearenas.com/xw2/images/artwork/pilots/jedigeneral.png",
      "slots": [
        "Talent",
        "Force Power",
        "Astromech",
        "Cannon",
        "Modification"
      ],
      "keywords": [
        "Jedi",
        "Light Side"
      ],
      "epic": true
    },
    {
      "name": "Yoda",
      "xws": "yoda",
      "initiative": 3,
      "limited": 1,
      "shipAbility": {
        "name": "Intuitive Controls",
        "text": "During the System Phase, you may perform a purple [Barrel Roll] or purple [Boost] action."
      },
      "caption": "Grand Master",
      "standard": true,
      "extended": true,
      "force": {
        "value": 3,
        "recovers": 1
      },
      "ability": "After another friendly ship at range 0-3 spends 1 or more [Force], you may spend 1 [Force]. If you do, that ship recovers 1 [Force].",
      "cost": 10,
      "loadout": 8,
      "image": "https://infinitearenas.com/xw2/images/pilots/yoda.png",
      "artwork": "https://infinitearenas.com/xw2/images/artwork/pilots/yoda.png",
      "slots": [
        "Talent",
        "Force Power",
        "Astromech",
        "Cannon",
        "Modification",
        "Force Power"
      ],
      "keywords": [
        "Jedi",
        "Light Side"
      ],
      "epic": true
    },
    {
      "name": "Anakin Skywalker",
      "caption": "Siege of Coruscant",
      "initiative": 6,
      "limited": 1,
      "shipAbility": {
        "name": "Intuitive Controls",
        "text": "During the System Phase, you may perform a purple [Barrel Roll] or purple [Boost] action."
      },
      "cost": 12,
      "xws": "anakinskywalker-siegeofcoruscant",
      "ability": "After you or a friendly Obi-Wan Kenobi ship at range 0-3 fully executes a maneuver, if there are more enemy ships than other friendly ships at range 0-1 of that ship, you may spend 1 [Force]. If you do, that ship may perform a [Barrel Roll] action.",
      "force": {
        "value": 3,
        "recovers": 1
      },
      "image": "https://infinitearenas.com/xw2/images/quickbuilds/anakinskywalker-siegeofcoruscant.png",
      "artwork": "https://infinitearenas.com/xw2/images/artwork/pilots/anakinskywalker-eta2actis.png",
      "standardLoadout": [
        "malice",
        "ancillaryionweapons-siegeofcoruscant",
        "r2d2-republic"
      ],
      "standard": true,
      "extended": true,
      "keywords": [
        "Dark Side",
        "Jedi",
        "Light Side"
      ],
      "epic": true,
      "loadout": 0,
      "slots": []
    },
    {
      "name": "Obi-Wan Kenobi",
      "caption": "Siege of Coruscant",
      "initiative": 5,
      "limited": 1,
      "shipAbility": {
        "name": "Intuitive Controls",
        "text": "During the System Phase, you may perform a purple [Barrel Roll] or purple [Boost] action."
      },
      "cost": 11,
      "xws": "obiwankenobi-siegeofcoruscant",
      "ability": "After you or a friendly Anakin Skywalker at range 0-3 fully executes a maneuver, if there are more enemy ships than other friendly ships at range 0-1 of that ship, you may spend 1 [Force]. If you do, that ship may perform a [Boost] action.",
      "force": {
        "value": 3,
        "recovers": 1
      },
      "image": "https://infinitearenas.com/xw2/images/quickbuilds/obiwankenobi-siegeofcoruscant.png",
      "artwork": "https://infinitearenas.com/xw2/images/artwork/pilots/obiwankenobi-eta2actis.png",
      "standardLoadout": [
        "patience",
        "ancillaryionweapons-siegeofcoruscant",
        "r4p17-siegeofcoruscant"
      ],
      "standard": true,
      "extended": true,
      "keywords": [
        "Jedi",
        "Light Side"
      ],
      "epic": true,
      "loadout": 0,
      "slots": []
    },
    {
      "name": "Shaak Ti",
      "caption": "Siege of Coruscant",
      "initiative": 4,
      "limited": 1,
      "shipAbility": {
        "name": "Intuitive Controls",
        "text": "During the System Phase, you may perform a purple [Barrel Roll] or purple [Boost] action."
      },
      "cost": 10,
      "xws": "shaakti-siegeofcoruscant",
      "ability": "At the start of the End Phase, you may perfrom a purple [Coordinate] action, even while stressed. After you perform a [Coordinate] action, if the chosen ship has the Born for This ship ability, you may coordinate 1 additional ship.",
      "force": {
        "value": 2,
        "recovers": 1
      },
      "image": "https://infinitearenas.com/xw2/images/quickbuilds/shaakti-siegeofcoruscant.png",
      "artwork": "https://infinitearenas.com/xw2/images/artwork/pilots/shaakti.png",
      "standardLoadout": [
        "marksmanship",
        "brilliantevasion",
        "ancillaryionweapons-siegeofcoruscant",
        "r4pastromech"
      ],
      "standard": true,
      "extended": true,
      "keywords": [
        "Jedi",
        "Light Side"
      ],
      "epic": true,
      "loadout": 0,
      "slots": []
    },
    {
      "name": "Kit Fisto",
      "xws": "kitfisto",
      "initiative": 4,
      "limited": 1,
      "shipAbility": {
        "name": "Intuitive Controls",
        "text": "During the System Phase, you may perform a purple [Barrel Roll] or purple [Boost] action."
      },
      "caption": "Enthusiastic Exemplar",
      "standard": true,
      "extended": true,
      "force": {
        "value": 2,
        "recovers": 1
      },
      "ability": "While another friendly ship defends, if the attacker is in its [Bullseye Arc], you may spend 1 [Force] to change 1 of the defender's blank results to a [Focus] result.",
      "cost": 10,
      "loadout": 8,
      "artwork": "https://infinitearenas.com/xw2/images/artwork/pilots/kitfisto.png",
      "image": "https://infinitearenas.com/xw2/images/pilots/kitfisto.png",
      "slots": [
        "Talent",
        "Force Power",
        "Astromech",
        "Cannon",
        "Modification",
        "Force Power"
      ],
      "keywords": [
        "Jedi",
        "Light Side"
      ],
      "epic": true
    }
  ],
  "icon": "https://infinitearenas.com/xw2/images/shipicons/galactic-republic/I_Eta-2_Actis.png"
}
