{
  "name": "Auzituck Gunship",
  "xws": "auzituckgunship",
  "size": "Small",
  "dial": [
    "0OR",
    "1BB",
    "1FB",
    "1NB",
    "2TW",
    "2BW",
    "2FB",
    "2NW",
    "2YW",
    "3TW",
    "3BW",
    "3FB",
    "3NW",
    "3YW",
    "4FW"
  ],
  "dialCodes": [
    "Auz"
  ],
  "faction": "rebelalliance",
  "stats": [
    {
      "arc": "Full Front Arc",
      "type": "attack",
      "value": 3
    },
    {
      "type": "agility",
      "value": 1
    },
    {
      "type": "hull",
      "value": 6
    },
    {
      "type": "shields",
      "value": 2
    }
  ],
  "actions": [
    {
      "difficulty": "White",
      "type": "Focus"
    },
    {
      "difficulty": "White",
      "type": "Reinforce"
    },
    {
      "difficulty": "Red",
      "type": "Barrel Roll"
    }
  ],
  "icon": "https://infinitearenas.com/xw2/images/shipicons/rebel-alliance/I_Auzituck.png",
  "pilots": [
    {
      "name": "Kashyyyk Defender",
      "initiative": 1,
      "limited": 0,
      "cost": 11,
      "loadout": 9,
      "xws": "kashyyykdefender",
      "text": "Equipped with three wide-range Sureggi twin laser cannons, the Auzituck gunship acts as a powerful deterrent to slaver operations in the Kashyyyk system.",
      "image": "https://infinitearenas.com/xw2/images/pilots/kashyyykdefender.png",
      "slots": [
        "Crew",
        "Modification",
        "Modification"
      ],
      "artwork": "https://infinitearenas.com/xw2/images/artwork/pilots/kashyyykdefender.png",
      "standard": false,
      "extended": true,
      "epic": true
    },
    {
      "name": "Lowhhrick",
      "caption": "Escaped Gladiator",
      "initiative": 3,
      "limited": 1,
      "cost": 12,
      "loadout": 13,
      "xws": "lowhhrick",
      "ability": "After a friendly ship at range 0-1 becomes the defender, you may spend 1 reinforce token. If you do, that ship gains 1 evade token.",
      "image": "https://infinitearenas.com/xw2/images/pilots/lowhhrick.png",
      "slots": [
        "Talent",
        "Crew",
        "Modification",
        "Modification"
      ],
      "artwork": "https://infinitearenas.com/xw2/images/artwork/pilots/lowhhrick.png",
      "standard": false,
      "extended": true,
      "epic": true
    },
    {
      "name": "Wullffwarro",
      "caption": "Wookiee Chief",
      "initiative": 4,
      "limited": 1,
      "cost": 13,
      "loadout": 14,
      "xws": "wullffwarro",
      "ability": "While you perform a primary attack, if you are damaged, you may roll 1 additional attack die.",
      "image": "https://infinitearenas.com/xw2/images/pilots/wullffwarro.png",
      "slots": [
        "Crew",
        "Modification",
        "Modification",
        "Talent"
      ],
      "artwork": "https://infinitearenas.com/xw2/images/artwork/pilots/wullffwarro.png",
      "standard": false,
      "extended": true,
      "epic": true
    }
  ]
}
