{
  "name": "TIE/ln Fighter",
  "xws": "tielnfighter",
  "size": "Small",
  "dial": [
    "1TW",
    "1YW",
    "2TW",
    "2BB",
    "2FB",
    "2NB",
    "2YW",
    "3TW",
    "3BW",
    "3FB",
    "3NW",
    "3YW",
    "3KR",
    "4FW",
    "4KR",
    "5FW"
  ],
  "dialCodes": [
    "TF"
  ],
  "faction": "rebelalliance",
  "stats": [
    {
      "arc": "Front Arc",
      "type": "attack",
      "value": 2
    },
    {
      "type": "agility",
      "value": 3
    },
    {
      "type": "hull",
      "value": 3
    }
  ],
  "actions": [
    {
      "difficulty": "White",
      "type": "Focus"
    },
    {
      "difficulty": "White",
      "type": "Evade"
    },
    {
      "difficulty": "White",
      "type": "Barrel Roll"
    }
  ],
  "icon": "https://infinitearenas.com/xw2/images/shipicons/rebel-alliance/I_TIEFighter.png",
  "pilots": [
    {
      "name": "“Zeb” Orrelios",
      "caption": "Spectre-4",
      "initiative": 2,
      "limited": 1,
      "cost": 6,
      "loadout": 5,
      "xws": "zeborrelios-tielnfighter",
      "ability": "While you defend, [Critical Hit] results are neutralized before [Hit] results.",
      "image": "https://infinitearenas.com/xw2/images/pilots/zeborrelios-tielnfighter.png",
      "slots": [
        "Modification",
        "Modification"
      ],
      "artwork": "https://infinitearenas.com/xw2/images/artwork/pilots/zeborrelios-tielnfighter.png",
      "standard": true,
      "extended": true,
      "keywords": [
        "TIE",
        "Spectre"
      ],
      "epic": true
    },
    {
      "name": "Captain Rex",
      "caption": "Clone Wars Veteran",
      "initiative": 2,
      "limited": 1,
      "cost": 7,
      "loadout": 9,
      "xws": "captainrex",
      "ability": "After you perform an attack, assign the Suppressive Fire condition to the defender.",
      "image": "https://infinitearenas.com/xw2/images/pilots/captainrex.png",
      "conditions": [
        "suppressivefire"
      ],
      "slots": [
        "Talent",
        "Modification",
        "Modification"
      ],
      "artwork": "https://infinitearenas.com/xw2/images/artwork/pilots/captainrex.png",
      "standard": true,
      "extended": true,
      "keywords": [
        "Clone",
        "TIE"
      ],
      "epic": true
    },
    {
      "name": "Ezra Bridger",
      "caption": "Spectre-6",
      "initiative": 3,
      "limited": 1,
      "cost": 9,
      "loadout": 15,
      "xws": "ezrabridger-tielnfighter",
      "ability": "While you defend or perform an attack, if you are stressed, you may spend 1 [Force] to change up to 2 of your [Focus] results to [Evade] or [Hit] results.",
      "image": "https://infinitearenas.com/xw2/images/pilots/ezrabridger-tielnfighter.png",
      "force": {
        "value": 1,
        "recovers": 1,
        "side": [
          "light"
        ]
      },
      "slots": [
        "Modification",
        "Modification",
        "Force Power"
      ],
      "artwork": "https://infinitearenas.com/xw2/images/artwork/pilots/ezrabridger-tielnfighter.png",
      "standard": true,
      "extended": true,
      "keywords": [
        "Light Side",
        "Spectre",
        "TIE"
      ],
      "epic": true
    },
    {
      "name": "Sabine Wren",
      "caption": "Spectre-5",
      "initiative": 3,
      "limited": 1,
      "cost": 8,
      "loadout": 13,
      "xws": "sabinewren-tielnfighter",
      "ability": "Before you activate, you may perform a [Barrel Roll] or [Boost] action.",
      "image": "https://infinitearenas.com/xw2/images/pilots/sabinewren-tielnfighter.png",
      "slots": [
        "Talent",
        "Modification",
        "Modification"
      ],
      "artwork": "https://infinitearenas.com/xw2/images/artwork/pilots/sabinewren-tielnfighter.png",
      "standard": true,
      "extended": true,
      "keywords": [
        "Mandalorian",
        "TIE",
        "Spectre"
      ],
      "epic": true
    }
  ]
}
