{
  "name": "Z-95-AF4 Headhunter",
  "xws": "z95af4headhunter",
  "size": "Small",
  "dial": [
    "1BW",
    "1FB",
    "1NW",
    "2TW",
    "2BB",
    "2FB",
    "2NB",
    "2YW",
    "3TW",
    "3BW",
    "3FB",
    "3NW",
    "3YW",
    "3KR",
    "4FW",
    "4KR"
  ],
  "dialCodes": [
    "Z95"
  ],
  "faction": "rebelalliance",
  "stats": [
    {
      "arc": "Front Arc",
      "type": "attack",
      "value": 2
    },
    {
      "type": "agility",
      "value": 2
    },
    {
      "type": "hull",
      "value": 2
    },
    {
      "type": "shields",
      "value": 2
    }
  ],
  "actions": [
    {
      "difficulty": "White",
      "type": "Focus"
    },
    {
      "difficulty": "White",
      "type": "Lock"
    },
    {
      "difficulty": "Red",
      "type": "Barrel Roll"
    }
  ],
  "icon": "https://infinitearenas.com/xw2/images/shipicons/rebel-alliance/I_Z-95.png",
  "pilots": [
    {
      "name": "Airen Cracken",
      "caption": "Intelligence Chief",
      "initiative": 5,
      "limited": 1,
      "cost": 8,
      "loadout": 9,
      "xws": "airencracken",
      "ability": "After you perform an attack, you may choose 1 friendly ship at range 1. That ship may perform an action, treating it as red.",
      "image": "https://infinitearenas.com/xw2/images/pilots/airencracken.png",
      "slots": [
        "Talent",
        "Modification",
        "Missile"
      ],
      "artwork": "https://infinitearenas.com/xw2/images/artwork/pilots/airencracken.png",
      "standard": true,
      "extended": true,
      "epic": true
    },
    {
      "name": "Bandit Squadron Pilot",
      "initiative": 1,
      "limited": 0,
      "cost": 6,
      "loadout": 5,
      "xws": "banditsquadronpilot",
      "text": "The Z-95 Headhunter was the primary inspiration for Incom Corporation's exemplary T-65 X-wing starfighter. Though it is considered outdated by modern standards, it remains a versatile and potent snub fighter.",
      "image": "https://infinitearenas.com/xw2/images/pilots/banditsquadronpilot.png",
      "slots": [
        "Modification",
        "Missile"
      ],
      "artwork": "https://infinitearenas.com/xw2/images/artwork/pilots/banditsquadronpilot.png",
      "standard": true,
      "extended": true,
      "epic": true
    },
    {
      "name": "Lieutenant Blount",
      "caption": "Team Player",
      "initiative": 4,
      "limited": 1,
      "cost": 9,
      "loadout": 17,
      "xws": "lieutenantblount",
      "ability": "While you perform a primary attack, if there is at least 1 other friendly ship at range 0-1 of the defender, you may roll 1 additional attack die.",
      "image": "https://infinitearenas.com/xw2/images/pilots/lieutenantblount.png",
      "slots": [
        "Talent",
        "Modification",
        "Missile"
      ],
      "artwork": "https://infinitearenas.com/xw2/images/artwork/pilots/lieutenantblount.png",
      "standard": true,
      "extended": true,
      "epic": true
    },
    {
      "name": "Tala Squadron Pilot",
      "initiative": 2,
      "limited": 0,
      "cost": 8,
      "loadout": 16,
      "xws": "talasquadronpilot",
      "text": "The AF4 series is the latest in a long line of Headhunter designs. Cheap and relatively durable, it is a favorite among independent outfits like the Rebellion.",
      "image": "https://infinitearenas.com/xw2/images/pilots/talasquadronpilot.png",
      "slots": [
        "Talent",
        "Modification",
        "Missile"
      ],
      "artwork": "https://infinitearenas.com/xw2/images/artwork/pilots/talasquadronpilot.png",
      "standard": true,
      "extended": true,
      "epic": true
    }
  ]
}
