{
  "name": "E-wing",
  "xws": "ewing",
  "size": "Small",
  "dial": [
    "1TR",
    "1BB",
    "1FB",
    "1NB",
    "1YR",
    "2TW",
    "2BW",
    "2FB",
    "2NW",
    "2YW",
    "3LR",
    "3TW",
    "3BW",
    "3FB",
    "3NW",
    "3YW",
    "3PR",
    "4FB",
    "4KR",
    "5FW"
  ],
  "dialCodes": [
    "EW"
  ],
  "faction": "rebelalliance",
  "stats": [
    {
      "arc": "Front Arc",
      "type": "attack",
      "value": 3
    },
    {
      "type": "agility",
      "value": 3
    },
    {
      "type": "hull",
      "value": 3
    },
    {
      "type": "shields",
      "value": 3
    }
  ],
  "actions": [
    {
      "difficulty": "White",
      "type": "Focus"
    },
    {
      "difficulty": "White",
      "type": "Evade"
    },
    {
      "difficulty": "White",
      "type": "Lock"
    },
    {
      "difficulty": "White",
      "linked": {
        "difficulty": "Red",
        "type": "Lock"
      },
      "type": "Barrel Roll"
    },
    {
      "difficulty": "White",
      "linked": {
        "difficulty": "Red",
        "type": "Lock"
      },
      "type": "Boost"
    }
  ],
  "icon": "https://infinitearenas.com/xw2/images/shipicons/rebel-alliance/I_E-wing.png",
  "pilots": [
    {
      "name": "Corran Horn",
      "caption": "Tenacious Investigator",
      "initiative": 5,
      "limited": 1,
      "cost": 14,
      "loadout": 12,
      "xws": "corranhorn",
      "ability": "At initiative 0, you may perform a bonus primary attack against an enemy ship in your [Bullseye Arc]. If you do, at the start of the next Planning Phase, gain 1 disarm token.",
      "image": "https://infinitearenas.com/xw2/images/pilots/corranhorn.png",
      "shipAbility": {
        "name": "Experimental Scanners",
        "text": "You can acquire locks beyond range 3. You cannot acquire locks at range 1."
      },
      "slots": [
        "Torpedo",
        "Modification",
        "Sensor",
        "Astromech",
        "Talent",
        "Talent"
      ],
      "artwork": "https://infinitearenas.com/xw2/images/artwork/pilots/corranhorn.png",
      "standard": false,
      "extended": true,
      "epic": true,
      "restricted": 0
    },
    {
      "name": "Gavin Darklighter",
      "caption": "Bold Wingman",
      "initiative": 4,
      "limited": 1,
      "cost": 15,
      "loadout": 18,
      "xws": "gavindarklighter",
      "ability": "While a friendly ship performs an attack, if the defender is in your [Front Arc], the attacker may change 1 [Hit] result to a [Critical Hit] result.",
      "image": "https://infinitearenas.com/xw2/images/pilots/gavindarklighter.png",
      "shipAbility": {
        "name": "Experimental Scanners",
        "text": "You can acquire locks beyond range 3. You cannot acquire locks at range 1."
      },
      "slots": [
        "Torpedo",
        "Modification",
        "Sensor",
        "Astromech",
        "Talent"
      ],
      "artwork": "https://infinitearenas.com/xw2/images/artwork/pilots/gavindarklighter.png",
      "standard": false,
      "extended": true,
      "epic": true,
      "restricted": 0
    },
    {
      "name": "Knave Squadron Escort",
      "initiative": 2,
      "limited": 0,
      "cost": 12,
      "loadout": 8,
      "xws": "knavesquadronescort",
      "text": "Designed to combine the best features of the X-wing series with the A-wing series, the E-wing boasts superior firepower, speed, and maneuverability.",
      "image": "https://infinitearenas.com/xw2/images/pilots/knavesquadronescort.png",
      "shipAbility": {
        "name": "Experimental Scanners",
        "text": "You can acquire locks beyond range 3. You cannot acquire locks at range 1."
      },
      "slots": [
        "Torpedo",
        "Modification",
        "Sensor",
        "Astromech"
      ],
      "artwork": "https://infinitearenas.com/xw2/images/artwork/pilots/knavesquadronescort.png",
      "standard": false,
      "extended": true,
      "epic": true,
      "restricted": 0
    },
    {
      "name": "Rogue Squadron Escort",
      "initiative": 4,
      "limited": 0,
      "cost": 14,
      "loadout": 17,
      "xws": "roguesquadronescort",
      "text": "The elite pilots of Rogue Squadron are among the Rebellion's very best.",
      "image": "https://infinitearenas.com/xw2/images/pilots/roguesquadronescort.png",
      "shipAbility": {
        "name": "Experimental Scanners",
        "text": "You can acquire locks beyond range 3. You cannot acquire locks at range 1."
      },
      "slots": [
        "Torpedo",
        "Modification",
        "Sensor",
        "Astromech",
        "Talent"
      ],
      "artwork": "https://infinitearenas.com/xw2/images/artwork/pilots/roguesquadronescort.png",
      "standard": false,
      "extended": true,
      "epic": true,
      "restricted": 0
    }
  ]
}
