{
  "name": "ARC-170 Starfighter",
  "xws": "arc170starfighter",
  "size": "Medium",
  "dial": [
    "1BB",
    "1FB",
    "1NB",
    "2TW",
    "2BB",
    "2FB",
    "2NB",
    "2YW",
    "3TR",
    "3BW",
    "3FW",
    "3NW",
    "3YR",
    "4FR",
    "4KR"
  ],
  "dialCodes": [
    "AR"
  ],
  "faction": "rebelalliance",
  "stats": [
    {
      "arc": "Front Arc",
      "type": "attack",
      "value": 3
    },
    {
      "arc": "Rear Arc",
      "type": "attack",
      "value": 2
    },
    {
      "type": "agility",
      "value": 1
    },
    {
      "type": "hull",
      "value": 6
    },
    {
      "type": "shields",
      "value": 3
    }
  ],
  "actions": [
    {
      "difficulty": "White",
      "type": "Focus"
    },
    {
      "difficulty": "White",
      "type": "Lock"
    },
    {
      "difficulty": "Red",
      "type": "Barrel Roll"
    }
  ],
  "icon": "https://infinitearenas.com/xw2/images/shipicons/rebel-alliance/I_Arc-170.png",
  "pilots": [
    {
      "name": "Garven Dreis",
      "caption": "Red Leader",
      "initiative": 4,
      "limited": 1,
      "cost": 12,
      "loadout": 15,
      "xws": "garvendreis",
      "ability": "After you spend a focus token, you may choose 1 friendly ship at range 1-3. That ship gains 1 focus token.",
      "image": "https://infinitearenas.com/xw2/images/pilots/garvendreis.png",
      "slots": [
        "Talent",
        "Astromech",
        "Gunner",
        "Gunner",
        "Modification",
        "Torpedo"
      ],
      "artwork": "https://infinitearenas.com/xw2/images/artwork/pilots/garvendreis.png",
      "standard": true,
      "extended": true,
      "epic": true,
      "restricted": 0
    },
    {
      "name": "Ibtisam",
      "caption": "Survivor of Endor",
      "initiative": 3,
      "limited": 1,
      "cost": 11,
      "loadout": 12,
      "xws": "ibtisam",
      "ability": "After you fully execute a maneuver, if you are stressed, you may roll 1 attack die. On a [Hit] or [Critical Hit] result, remove 1 stress token.",
      "image": "https://infinitearenas.com/xw2/images/pilots/ibtisam.png",
      "slots": [
        "Talent",
        "Astromech",
        "Gunner",
        "Gunner",
        "Modification",
        "Torpedo"
      ],
      "artwork": "https://infinitearenas.com/xw2/images/artwork/pilots/ibtisam.png",
      "standard": true,
      "extended": true,
      "epic": true,
      "restricted": 0
    },
    {
      "name": "Norra Wexley",
      "caption": "Gold Nine",
      "initiative": 5,
      "limited": 1,
      "cost": 13,
      "loadout": 16,
      "xws": "norrawexley",
      "ability": "While you defend, if there is an enemy ship at range 0-1, add 1 [Evade] result to your dice results.",
      "image": "https://infinitearenas.com/xw2/images/pilots/norrawexley.png",
      "slots": [
        "Talent",
        "Astromech",
        "Gunner",
        "Gunner",
        "Modification",
        "Torpedo"
      ],
      "artwork": "https://infinitearenas.com/xw2/images/artwork/pilots/norrawexley.png",
      "standard": true,
      "extended": true,
      "epic": true,
      "restricted": 0
    },
    {
      "name": "Shara Bey",
      "caption": "Green Four",
      "initiative": 4,
      "limited": 1,
      "cost": 12,
      "loadout": 17,
      "xws": "sharabey",
      "ability": "While you defend or perform a primary attack, you may spend 1 lock you have on the enemy ship to add 1 [Focus] result to your dice results.",
      "image": "https://infinitearenas.com/xw2/images/pilots/sharabey.png",
      "slots": [
        "Talent",
        "Astromech",
        "Gunner",
        "Gunner",
        "Modification",
        "Torpedo"
      ],
      "artwork": "https://infinitearenas.com/xw2/images/artwork/pilots/sharabey.png",
      "standard": true,
      "extended": true,
      "epic": true,
      "restricted": 0
    }
  ]
}
