{
  "name": "Attack Shuttle",
  "xws": "attackshuttle",
  "size": "Small",
  "dial": [
    "1TR",
    "1BB",
    "1FB",
    "1NB",
    "1YR",
    "2TW",
    "2BW",
    "2FB",
    "2NW",
    "2YW",
    "3TR",
    "3BW",
    "3FW",
    "3NW",
    "3YR",
    "4FW",
    "4KR"
  ],
  "dialCodes": [
    "AS"
  ],
  "faction": "rebelalliance",
  "stats": [
    {
      "arc": "Front Arc",
      "type": "attack",
      "value": 3
    },
    {
      "type": "agility",
      "value": 2
    },
    {
      "type": "hull",
      "value": 3
    },
    {
      "type": "shields",
      "value": 1
    }
  ],
  "actions": [
    {
      "difficulty": "White",
      "type": "Focus"
    },
    {
      "difficulty": "White",
      "type": "Evade"
    },
    {
      "difficulty": "White",
      "linked": {
        "difficulty": "Red",
        "type": "Evade"
      },
      "type": "Barrel Roll"
    }
  ],
  "icon": "https://infinitearenas.com/xw2/images/shipicons/rebel-alliance/I_AttackShuttle.png",
  "pilots": [
    {
      "name": "“Zeb” Orrelios",
      "caption": "Spectre-4",
      "initiative": 2,
      "limited": 1,
      "cost": 8,
      "loadout": 6,
      "xws": "zeborrelios",
      "ability": "While you defend, [Critical Hit] results are neutralized before [Hit] results.",
      "image": "https://infinitearenas.com/xw2/images/pilots/zeborrelios.png",
      "shipAbility": {
        "name": "Locked and Loaded",
        "text": "While you are docked, after your carrier ship performs a primary [Front Arc] or [Turret] attack, it may perform a bonus primary [Rear Arc] attack."
      },
      "slots": [
        "Crew",
        "Modification",
        "Turret",
        "Title"
      ],
      "artwork": "https://infinitearenas.com/xw2/images/artwork/pilots/zeborrelios.png",
      "standard": false,
      "extended": true,
      "keywords": [
        "Spectre"
      ],
      "epic": true,
      "restricted": 0
    },
    {
      "name": "Ezra Bridger",
      "caption": "Spectre-6",
      "initiative": 3,
      "limited": 1,
      "cost": 9,
      "loadout": 6,
      "xws": "ezrabridger",
      "ability": "While you defend or perform an attack, if you are stressed, you may spend 1 [Force] to change up to 2 of your [Focus] results to [Evade] or [Hit] results.",
      "image": "https://infinitearenas.com/xw2/images/pilots/ezrabridger.png",
      "force": {
        "value": 1,
        "recovers": 1,
        "side": [
          "light"
        ]
      },
      "shipAbility": {
        "name": "Locked and Loaded",
        "text": "While you are docked, after your carrier ship performs a primary [Front Arc] or [Turret] attack, it may perform a bonus primary [Rear Arc] attack."
      },
      "slots": [
        "Crew",
        "Modification",
        "Turret",
        "Title",
        "Force Power"
      ],
      "artwork": "https://infinitearenas.com/xw2/images/artwork/pilots/ezrabridger.png",
      "standard": false,
      "extended": true,
      "keywords": [
        "Light Side",
        "Spectre"
      ],
      "epic": true,
      "restricted": 0
    },
    {
      "name": "Hera Syndulla",
      "caption": "Spectre-2",
      "initiative": 5,
      "limited": 1,
      "cost": 10,
      "loadout": 12,
      "xws": "herasyndulla",
      "ability": "After you reveal a red or blue maneuver, you may set your dial to another maneuver of the same difficulty.",
      "image": "https://infinitearenas.com/xw2/images/pilots/herasyndulla.png",
      "shipAbility": {
        "name": "Locked and Loaded",
        "text": "While you are docked, after your carrier ship performs a primary [Front Arc] or [Turret] attack, it may perform a bonus primary [Rear Arc] attack."
      },
      "slots": [
        "Crew",
        "Modification",
        "Turret",
        "Title",
        "Talent",
        "Talent"
      ],
      "artwork": "https://infinitearenas.com/xw2/images/artwork/pilots/herasyndulla.png",
      "standard": false,
      "extended": true,
      "keywords": [
        "Spectre"
      ],
      "epic": true,
      "restricted": 0
    },
    {
      "name": "Sabine Wren",
      "caption": "Spectre-5",
      "initiative": 3,
      "limited": 1,
      "cost": 10,
      "loadout": 13,
      "xws": "sabinewren",
      "ability": "Before you activate, you may perform a [Barrel Roll] or [Boost] action.",
      "image": "https://infinitearenas.com/xw2/images/pilots/sabinewren.png",
      "shipAbility": {
        "name": "Locked and Loaded",
        "text": "While you are docked, after your carrier ship performs a primary [Front Arc] or [Turret] attack, it may perform a bonus primary [Rear Arc] attack."
      },
      "slots": [
        "Crew",
        "Modification",
        "Turret",
        "Title",
        "Talent"
      ],
      "artwork": "https://infinitearenas.com/xw2/images/artwork/pilots/sabinewren.png",
      "standard": false,
      "extended": true,
      "keywords": [
        "Mandalorian",
        "Spectre"
      ],
      "epic": true,
      "restricted": 0
    }
  ]
}
