{
  "name": "RZ-1 A-wing",
  "xws": "rz1awing",
  "size": "Small",
  "dial": [
    "1TW",
    "1YW",
    "2TB",
    "2BB",
    "2FB",
    "2NB",
    "2YB",
    "3LR",
    "3TW",
    "3BW",
    "3FB",
    "3NW",
    "3YW",
    "3PR",
    "4FB",
    "5FB",
    "5KR"
  ],
  "dialCodes": [
    "AW"
  ],
  "faction": "rebelalliance",
  "stats": [
    {
      "arc": "Front Arc",
      "type": "attack",
      "value": 2
    },
    {
      "type": "agility",
      "value": 3
    },
    {
      "type": "hull",
      "value": 2
    },
    {
      "type": "shields",
      "value": 2
    }
  ],
  "actions": [
    {
      "difficulty": "White",
      "type": "Focus"
    },
    {
      "difficulty": "White",
      "type": "Evade"
    },
    {
      "difficulty": "White",
      "type": "Lock"
    },
    {
      "difficulty": "White",
      "type": "Barrel Roll"
    },
    {
      "difficulty": "White",
      "type": "Boost"
    }
  ],
  "icon": "https://infinitearenas.com/xw2/images/shipicons/rebel-alliance/I_A-wing.png",
  "pilots": [
    {
      "name": "Arvel Crynyd",
      "caption": "Green Leader",
      "initiative": 3,
      "limited": 1,
      "cost": 9,
      "loadout": 7,
      "xws": "arvelcrynyd",
      "ability": "If you would fail a [Boost] action by overlapping another ship, you may resolve it as though you were partially executing a maneuver instead. While you perform an attack at attack range 0, treat it as an attack at attack range 1.",
      "image": "https://infinitearenas.com/xw2/images/pilots/arvelcrynyd.png",
      "shipAbility": {
        "name": "Vectored Thrusters",
        "text": "After you perform an action, you may perform a red [Boost] action."
      },
      "slots": [
        "Talent",
        "Modification",
        "Missile",
        "Configuration"
      ],
      "artwork": "https://infinitearenas.com/xw2/images/artwork/pilots/arvelcrynyd.png",
      "standard": true,
      "extended": true,
      "keywords": [
        "A-wing"
      ],
      "epic": true,
      "restricted": 0
    },
    {
      "name": "Green Squadron Pilot",
      "initiative": 3,
      "limited": 0,
      "cost": 9,
      "loadout": 9,
      "xws": "greensquadronpilot",
      "text": "Due to its sensitive controls and high maneuverability, only the most talented pilots belong in an A-wing cockpit.",
      "image": "https://infinitearenas.com/xw2/images/pilots/greensquadronpilot.png",
      "shipAbility": {
        "name": "Vectored Thrusters",
        "text": "After you perform an action, you may perform a red [Boost] action."
      },
      "slots": [
        "Talent",
        "Modification",
        "Missile",
        "Configuration"
      ],
      "artwork": "https://infinitearenas.com/xw2/images/artwork/pilots/greensquadronpilot.png",
      "standard": true,
      "extended": true,
      "keywords": [
        "A-wing"
      ],
      "epic": true,
      "restricted": 0
    },
    {
      "name": "Jake Farrell",
      "caption": "Sage Instructor",
      "initiative": 4,
      "limited": 1,
      "cost": 11,
      "loadout": 16,
      "xws": "jakefarrell",
      "ability": "After you perform a [Barrel Roll] or [Boost] action, you may choose a friendly ship at range 0-1. That ship may perform a [Focus] action.",
      "image": "https://infinitearenas.com/xw2/images/pilots/jakefarrell.png",
      "shipAbility": {
        "name": "Vectored Thrusters",
        "text": "After you perform an action, you may perform a red [Boost] action."
      },
      "slots": [
        "Talent",
        "Modification",
        "Missile",
        "Configuration",
        "Talent"
      ],
      "artwork": "https://infinitearenas.com/xw2/images/artwork/pilots/jakefarrell.png",
      "standard": true,
      "extended": true,
      "keywords": [
        "A-wing"
      ],
      "epic": true,
      "restricted": 0
    },
    {
      "name": "Phoenix Squadron Pilot",
      "initiative": 1,
      "limited": 0,
      "cost": 7,
      "loadout": 1,
      "xws": "phoenixsquadronpilot",
      "text": "Led by Commander Jun Sato, the brave but inexperienced pilots of Phoenix Squadron face staggering odds in their battle against the Galactic Empire.",
      "image": "https://infinitearenas.com/xw2/images/pilots/phoenixsquadronpilot.png",
      "shipAbility": {
        "name": "Vectored Thrusters",
        "text": "After you perform an action, you may perform a red [Boost] action."
      },
      "slots": [
        "Talent",
        "Modification",
        "Missile",
        "Configuration"
      ],
      "artwork": "https://infinitearenas.com/xw2/images/artwork/pilots/phoenixsquadronpilot.png",
      "standard": true,
      "extended": true,
      "keywords": [
        "A-wing"
      ],
      "epic": true,
      "restricted": 0
    },
    {
      "name": "Wedge Antilles",
      "xws": "wedgeantilles-rz1awing",
      "initiative": 4,
      "limited": 1,
      "shipAbility": {
        "name": "Vectored Thrusters",
        "text": "After you perform an action, you may perform a red [Boost] action."
      },
      "standard": true,
      "extended": true,
      "keywords": [
        "A-wing"
      ],
      "cost": 11,
      "loadout": 16,
      "slots": [
        "Talent",
        "Modification",
        "Missile",
        "Configuration",
        "Talent"
      ],
      "ability": "While you perform a primary attack, if the defender is in your [Front Arc], the defender rolls 1 fewer defense die.",
      "caption": "Promising Pilot",
      "artwork": "https://infinitearenas.com/xw2/images/artwork/pilots/wedgeantilles-rz1awing.png",
      "image": "https://infinitearenas.com/xw2/images/pilots/wedgeantilles-rz1awing.png",
      "epic": true,
      "restricted": 0
    },
    {
      "name": "Sabine Wren",
      "xws": "sabinewren-rz1awing",
      "initiative": 3,
      "limited": 1,
      "shipAbility": {
        "name": "Vectored Thrusters",
        "text": "After you perform an action, you may perform a red [Boost] action."
      },
      "standard": true,
      "extended": true,
      "keywords": [
        "A-wing",
        "Mandalorian"
      ],
      "cost": 8,
      "loadout": 4,
      "slots": [
        "Talent",
        "Modification",
        "Missile",
        "Configuration"
      ],
      "ability": "While you defend or perform an attack, if the attack range is 1 and you are in the enemy ship's [Front Arc], you may change 1 of your results to an [Evade] or [Hit] result.",
      "caption": "Daughter of Mandalore",
      "artwork": "https://infinitearenas.com/xw2/images/artwork/pilots/sabinewren-rz1awing.png",
      "image": "https://infinitearenas.com/xw2/images/pilots/sabinewren-rz1awing.png",
      "epic": true,
      "restricted": 0
    },
    {
      "name": "Hera Syndulla",
      "xws": "herasyndulla-rz1awing",
      "initiative": 6,
      "limited": 1,
      "shipAbility": {
        "name": "Vectored Thrusters",
        "text": "After you perform an action, you may perform a red [Boost] action."
      },
      "caption": "Phoenix Leader",
      "standard": true,
      "extended": true,
      "cost": 12,
      "loadout": 15,
      "slots": [
        "Talent",
        "Modification",
        "Missile",
        "Configuration",
        "Talent"
      ],
      "ability": "While another friendly ship at range 1-2 defends or performs an attack, during a Modify Dice step, you may transfer 1 of your focus tokens, evade tokens, or locks to that ship.",
      "keywords": [
        "A-wing",
        "Spectre"
      ],
      "artwork": "https://infinitearenas.com/xw2/images/artwork/pilots/herasyndulla-rz1awing.png",
      "image": "https://infinitearenas.com/xw2/images/pilots/herasyndulla-rz1awing.png",
      "epic": true,
      "restricted": 0
    },
    {
      "name": "Ahsoka Tano",
      "xws": "ahsokatano-rz1awing",
      "initiative": 5,
      "limited": 1,
      "shipAbility": {
        "name": "Vectored Thrusters",
        "text": "After you perform an action, you may perform a red [Boost] action."
      },
      "caption": "Fulcrum",
      "standard": true,
      "extended": true,
      "force": {
        "value": 3,
        "recovers": 1
      },
      "cost": 12,
      "loadout": 12,
      "slots": [
        "Modification",
        "Missile",
        "Configuration",
        "Force Power",
        "Force Power"
      ],
      "ability": "After you fully execute a maneuver, you may choose a friendly ship at range 1-2 and spend 2 [Force]. That ship may perform an action, even while stressed.",
      "keywords": [
        "A-wing",
        "Light Side"
      ],
      "artwork": "https://infinitearenas.com/xw2/images/artwork/pilots/ahsokatano-rz1awing.png",
      "image": "https://infinitearenas.com/xw2/images/pilots/ahsokatano-rz1awing.png",
      "epic": true,
      "restricted": 0
    },
    {
      "name": "Shara Bey",
      "xws": "sharabey-rz1awing",
      "initiative": 4,
      "limited": 1,
      "shipAbility": {
        "name": "Vectored Thrusters",
        "text": "After you perform an action, you may perform a red [Boost] action."
      },
      "caption": "Green Four",
      "standard": true,
      "extended": true,
      "cost": 9,
      "loadout": 10,
      "slots": [
        "Talent",
        "Modification",
        "Missile",
        "Configuration",
        "Talent"
      ],
      "ability": "While you defend or perform a primary attack, you may spend 1 lock you have on the enemy ship to add 1 [Focus] result to your dice results.",
      "keywords": [
        "A-wing"
      ],
      "artwork": "https://infinitearenas.com/xw2/images/artwork/pilots/sharabey-rz1awing.png",
      "image": "https://infinitearenas.com/xw2/images/pilots/sharabey-rz1awing.png",
      "epic": true,
      "restricted": 0
    },
    {
      "name": "Derek Klivian",
      "xws": "derekklivian",
      "initiative": 3,
      "limited": 1,
      "shipAbility": {
        "name": "Vectored Thrusters",
        "text": "After you perform an action, you may perform a red [Boost] action."
      },
      "caption": "Hobbie",
      "standard": true,
      "extended": true,
      "cost": 9,
      "loadout": 12,
      "slots": [
        "Talent",
        "Modification",
        "Missile",
        "Configuration"
      ],
      "ability": "After you acquire or spend a lock, you may remove 1 red token from yourself.",
      "keywords": [
        "A-wing"
      ],
      "artwork": "https://infinitearenas.com/xw2/images/artwork/pilots/derekklivian.png",
      "image": "https://infinitearenas.com/xw2/images/pilots/derekklivian.png",
      "epic": true,
      "restricted": 0
    },
    {
      "name": "Keo Venzee",
      "xws": "keovenzee",
      "initiative": 3,
      "limited": 1,
      "shipAbility": {
        "name": "Vectored Thrusters",
        "text": "After you perform an action, you may perform a red [Boost] action."
      },
      "caption": "Auspicious Ace",
      "standard": true,
      "extended": true,
      "cost": 10,
      "loadout": 12,
      "force": {
        "value": 1,
        "recovers": 0
      },
      "slots": [
        "Modification",
        "Missile",
        "Configuration",
        "Force Power"
      ],
      "ability": "If you have no active [Force], after you reveal a bank [[Bank Left] or [Bank Right]] or turn [[Turn Left] or [Turn Right]] maneuver, you may increase the difficulty of the maneuver. If you do, perform that maneuver as a sideslip and recover 1 [Force].",
      "keywords": [
        "A-wing"
      ],
      "image": "https://infinitearenas.com/xw2/images/pilots/keovenzee.png",
      "artwork": "https://infinitearenas.com/xw2/images/artwork/pilots/keovenzee.png",
      "epic": true,
      "restricted": 0
    },
    {
      "name": "Tycho Celchu",
      "xws": "tychocelchu",
      "initiative": 5,
      "limited": 1,
      "shipAbility": {
        "name": "Vectored Thrusters",
        "text": "After you perform an action, you may perform a red [Boost] action."
      },
      "caption": "Son of Alderaan",
      "standard": true,
      "extended": true,
      "cost": 11,
      "loadout": 15,
      "slots": [
        "Talent",
        "Modification",
        "Missile",
        "Configuration",
        "Talent"
      ],
      "ability": "While you have 2 or fewer stress tokens, you may perform actions, even while stressed.",
      "keywords": [
        "A-wing"
      ],
      "image": "https://infinitearenas.com/xw2/images/pilots/tychocelchu.png",
      "artwork": "https://infinitearenas.com/xw2/images/artwork/pilots/tychocelchu.png",
      "epic": true,
      "restricted": 0
    },
    {
      "name": "Arvel Crynyd",
      "caption": "Green Leader",
      "initiative": 3,
      "limited": 1,
      "cost": 8,
      "xws": "arvelcrynyd-swz106",
      "ability": "If you would fail a [Boost] action by overlapping another ship, you may resolve it as though you were partially executing a maneuver instead. While you perform an attack at attack range 0, treat it as an attack at attack range 1.",
      "image": "https://infinitearenas.com/xw2/images/quickbuilds/arvelcrynyd-swz106.png",
      "shipAbility": {
        "name": "Vectored Thrusters",
        "text": "After you perform an action, you may perform a red [Boost] action."
      },
      "standardLoadout": [
        "predator",
        "afterburners"
      ],
      "artwork": "https://infinitearenas.com/xw2/images/artwork/pilots/arvelcrynyd.png",
      "standard": true,
      "extended": true,
      "keywords": [
        "A-wing"
      ],
      "epic": true,
      "loadout": 0,
      "slots": [],
      "restricted": 0
    },
    {
      "name": "Jake Farrell",
      "caption": "Sage Instructor",
      "initiative": 4,
      "limited": 1,
      "cost": 10,
      "xws": "jakefarrell-swz106",
      "ability": "After you perform a [Barrel Roll] or [Boost] action, you may choose a friendly ship at range 0-1. That ship may perform a [Focus] action.",
      "image": "https://infinitearenas.com/xw2/images/quickbuilds/jakefarrell-swz106.png",
      "shipAbility": {
        "name": "Vectored Thrusters",
        "text": "After you perform an action, you may perform a red [Boost] action."
      },
      "standardLoadout": [
        "elusive",
        "outmaneuver",
        "ionmissiles"
      ],
      "artwork": "https://infinitearenas.com/xw2/images/artwork/pilots/jakefarrell.png",
      "standard": true,
      "extended": true,
      "keywords": [
        "A-wing"
      ],
      "epic": true,
      "loadout": 0,
      "slots": [],
      "restricted": 0
    },
    {
      "name": "Shara Bey",
      "xws": "sharabey-swz106",
      "initiative": 4,
      "limited": 1,
      "shipAbility": {
        "name": "Vectored Thrusters",
        "text": "After you perform an action, you may perform a red [Boost] action."
      },
      "caption": "Green Four",
      "standard": true,
      "extended": true,
      "cost": 8,
      "standardLoadout": [
        "hopeful",
        "concussionmissiles"
      ],
      "ability": "While you defend or perform a primary attack, you may spend 1 lock you have on the enemy ship to add 1 [Focus] result to your dice results.",
      "keywords": [
        "A-wing"
      ],
      "artwork": "https://infinitearenas.com/xw2/images/artwork/pilots/sharabey-rz1awing.png",
      "image": "https://infinitearenas.com/xw2/images/quickbuilds/sharabey-swz106.png",
      "epic": true,
      "loadout": 0,
      "slots": [],
      "restricted": 0
    },
    {
      "name": "Arvel Crynyd",
      "caption": "Battle Over Endor",
      "xws": "arvelcrynyd-battleoverendor",
      "initiative": 3,
      "limited": 1,
      "cost": 10,
      "shipAbility": {
        "name": "Vectored Cannons",
        "text": "During the System Phase, you may perform a red [Boost] or [Rotate Arc] action. You can rotate your [Single Turret Arc] indicator only to your [Front Arc] or [Rear Arc]."
      },
      "shipStats": [
        {
          "arc": "Single Turret Arc",
          "type": "attack",
          "value": 2
        },
        {
          "type": "agility",
          "value": 3
        },
        {
          "type": "hull",
          "value": 2
        },
        {
          "type": "shields",
          "value": 3
        }
      ],
      "shipActions": [
        {
          "difficulty": "White",
          "type": "Focus"
        },
        {
          "difficulty": "White",
          "type": "Evade"
        },
        {
          "difficulty": "White",
          "type": "Lock"
        },
        {
          "difficulty": "White",
          "type": "Barrel Roll",
          "linked": {
            "difficulty": "Red",
            "type": "Focus"
          }
        },
        {
          "difficulty": "White",
          "type": "Boost"
        },
        {
          "difficulty": "White",
          "type": "SLAM"
        }
      ],
      "standardLoadout": [
        "heroicsacrifice-battleoverendor",
        "itsatrap-battleoverendor",
        "protonrockets"
      ],
      "ability": "While defending, you may gain a strain token to change 1 [Focus] result to an [Evade] result.",
      "keywords": [
        "A-wing"
      ],
      "artwork": "https://infinitearenas.com/xw2/images/artwork/pilots/arvelcrynyd-battleoverendor.png",
      "image": "https://infinitearenas.com/xw2/images/quickbuilds/arvelcrynyd-battleoverendor.png",
      "standard": true,
      "extended": true,
      "epic": true,
      "loadout": 0,
      "slots": [],
      "restricted": 0
    },
    {
      "name": "Tycho Celchu",
      "caption": "Battle Over Endor",
      "xws": "tychocelchu-battleoverendor",
      "initiative": 5,
      "limited": 1,
      "cost": 11,
      "shipAbility": {
        "name": "Vectored Cannons",
        "text": "During the System Phase, you may perform a red [Boost] or [Rotate Arc] action. You can rotate your [Single Turret Arc] indicator only to your [Front Arc] or [Rear Arc]."
      },
      "shipStats": [
        {
          "arc": "Single Turret Arc",
          "type": "attack",
          "value": 2
        },
        {
          "type": "agility",
          "value": 3
        },
        {
          "type": "hull",
          "value": 2
        },
        {
          "type": "shields",
          "value": 3
        }
      ],
      "shipActions": [
        {
          "difficulty": "White",
          "type": "Focus",
          "linked": {
            "difficulty": "Red",
            "type": "Reload"
          }
        },
        {
          "difficulty": "White",
          "type": "Evade"
        },
        {
          "difficulty": "White",
          "type": "Lock"
        },
        {
          "difficulty": "White",
          "type": "Barrel Roll"
        },
        {
          "difficulty": "White",
          "type": "Boost",
          "linked": {
            "difficulty": "Red",
            "type": "Evade"
          }
        }
      ],
      "standardLoadout": [
        "itsatrap-battleoverendor",
        "juke",
        "protonrockets",
        "chaffparticles-battleoverendor"
      ],
      "ability": "While you are disarmed, you can still perform [Missile] attacks. When you perform a [Missile] attack while disarmed, roll a maximum of 4 dice.",
      "keywords": [
        "A-wing"
      ],
      "artwork": "https://infinitearenas.com/xw2/images/artwork/pilots/tychocelchu-battleoverendor.png",
      "image": "https://infinitearenas.com/xw2/images/quickbuilds/tychocelchu-battleoverendor.png",
      "standard": true,
      "extended": true,
      "epic": true,
      "loadout": 0,
      "slots": [],
      "restricted": 0
    },
    {
      "name": "Gemmer Sojan",
      "caption": "Battle Over Endor",
      "xws": "gemmersojan-battleoverendor",
      "initiative": 2,
      "limited": 1,
      "cost": 9,
      "shipAbility": {
        "name": "Vectored Cannons",
        "text": "During the System Phase, you may perform a red [Boost] or [Rotate Arc] action. You can rotate your [Single Turret Arc] indicator only to your [Front Arc] or [Rear Arc]."
      },
      "shipStats": [
        {
          "arc": "Single Turret Arc",
          "type": "attack",
          "value": 2
        },
        {
          "type": "agility",
          "value": 3
        },
        {
          "type": "hull",
          "value": 2
        },
        {
          "type": "shields",
          "value": 2
        }
      ],
      "standardLoadout": [
        "itsatrap-battleoverendor",
        "precisiontunedcannons-battleoverendor",
        "chaffparticles-battleoverendor",
        "targetassistalgorithm-battleoverendor"
      ],
      "ability": "While defending, you may gain 1 strain token to change up to 2 of your blank results to [Focus] results.",
      "keywords": [
        "A-wing"
      ],
      "artwork": "https://infinitearenas.com/xw2/images/artwork/pilots/gemmersojan-battleoverendor.png",
      "image": "https://infinitearenas.com/xw2/images/quickbuilds/gemmersojan-battleoverendor.png",
      "standard": true,
      "extended": true,
      "epic": true,
      "loadout": 0,
      "slots": [],
      "restricted": 0
    }
  ]
}
