{
  "name": "GR-75 Medium Transport",
  "xws": "gr75mediumtransport",
  "faction": "rebelalliance",
  "icon": "https://infinitearenas.com/xw2/images/shipicons/rebel-alliance/I_GR-75.png",
  "size": "Huge",
  "dial": [
    "0BR",
    "0OR",
    "0NR",
    "1BB",
    "1NB",
    "1FB",
    "2BW",
    "2NW",
    "2FW",
    "3FR",
    "4FR"
  ],
  "dialCodes": [
    "GR75-REB"
  ],
  "stats": [
    {
      "arc": "Front Arc",
      "type": "attack",
      "value": 2
    },
    {
      "type": "agility",
      "value": 0
    },
    {
      "type": "hull",
      "value": 12
    },
    {
      "type": "shields",
      "value": 3,
      "recovers": 1
    },
    {
      "type": "energy",
      "value": 4,
      "recovers": 1
    }
  ],
  "actions": [
    {
      "difficulty": "White",
      "type": "Focus"
    },
    {
      "difficulty": "Red",
      "type": "Lock"
    },
    {
      "difficulty": "White",
      "type": "Coordinate"
    },
    {
      "difficulty": "Red",
      "type": "Reinforce"
    },
    {
      "difficulty": "White",
      "type": "Jam"
    }
  ],
  "pilots": [
    {
      "name": "Echo Base Evacuees",
      "initiative": 7,
      "cost": 23,
      "loadout": 25,
      "limited": 0,
      "artwork": "https://infinitearenas.com/xw2/images/artwork/pilots/echobaseevacuees.png",
      "image": "https://infinitearenas.com/xw2/images/pilots/echobaseevacuees.png",
      "shipAbility": {
        "name": "Resupply Craft",
        "text": "After another friendly ship at range 0-1 performs an action, you may spend 1 [Energy]. If you do, it removes 1 orange or red token, or recovers 1 shield."
      },
      "text": "The GR-75 medium transport acquitted itself well at battles such as the evacuation of Hoth, where several of these ships were pivotal to the Rebel forces' escape.",
      "standard": false,
      "extended": false,
      "epic": true,
      "engagement": 1,
      "xws": "echobaseevacuees",
      "slots": [
        "Command",
        "Hardpoint",
        "Turret",
        "Crew",
        "Crew",
        "Team",
        "Cargo",
        "Cargo",
        "Title"
      ],
      "restricted": 0
    },
    {
      "name": "Trebor Zednem",
      "initiative": 7,
      "engagement": 1,
      "limited": 1,
      "cost": 19,
      "xws": "treborzednem-epicsl",
      "artwork": "https://infinitearenas.com/xw2/images/artwork/pilots/treborzednem-epicsl.png",
      "image": "https://infinitearenas.com/xw2xwa/images/quickbuilds/treborzednem-epicsl.png",
      "shipAbility": {
        "name": "Resupply Craft",
        "text": "After another friendly ship at range 0-1 performs an action, you may spend 1 [Energy]. If you do, it removes 1 orange or red token, or recovers 1 [Shield]."
      },
      "shipActions": [
        {
          "difficulty": "White",
          "type": "Focus"
        },
        {
          "difficulty": "White",
          "type": "Lock",
          "linked": {
            "difficulty": "Red",
            "type": "Coordinate"
          }
        },
        {
          "difficulty": "White",
          "type": "Reinforce",
          "linked": {
            "difficulty": "Red",
            "type": "Coordinate"
          }
        },
        {
          "difficulty": "White",
          "type": "Coordinate"
        },
        {
          "difficulty": "White",
          "type": "Jam"
        }
      ],
      "text": "",
      "standard": false,
      "extended": false,
      "epic": true,
      "standardLoadout": [
        "torynfarr",
        "planetaryionbombardment-epicsl",
        "brighthope"
      ],
      "loadout": 0,
      "slots": [],
      "restricted": 0
    }
  ]
}
