{
  "name": "HWK-290 Light Freighter",
  "xws": "hwk290lightfreighter",
  "size": "Small",
  "dial": [
    "0OR",
    "1BB",
    "1FB",
    "1NB",
    "2TW",
    "2BW",
    "2FB",
    "2NW",
    "2YW",
    "3TR",
    "3BW",
    "3FB",
    "3NW",
    "3YR",
    "4FW"
  ],
  "dialCodes": [
    "HK"
  ],
  "faction": "rebelalliance",
  "stats": [
    {
      "arc": "Single Turret Arc",
      "type": "attack",
      "value": 2
    },
    {
      "type": "agility",
      "value": 2
    },
    {
      "type": "hull",
      "value": 3
    },
    {
      "type": "shields",
      "value": 2
    }
  ],
  "actions": [
    {
      "difficulty": "White",
      "linked": {
        "difficulty": "Red",
        "type": "Rotate Arc"
      },
      "type": "Focus"
    },
    {
      "difficulty": "White",
      "linked": {
        "difficulty": "Red",
        "type": "Rotate Arc"
      },
      "type": "Lock"
    },
    {
      "difficulty": "Red",
      "type": "Boost"
    },
    {
      "difficulty": "White",
      "type": "Rotate Arc"
    },
    {
      "difficulty": "Red",
      "type": "Jam"
    }
  ],
  "icon": "https://infinitearenas.com/xw2/images/shipicons/rebel-alliance/I_HWK-290.png",
  "pilots": [
    {
      "name": "Jan Ors",
      "caption": "Espionage Expert",
      "initiative": 5,
      "limited": 1,
      "cost": 15,
      "loadout": 15,
      "xws": "janors",
      "ability": "While a friendly ship in your firing arc performs a primary attack, if you are not stressed, you may gain 1 stress token. If you do, that ship may roll 1 additional attack die.",
      "image": "https://infinitearenas.com/xw2/images/pilots/janors.png",
      "slots": [
        "Talent",
        "Crew",
        "Modification",
        "Payload",
        "Title"
      ],
      "artwork": "https://infinitearenas.com/xw2/images/artwork/pilots/janors.png",
      "standard": true,
      "extended": true,
      "keywords": [
        "Freighter"
      ],
      "epic": true,
      "restricted": 0
    },
    {
      "name": "Kyle Katarn",
      "caption": "Relentless Operative",
      "initiative": 3,
      "limited": 1,
      "cost": 11,
      "loadout": 10,
      "xws": "kylekatarn",
      "ability": "At the start of the Engagement Phase, you may transfer 1 of your focus tokens to a friendly ship in your firing arc.",
      "image": "https://infinitearenas.com/xw2/images/pilots/kylekatarn.png",
      "slots": [
        "Talent",
        "Crew",
        "Modification",
        "Payload",
        "Title"
      ],
      "artwork": "https://infinitearenas.com/xw2/images/artwork/pilots/kylekatarn.png",
      "standard": true,
      "extended": true,
      "keywords": [
        "Freighter"
      ],
      "epic": true,
      "restricted": 0
    },
    {
      "name": "Rebel Scout",
      "initiative": 2,
      "limited": 0,
      "cost": 7,
      "loadout": 5,
      "xws": "rebelscout",
      "text": "Designed to look like a bird in flight by the Corellian Engineering Corporation, “hawk” series ships are exemplary transport craft. Swift and rugged, the HWK-290 is often employed by Rebel agents as a mobile base of operations.",
      "image": "https://infinitearenas.com/xw2/images/pilots/rebelscout.png",
      "slots": [
        "Crew",
        "Modification",
        "Payload",
        "Payload"
      ],
      "artwork": "https://infinitearenas.com/xw2/images/artwork/pilots/rebelscout.png",
      "standard": true,
      "extended": true,
      "keywords": [
        "Freighter"
      ],
      "epic": true,
      "restricted": 0
    },
    {
      "name": "Roark Garnet",
      "caption": "Good-Hearted Smuggler",
      "initiative": 4,
      "limited": 1,
      "cost": 13,
      "loadout": 12,
      "xws": "roarkgarnet",
      "ability": "At the start of the Engagement Phase, you may choose 1 ship in your firing arc. If you do, it engages at initiative 7 instead of its standard initiative value this phase.",
      "image": "https://infinitearenas.com/xw2/images/pilots/roarkgarnet.png",
      "slots": [
        "Talent",
        "Crew",
        "Modification",
        "Payload",
        "Title"
      ],
      "artwork": "https://infinitearenas.com/xw2/images/artwork/pilots/roarkgarnet.png",
      "standard": true,
      "extended": true,
      "keywords": [
        "Freighter"
      ],
      "epic": true,
      "restricted": 0
    }
  ]
}
