{
  "name": "Droid Tri-Fighter",
  "xws": "droidtrifighter",
  "size": "Small",
  "dial": [
    "1ER",
    "1TW",
    "1YW",
    "1RR",
    "2TB",
    "2BW",
    "2FB",
    "2NW",
    "2YB",
    "3TB",
    "3BW",
    "3FB",
    "3NW",
    "3YB",
    "3KR",
    "4FB",
    "5FW",
    "5KR"
  ],
  "dialCodes": [
    "DTF"
  ],
  "faction": "separatistalliance",
  "stats": [
    {
      "arc": "Front Arc",
      "type": "attack",
      "value": 3
    },
    {
      "type": "agility",
      "value": 3
    },
    {
      "type": "hull",
      "value": 3
    }
  ],
  "actions": [
    {
      "difficulty": "White",
      "type": "Calculate"
    },
    {
      "difficulty": "White",
      "type": "Evade"
    },
    {
      "difficulty": "White",
      "type": "Lock"
    },
    {
      "difficulty": "White",
      "type": "Barrel Roll",
      "linked": {
        "difficulty": "Red",
        "type": "Evade"
      }
    },
    {
      "difficulty": "White",
      "type": "Boost",
      "linked": {
        "difficulty": "Red",
        "type": "Calculate"
      }
    }
  ],
  "pilots": [
    {
      "name": "DIS-T81",
      "initiative": 4,
      "limited": 1,
      "xws": "dist81",
      "shipAbility": {
        "name": "Networked Calculations",
        "text": "While you defend or perform an attack, you may spend 1 calculate token from a friendly ship at range 0-1 to change 1 [Focus] result to an [Evade] or [Hit] result."
      },
      "standard": true,
      "extended": true,
      "ability": "While you defend or perform an attack, you may spend 1 calculate token from a friendly ship in the enemy ship's firing arc to change 1 [Focus] result to an [Evade] or [Hit] result.",
      "caption": "Clever Circuits",
      "cost": 10,
      "loadout": 12,
      "image": "https://infinitearenas.com/xw2/images/pilots/dist81.png",
      "artwork": "https://infinitearenas.com/xw2/images/artwork/pilots/dist81.png",
      "slots": [
        "Talent",
        "Sensor",
        "Modification",
        "Modification",
        "Missile",
        "Cannon",
        "Configuration"
      ],
      "keywords": [
        "Droid"
      ],
      "epic": true
    },
    {
      "name": "Phlac-Arphocc Prototype",
      "xws": "phlacarphoccprototype",
      "initiative": 5,
      "limited": 2,
      "shipAbility": {
        "name": "Networked Calculations",
        "text": "While you defend or perform an attack, you may spend 1 calculate token from a friendly ship at range 0-1 to change 1 [Focus] result to an [Evade] or [Hit] result."
      },
      "caption": "Predictive Analysis Protocol",
      "standard": false,
      "extended": true,
      "ability": "During the System Phase, you may spend your lock on a ship to look at that ship's dial.",
      "cost": 10,
      "loadout": 9,
      "image": "https://infinitearenas.com/xw2/images/pilots/phlacarphoccprototype.png",
      "artwork": "https://infinitearenas.com/xw2/images/artwork/pilots/phlacarphoccprototype.png",
      "slots": [
        "Talent",
        "Sensor",
        "Modification",
        "Modification",
        "Missile",
        "Cannon",
        "Configuration"
      ],
      "keywords": [
        "Droid"
      ],
      "epic": true
    },
    {
      "name": "Fearsome Predator",
      "xws": "fearsomepredator",
      "initiative": 3,
      "limited": 3,
      "shipAbility": {
        "name": "Networked Calculations",
        "text": "While you defend or perform an attack, you may spend 1 calculate token from a friendly ship at range 0-1 to change 1 [Focus] result to an [Evade] or [Hit] result."
      },
      "caption": "Fixated Pursuit",
      "conditions": [
        "fearfulprey"
      ],
      "standard": true,
      "extended": true,
      "ability": "Setup: After placing forces, assign the Fearful Prey condition to 1 enemy ship.",
      "cost": 9,
      "loadout": 6,
      "image": "https://infinitearenas.com/xw2/images/pilots/fearsomepredator.png",
      "artwork": "https://infinitearenas.com/xw2/images/artwork/pilots/fearsomepredator.png",
      "slots": [
        "Talent",
        "Sensor",
        "Modification",
        "Modification",
        "Missile",
        "Cannon",
        "Configuration"
      ],
      "keywords": [
        "Droid"
      ],
      "epic": true
    },
    {
      "name": "DIS-347",
      "xws": "dis347",
      "initiative": 3,
      "limited": 1,
      "shipAbility": {
        "name": "Networked Calculations",
        "text": "While you defend or perform an attack, you may spend 1 calculate token from a friendly ship at range 0-1 to change 1 [Focus] result to an [Evade] or [Hit] result."
      },
      "caption": "Target Acquired",
      "standard": true,
      "extended": true,
      "ability": "At the start of the Engagement Phase, you may acquire a lock on an object at range 1-3 that has a friendly lock.",
      "cost": 9,
      "loadout": 8,
      "image": "https://infinitearenas.com/xw2/images/pilots/dis347.png",
      "artwork": "https://infinitearenas.com/xw2/images/artwork/pilots/dis347.png",
      "slots": [
        "Talent",
        "Sensor",
        "Modification",
        "Modification",
        "Missile",
        "Cannon",
        "Configuration"
      ],
      "keywords": [
        "Droid"
      ],
      "epic": true
    },
    {
      "name": "Separatist Interceptor",
      "xws": "separatistinterceptor",
      "initiative": 3,
      "limited": 0,
      "shipAbility": {
        "name": "Networked Calculations",
        "text": "While you defend or perform an attack, you may spend 1 calculate token from a friendly ship at range 0-1 to change 1 [Focus] result to an [Evade] or [Hit] result."
      },
      "text": "Deployed late in the Clone Wars, these aggressive starfighters, and the destructive buzz droids they carry, pose a serious threat to even veteran Jedi pilots.",
      "standard": true,
      "extended": true,
      "cost": 9,
      "loadout": 8,
      "image": "https://infinitearenas.com/xw2/images/pilots/separatistinterceptor.png",
      "artwork": "https://infinitearenas.com/xw2/images/artwork/pilots/separatistinterceptor.png",
      "slots": [
        "Talent",
        "Sensor",
        "Modification",
        "Modification",
        "Missile",
        "Cannon",
        "Configuration"
      ],
      "keywords": [
        "Droid"
      ],
      "epic": true
    },
    {
      "name": "Colicoid Interceptor",
      "xws": "colicoidinterceptor",
      "initiative": 1,
      "limited": 0,
      "shipAbility": {
        "name": "Networked Calculations",
        "text": "While you defend or perform an attack, you may spend 1 calculate token from a friendly ship at range 0-1 to change 1 [Focus] result to an [Evade] or [Hit] result."
      },
      "text": "Designed by the Colicoid Creation Nest and manufactured by Phlac-Arphocc Automata Industries, the heuristic processors of Droid Tri-Fighters allow these deadly ships to analyze and adapt to enemy tactics in-flight.",
      "standard": true,
      "extended": true,
      "cost": 8,
      "loadout": 5,
      "image": "https://infinitearenas.com/xw2/images/pilots/colicoidinterceptor.png",
      "artwork": "https://infinitearenas.com/xw2/images/artwork/pilots/colicoidinterceptor.png",
      "slots": [
        "Sensor",
        "Modification",
        "Modification",
        "Missile",
        "Cannon",
        "Configuration"
      ],
      "keywords": [
        "Droid"
      ],
      "epic": true
    },
    {
      "name": "DIS-347",
      "caption": "Siege of Coruscant",
      "initiative": 3,
      "limited": 1,
      "cost": 10,
      "xws": "dis347-siegeofcoruscant",
      "ability": "At the start of the Engagement Phase, you may acquire a lock on an object at range 1-3 that has a friendly lock.",
      "shipAbility": {
        "name": "Networked Calculations",
        "text": "While you defend or perform an attack, you may spend 1 calculate token from a friendly ship at range 0-1 to change 1 [Focus] result to an [Evade] or [Hit] result."
      },
      "image": "https://infinitearenas.com/xw2/images/quickbuilds/dis347-siegeofcoruscant.png",
      "standardLoadout": [
        "marksmanship",
        "afterburners",
        "contingencyprotocol-siegeofcoruscant"
      ],
      "artwork": "https://infinitearenas.com/xw2/images/artwork/pilots/dis347.png",
      "standard": true,
      "extended": true,
      "keywords": [
        "Droid"
      ],
      "epic": true,
      "loadout": 0,
      "slots": []
    },
    {
      "name": "DIS-T81",
      "caption": "Siege of Coruscant",
      "initiative": 4,
      "limited": 1,
      "cost": 11,
      "xws": "dist81-siegeofcoruscant",
      "ability": "While you defend or perform an attack, you may reroll any number of your dice. Then if you were defending, gain 1 strain token for each die that was rerolled. If you were attacking, gain 1 deplete token for each die that was rerolled instead.",
      "shipAbility": {
        "name": "Networked Calculations",
        "text": "While you defend or perform an attack, you may spend 1 calculate token from a friendly ship at range 0-1 to change 1 [Focus] result to an [Evade] or [Hit] result."
      },
      "image": "https://infinitearenas.com/xw2/images/quickbuilds/dist81-siegeofcoruscant.png",
      "standardLoadout": [
        "outmaneuver",
        "afterburners",
        "contingencyprotocol-siegeofcoruscant"
      ],
      "artwork": "https://infinitearenas.com/xw2/images/artwork/pilots/dist81.png",
      "standard": true,
      "extended": true,
      "keywords": [
        "Droid"
      ],
      "epic": true,
      "loadout": 0,
      "slots": []
    },
    {
      "name": "Phlac-Arphocc Prototype",
      "caption": "Siege of Coruscant",
      "initiative": 5,
      "limited": 2,
      "cost": 10,
      "xws": "phlacarphoccprototype-siegeofcoruscant",
      "ability": "At the start of the Engagement Phase, if there is an enemy ship in your [Bullseye Arc], gain a calculate token",
      "shipAbility": {
        "name": "Networked Calculations",
        "text": "While you defend or perform an attack, you may spend 1 calculate token from a friendly ship at range 0-1 to change 1 [Focus] result to an [Evade] or [Hit] result."
      },
      "image": "https://infinitearenas.com/xw2/images/quickbuilds/phlacarphoccprototype-siegeofcoruscant.png",
      "standardLoadout": [
        "afterburners",
        "contingencyprotocol-siegeofcoruscant",
        "evasionsequence7-siegeofcoruscant"
      ],
      "artwork": "https://infinitearenas.com/xw2/images/artwork/pilots/phlacarphoccprototype.png",
      "standard": true,
      "extended": true,
      "keywords": [
        "Droid"
      ],
      "epic": true,
      "loadout": 0,
      "slots": []
    },
    {
      "name": "Volan Das",
      "xws": "volandas",
      "initiative": 5,
      "limited": 1,
      "shipAbility": {
        "name": "Modified for Organics",
        "text": "This ship is not affected by the Standardized restriction. Reduce the difficulty of your speed 2 and 3 bank [[Bank Left] or [Bank Right]] maneuvers. Increase the difficulty of your speed 3 turn [[Turn Left] or [Turn Right]] maneuvers."
      },
      "shipActions": [
        {
          "difficulty": "White",
          "type": "Focus"
        },
        {
          "difficulty": "White",
          "type": "Evade"
        },
        {
          "difficulty": "White",
          "type": "Lock"
        },
        {
          "difficulty": "White",
          "type": "Barrel Roll",
          "linked": {
            "difficulty": "Red",
            "type": "Evade"
          }
        },
        {
          "difficulty": "White",
          "type": "Boost",
          "linked": {
            "difficulty": "Red",
            "type": "Focus"
          }
        }
      ],
      "caption": "Impatient Invader",
      "standard": true,
      "extended": true,
      "ability": "After you fully execute a red maneuver, you may chose an enemy ship at range 1. The chosen ship gains 1 strain token and you may remove 1 stress token.",
      "cost": 10,
      "loadout": 9,
      "artwork": "https://infinitearenas.com/xw2/images/artwork/pilots/volandas.png",
      "image": "https://infinitearenas.com/xw2/images/pilots/volandas.png",
      "slots": [
        "Talent",
        "Sensor",
        "Modification",
        "Modification",
        "Missile",
        "Cannon",
        "Illicit"
      ],
      "keywords": [
        "Bounty Hunter"
      ],
      "epic": true
    }
  ],
  "icon": "https://infinitearenas.com/xw2/images/shipicons/separatist-alliance/I_Droid_Tri-Fighter.png"
}
