{
  "name": "HMP Droid Gunship",
  "xws": "hmpdroidgunship",
  "size": "Small",
  "dial": [
    "0OR",
    "1BR",
    "1FB",
    "1NR",
    "2TB",
    "2BW",
    "2FB",
    "2NW",
    "2YB",
    "3TW",
    "3BR",
    "3FW",
    "3NR",
    "3YW",
    "4FR",
    "5FR"
  ],
  "dialCodes": [
    "HMP"
  ],
  "faction": "separatistalliance",
  "stats": [
    {
      "arc": "Full Front Arc",
      "type": "attack",
      "value": 2
    },
    {
      "type": "agility",
      "value": 1
    },
    {
      "type": "hull",
      "value": 5
    },
    {
      "type": "shields",
      "value": 3
    }
  ],
  "actions": [
    {
      "difficulty": "White",
      "type": "Calculate"
    },
    {
      "difficulty": "White",
      "type": "Lock"
    },
    {
      "difficulty": "Red",
      "type": "Barrel Roll"
    },
    {
      "difficulty": "White",
      "type": "Reload",
      "linked": {
        "difficulty": "Red",
        "type": "Calculate"
      }
    }
  ],
  "pilots": [
    {
      "name": "DGS-047",
      "xws": "dgs047",
      "caption": "Adaptive Intelligence",
      "initiative": 1,
      "cost": 9,
      "loadout": 8,
      "slots": [
        "Missile",
        "Missile",
        "Modification",
        "Payload",
        "Configuration",
        "Tactical Relay"
      ],
      "limited": 1,
      "artwork": "https://infinitearenas.com/xw2/images/artwork/pilots/dgs047.png",
      "image": "https://infinitearenas.com/xw2/images/pilots/dgs047.png",
      "shipAbility": {
        "name": "Networked Aim",
        "text": "You cannot spend your locks to reroll attack dice. While you perform an attack, you may reroll a number of attack dice up to the number of friendly locks on the defender."
      },
      "ability": "After you perform an attack, if the defender is in your [Front Arc], you may acquire a lock on it. Then, if the defender is in your [Bullseye Arc], it gains 1 strain token.",
      "standard": true,
      "extended": true,
      "keywords": [
        "Droid"
      ],
      "epic": true
    },
    {
      "name": "Baktoid Drone",
      "xws": "baktoiddrone",
      "initiative": 1,
      "cost": 10,
      "loadout": 13,
      "slots": [
        "Missile",
        "Missile",
        "Modification",
        "Payload",
        "Configuration"
      ],
      "limited": 0,
      "artwork": "https://infinitearenas.com/xw2/images/artwork/pilots/baktoiddrone.png",
      "image": "https://infinitearenas.com/xw2/images/pilots/baktoiddrone.png",
      "shipAbility": {
        "name": "Networked Aim",
        "text": "You cannot spend your locks to reroll attack dice. While you perform an attack, you may reroll a number of attack dice up to the number of friendly locks on the defender."
      },
      "text": "A late-war development for the Confederacy of Independent Systems, the droid gunship uses specialized repulsors to nimbly strafe targets and precisely drop battle droids.",
      "standard": true,
      "extended": true,
      "keywords": [
        "Droid"
      ],
      "epic": true
    },
    {
      "name": "Geonosian Prototype",
      "xws": "geonosianprototype",
      "caption": "Devastation Protocols",
      "initiative": 2,
      "cost": 10,
      "loadout": 12,
      "slots": [
        "Modification",
        "Payload",
        "Configuration",
        "Cannon",
        "Cannon"
      ],
      "limited": 2,
      "artwork": "https://infinitearenas.com/xw2/images/artwork/pilots/geonosianprototype.png",
      "image": "https://infinitearenas.com/xw2/images/pilots/geonosianprototype.png",
      "shipAbility": {
        "name": "Networked Aim",
        "text": "You cannot spend your locks to reroll attack dice. While you perform an attack, you may reroll a number of attack dice up to the number of friendly locks on the defender."
      },
      "ability": "While you perform a [Missile] or [Cannon] attack, you may remove 1 tractor token from the defender to reroll up to 2 attack dice.",
      "standard": true,
      "extended": true,
      "keywords": [
        "Droid"
      ],
      "epic": true
    },
    {
      "name": "DGS-286",
      "xws": "dgs286",
      "caption": "Ambush Protocols",
      "initiative": 3,
      "cost": 11,
      "loadout": 17,
      "slots": [
        "Missile",
        "Missile",
        "Modification",
        "Payload",
        "Configuration",
        "Tactical Relay",
        "Torpedo"
      ],
      "limited": 1,
      "artwork": "https://infinitearenas.com/xw2/images/artwork/pilots/dgs286.png",
      "image": "https://infinitearenas.com/xw2/images/pilots/dgs286.png",
      "shipAbility": {
        "name": "Networked Aim",
        "text": "You cannot spend your locks to reroll attack dice. While you perform an attack, you may reroll a number of attack dice up to the number of friendly locks on the defender."
      },
      "ability": "Before you engage, you may choose another friendly ship at range 0-1. That ship transfers 1 calculate token to you.",
      "standard": true,
      "extended": true,
      "keywords": [
        "Droid"
      ],
      "epic": true
    },
    {
      "name": "Onderon Oppressor",
      "xws": "onderonoppressor",
      "caption": "Atmospheric Attack Module",
      "initiative": 3,
      "cost": 10,
      "loadout": 12,
      "slots": [
        "Missile",
        "Missile",
        "Modification",
        "Payload",
        "Configuration"
      ],
      "limited": 2,
      "artwork": "https://infinitearenas.com/xw2/images/artwork/pilots/onderonoppressor.png",
      "image": "https://infinitearenas.com/xw2/images/pilots/onderonoppressor.png",
      "shipAbility": {
        "name": "Networked Aim",
        "text": "You cannot spend your locks to reroll attack dice. While you perform an attack, you may reroll a number of attack dice up to the number of friendly locks on the defender."
      },
      "ability": "After you barrel roll or sideslip, if you are stressed, gain 1 calculate token.",
      "standard": true,
      "extended": true,
      "keywords": [
        "Droid"
      ],
      "epic": true
    },
    {
      "name": "Separatist Predator",
      "initiative": 3,
      "limited": 0,
      "xws": "separatistpredator",
      "text": "Armed with ordnance and protected by ray shields, a droid gunship can devastate Republic infantry formations and starfighters with equal proficiency.",
      "shipAbility": {
        "name": "Networked Aim",
        "text": "You cannot spend your locks to reroll attack dice. While you perform an attack, you may reroll a number of attack dice up to the number of friendly locks on the defender."
      },
      "standard": true,
      "extended": true,
      "cost": 11,
      "loadout": 15,
      "slots": [
        "Missile",
        "Missile",
        "Modification",
        "Payload",
        "Configuration"
      ],
      "artwork": "https://infinitearenas.com/xw2/images/artwork/pilots/separatistpredator.png",
      "image": "https://infinitearenas.com/xw2/images/pilots/separatistpredator.png",
      "keywords": [
        "Droid"
      ],
      "epic": true
    }
  ],
  "icon": "https://infinitearenas.com/xw2/images/shipicons/separatist-alliance/I_HMP_Droid_Gunship.png"
}
