{
  "name": "TIE/ba Interceptor",
  "xws": "tiebainterceptor",
  "size": "Small",
  "dial": [
    "1TB",
    "1BB",
    "1NB",
    "1YB",
    "2LR",
    "2TW",
    "2BB",
    "2FB",
    "2NB",
    "2YW",
    "2PR",
    "3TW",
    "3BW",
    "3FB",
    "3NW",
    "3YW",
    "4FB",
    "5FW",
    "5KR"
  ],
  "dialCodes": [
    "VT"
  ],
  "faction": "firstorder",
  "stats": [
    {
      "arc": "Front Arc",
      "type": "attack",
      "value": 3
    },
    {
      "type": "agility",
      "value": 3
    },
    {
      "type": "hull",
      "value": 2
    },
    {
      "type": "shields",
      "value": 2
    }
  ],
  "actions": [
    {
      "difficulty": "White",
      "type": "Focus"
    },
    {
      "difficulty": "White",
      "type": "Evade"
    },
    {
      "difficulty": "White",
      "type": "Lock"
    },
    {
      "difficulty": "White",
      "type": "Barrel Roll"
    },
    {
      "difficulty": "White",
      "type": "Boost"
    }
  ],
  "icon": "https://infinitearenas.com/xw2/images/shipicons/first-order/I_Vonregs-First-Order-TIE-Interceptor.png",
  "pilots": [
    {
      "name": "Major Vonreg",
      "caption": "Red Baron",
      "initiative": 6,
      "limited": 1,
      "cost": 14,
      "loadout": 17,
      "xws": "majorvonreg",
      "ability": "During the System Phase, you may choose 1 enemy ship in your [Bullseye Arc]. That ship gains 1 deplete or strain token of your choice.",
      "shipAbility": {
        "name": "Fine-Tuned Thrusters",
        "text": "After you fully execute a maneuver, if you are not depleted or strained, you may gain 1 deplete or strain token to perform a [Lock] or [Barrel Roll] action."
      },
      "slots": [
        "Missile",
        "Tech",
        "Modification",
        "Talent",
        "Talent",
        "Modification"
      ],
      "standard": true,
      "extended": true,
      "artwork": "https://infinitearenas.com/xw2/images/artwork/pilots/majorvonreg.png",
      "image": "https://infinitearenas.com/xw2/images/pilots/majorvonreg.png",
      "keywords": [
        "TIE"
      ],
      "epic": true,
      "restricted": 0
    },
    {
      "name": "“Holo”",
      "caption": "Trick of the Light",
      "initiative": 5,
      "limited": 1,
      "cost": 13,
      "loadout": 15,
      "xws": "holo",
      "ability": "At the start of the Engagement Phase, you must transfer 1 of your tokens to another friendly ship at range 0-2.",
      "shipAbility": {
        "name": "Fine-Tuned Thrusters",
        "text": "After you fully execute a maneuver, if you are not depleted or strained, you may gain 1 deplete or strain token to perform a [Lock] or [Barrel Roll] action."
      },
      "slots": [
        "Missile",
        "Tech",
        "Modification",
        "Talent",
        "Talent",
        "Modification"
      ],
      "standard": true,
      "extended": true,
      "artwork": "https://infinitearenas.com/xw2/images/artwork/pilots/holo.png",
      "image": "https://infinitearenas.com/xw2/images/pilots/holo.png",
      "keywords": [
        "TIE"
      ],
      "epic": true,
      "restricted": 0
    },
    {
      "name": "“Ember”",
      "caption": "Dying Flame",
      "initiative": 4,
      "limited": 1,
      "cost": 10,
      "loadout": 8,
      "xws": "ember",
      "ability": "While you perform an attack, if there is a damaged ship friendly to the defender at range 0-1 of the defender, the defender cannot spend focus or calculate tokens.",
      "shipAbility": {
        "name": "Fine-Tuned Thrusters",
        "text": "After you fully execute a maneuver, if you are not depleted or strained, you may gain 1 deplete or strain token to perform a [Lock] or [Barrel Roll] action."
      },
      "slots": [
        "Missile",
        "Tech",
        "Modification",
        "Talent",
        "Modification"
      ],
      "standard": true,
      "extended": true,
      "artwork": "https://infinitearenas.com/xw2/images/artwork/pilots/ember.png",
      "image": "https://infinitearenas.com/xw2/images/pilots/ember.png",
      "keywords": [
        "TIE"
      ],
      "epic": true,
      "restricted": 0
    },
    {
      "name": "First Order Provocateur",
      "initiative": 3,
      "limited": 0,
      "cost": 9,
      "loadout": 5,
      "xws": "firstorderprovocateur",
      "text": "Major Vonreg's vision guided the enhancement of proven designs while engineering this one-of-a-kind precise and lethal craft from Sienar-Jaemus Fleet Systems.",
      "shipAbility": {
        "name": "Fine-Tuned Thrusters",
        "text": "After you fully execute a maneuver, if you are not depleted or strained, you may gain 1 deplete or strain token to perform a [Lock] or [Barrel Roll] action."
      },
      "slots": [
        "Tech",
        "Modification",
        "Talent"
      ],
      "standard": true,
      "extended": true,
      "artwork": "https://infinitearenas.com/xw2/images/artwork/pilots/firstorderprovocateur.png",
      "image": "https://infinitearenas.com/xw2/images/pilots/firstorderprovocateur.png",
      "keywords": [
        "TIE"
      ],
      "epic": true,
      "restricted": 0
    }
  ]
}
