{
  "name": "Trident-Class Assault Ship",
  "xws": "tridentclassassaultship",
  "faction": "separatistalliance",
  "icon": "https://infinitearenas.com/xw2/images/shipicons/separatist-alliance/I_Trident.png",
  "size": "Huge",
  "dial": [
    "0BR",
    "0OR",
    "0NR",
    "1SW",
    "2BB",
    "2NB",
    "2FB",
    "2SR",
    "3NW",
    "3FB",
    "3BW",
    "4FB",
    "4KR",
    "5FW"
  ],
  "dialCodes": [
    "TAS"
  ],
  "stats": [
    {
      "arc": "Front Arc",
      "type": "attack",
      "value": 3
    },
    {
      "type": "agility",
      "value": 0
    },
    {
      "type": "hull",
      "value": 10
    },
    {
      "type": "shields",
      "value": 4,
      "recovers": 1
    },
    {
      "type": "energy",
      "value": 3,
      "recovers": 2
    }
  ],
  "actions": [
    {
      "difficulty": "White",
      "type": "Focus"
    },
    {
      "difficulty": "Red",
      "type": "Evade"
    },
    {
      "difficulty": "Red",
      "type": "Reinforce"
    },
    {
      "difficulty": "White",
      "type": "Lock"
    },
    {
      "difficulty": "Red",
      "type": "Coordinate"
    }
  ],
  "pilots": [
    {
      "name": "Colicoid Destroyer",
      "initiative": 8,
      "cost": 26,
      "loadout": 45,
      "limited": 0,
      "image": "https://infinitearenas.com/xw2/images/pilots/colicoiddestroyer.png",
      "artwork": "https://infinitearenas.com/xw2/images/artwork/pilots/colicoiddestroyer.png",
      "shipAbility": {
        "name": "Tractor Grasp",
        "text": "After you perform a Tractor Tentacles attack that hits, the defender gains 1 tractor token."
      },
      "text": "Designed by the Colicoid Creation Nest and equipped with powerful tentacles and a massive drill to tear though the hull of even the toughest starships and fortifications, the Trident-class Assault Ship is a terrifying testament to the threat posed by the Separatist Alliance.",
      "standard": false,
      "extended": false,
      "epic": true,
      "engagement": 0,
      "xws": "colicoiddestroyer",
      "slots": [
        "Command",
        "Torpedo",
        "Hardpoint",
        "Hardpoint",
        "Crew",
        "Crew",
        "Gunner",
        "Team",
        "Cargo",
        "Title"
      ],
      "restricted": 0
    },
    {
      "name": "Asajj Ventress",
      "caption": "Trident",
      "initiative": 8,
      "engagement": 1,
      "limited": 1,
      "cost": 19,
      "xws": "asajjventress-epicsl",
      "artwork": "https://infinitearenas.com/xw2/images/artwork/pilots/asajjventress-epicsl.png",
      "image": "https://infinitearenas.com/xw2xwa/images/quickbuilds/asajjventress-epicsl.png",
      "shipAbility": {
        "name": "Tractor Grasp",
        "text": "After you perform a Tractor Tentacles attack that hits, the defender gains 1 tractor token."
      },
      "force": {
        "value": 1,
        "recovers": 1,
        "side": [
          "dark"
        ]
      },
      "shipActions": [
        {
          "difficulty": "White",
          "type": "Focus"
        },
        {
          "difficulty": "Red",
          "type": "Evade"
        },
        {
          "difficulty": "White",
          "type": "Reinforce"
        },
        {
          "difficulty": "White",
          "type": "Lock"
        },
        {
          "difficulty": "Red",
          "type": "Coordinate"
        }
      ],
      "text": "",
      "standard": false,
      "extended": false,
      "epic": true,
      "standardLoadout": [
        "aqseriesbattledroids-epicsl",
        "tractortentacles-epicsl",
        "drillbeak-epicsl",
        "trident-epicsl"
      ],
      "loadout": 0,
      "slots": [],
      "restricted": 0
    }
  ]
}
