{
  "name": "C-ROC Cruiser",
  "xws": "croccruiser",
  "faction": "separatistalliance",
  "icon": "https://infinitearenas.com/xw2/images/shipicons/separatist-alliance/I_C-ROC.png",
  "size": "Huge",
  "dial": [
    "0BR",
    "0OR",
    "0NR",
    "1BW",
    "1NW",
    "1FB",
    "2BW",
    "2NW",
    "2FB",
    "3NR",
    "3FW",
    "3BR",
    "4FR",
    "5FR"
  ],
  "dialCodes": [
    "CRC-SE"
  ],
  "stats": [
    {
      "arc": "Front Arc",
      "type": "attack",
      "value": 3
    },
    {
      "type": "agility",
      "value": 0
    },
    {
      "type": "hull",
      "value": 12
    },
    {
      "type": "shields",
      "value": 4,
      "recovers": 1
    },
    {
      "type": "energy",
      "value": 4,
      "recovers": 1
    }
  ],
  "actions": [
    {
      "difficulty": "White",
      "type": "Focus"
    },
    {
      "difficulty": "White",
      "type": "Lock"
    },
    {
      "difficulty": "Red",
      "type": "Coordinate"
    },
    {
      "difficulty": "White",
      "type": "Reinforce"
    },
    {
      "difficulty": "White",
      "type": "Jam"
    }
  ],
  "pilots": [
    {
      "name": "Separatist Privateers",
      "initiative": 7,
      "cost": 24,
      "loadout": 30,
      "limited": 0,
      "image": "https://infinitearenas.com/xw2/images/pilots/separatistprivateers.png",
      "artwork": "https://infinitearenas.com/xw2/images/artwork/pilots/separatistprivateers.png",
      "shipAbility": {
        "name": "Overdrive Burners",
        "text": "While you defend, if your revealed maneuver is speed 3-5, roll 1 additional defense die."
      },
      "text": "The Separatist Alliance makes use of all manner of unsavory contacts in its fight against the Galactic Republic, including corsairs and criminal cartels.",
      "standard": false,
      "extended": false,
      "epic": true,
      "engagement": 1,
      "xws": "separatistprivateers",
      "slots": [
        "Command",
        "Hardpoint",
        "Crew",
        "Crew",
        "Tactical Relay",
        "Team",
        "Cargo",
        "Payload",
        "Configuration"
      ],
      "restricted": 0
    }
  ]
}
