{
  "name": "Hyena-class Droid Bomber",
  "xws": "hyenaclassdroidbomber",
  "size": "Small",
  "dial": [
    "1TW",
    "1BR",
    "1FW",
    "1NR",
    "1YW",
    "2ER",
    "2TB",
    "2BW",
    "2FB",
    "2NW",
    "2YB",
    "2RR",
    "2KR",
    "3TW",
    "3FB",
    "3YW",
    "4FW",
    "5FR"
  ],
  "dialCodes": [
    "HDB"
  ],
  "faction": "separatistalliance",
  "stats": [
    {
      "arc": "Front Arc",
      "type": "attack",
      "value": 2
    },
    {
      "type": "agility",
      "value": 2
    },
    {
      "type": "hull",
      "value": 5
    }
  ],
  "actions": [
    {
      "difficulty": "White",
      "type": "Calculate"
    },
    {
      "difficulty": "White",
      "type": "Lock"
    },
    {
      "difficulty": "White",
      "type": "Barrel Roll",
      "linked": {
        "difficulty": "Red",
        "type": "Lock"
      }
    },
    {
      "difficulty": "Red",
      "type": "Reload"
    }
  ],
  "pilots": [
    {
      "name": "Techno Union Bomber",
      "initiative": 1,
      "limited": 0,
      "xws": "technounionbomber",
      "shipAbility": {
        "name": "Networked Calculations",
        "text": "While you defend or perform an attack, you may spend 1 calculate token from a friendly ship at range 0-1 to change 1 [Focus] result to an [Evade] or [Hit] result."
      },
      "standard": true,
      "extended": true,
      "cost": 8,
      "loadout": 12,
      "slots": [
        "Modification",
        "Payload",
        "Configuration",
        "Torpedo"
      ],
      "text": "Baktoid Armor Workshop developed the Hyena as a strike craft compatible with Trade Federation Vulture swarm tactics.",
      "image": "https://infinitearenas.com/xw2/images/pilots/technounionbomber.png",
      "artwork": "https://infinitearenas.com/xw2/images/artwork/pilots/technounionbomber.png",
      "keywords": [
        "Droid"
      ],
      "epic": true,
      "restricted": 0
    },
    {
      "name": "Bombardment Drone",
      "caption": "Time on Target",
      "limited": 3,
      "initiative": 3,
      "xws": "bombardmentdrone",
      "shipAbility": {
        "name": "Networked Calculations",
        "text": "While you defend or perform an attack, you may spend 1 calculate token from a friendly ship at range 0-1 to change 1 [Focus] result to an [Evade] or [Hit] result."
      },
      "ability": "If you would drop a device, you may launch that device instead, using the same template.",
      "image": "https://infinitearenas.com/xw2/images/pilots/bombardmentdrone.png",
      "standard": true,
      "extended": true,
      "cost": 9,
      "loadout": 9,
      "slots": [
        "Modification",
        "Payload",
        "Payload"
      ],
      "artwork": "https://infinitearenas.com/xw2/images/artwork/pilots/bombardmentdrone.png",
      "keywords": [
        "Droid"
      ],
      "epic": true,
      "restricted": 0
    },
    {
      "name": "DBS-404",
      "caption": "Preservation Protocol Not Found",
      "xws": "dbs404",
      "initiative": 4,
      "limited": 1,
      "shipAbility": {
        "name": "Networked Calculations",
        "text": "While you defend or perform an attack, you may spend 1 calculate token from a friendly ship at range 0-1 to change 1 [Focus] result to an [Evade] or [Hit] result."
      },
      "standard": true,
      "extended": true,
      "cost": 9,
      "loadout": 12,
      "slots": [
        "Modification",
        "Payload",
        "Configuration",
        "Torpedo"
      ],
      "ability": "While you perform an attack at attack range 1, you must roll 1 additional die. After the attack hits, suffer 1 [Critical Hit] damage.",
      "image": "https://infinitearenas.com/xw2/images/pilots/dbs404.png",
      "artwork": "https://infinitearenas.com/xw2/images/artwork/pilots/dbs404.png",
      "keywords": [
        "Droid"
      ],
      "epic": true,
      "restricted": 0
    },
    {
      "name": "Baktoid Prototype",
      "caption": "Function over Form",
      "xws": "baktoidprototype",
      "initiative": 1,
      "limited": 2,
      "ability": "While you perform a special attack, if a friendly ship with the Networked Calculations ship ability has a lock on the defender, you may ignore the [Focus], [Calculate], or [Lock] requirement of that attack.",
      "image": "https://infinitearenas.com/xw2/images/pilots/baktoidprototype.png",
      "shipAbility": {
        "name": "Networked Calculations",
        "text": "While you defend or perform an attack, you may spend 1 calculate token from a friendly ship at range 0-1 to change 1 [Focus] result to an [Evade] or [Hit] result."
      },
      "standard": true,
      "extended": true,
      "cost": 8,
      "loadout": 10,
      "slots": [
        "Modification",
        "Payload",
        "Configuration",
        "Missile",
        "Missile"
      ],
      "artwork": "https://infinitearenas.com/xw2/images/artwork/pilots/baktoidprototype.png",
      "keywords": [
        "Droid"
      ],
      "epic": true,
      "restricted": 0
    },
    {
      "name": "Separatist Bomber",
      "xws": "separatistbomber",
      "initiative": 3,
      "limited": 0,
      "text": "The droid armies of the Separatists are callous to the plight of civilians and make no effort to limit collateral damage.",
      "image": "https://infinitearenas.com/xw2/images/pilots/separatistbomber.png",
      "shipAbility": {
        "name": "Networked Calculations",
        "text": "While you defend or perform an attack, you may spend 1 calculate token from a friendly ship at range 0-1 to change 1 [Focus] result to an [Evade] or [Hit] result."
      },
      "standard": true,
      "extended": true,
      "cost": 9,
      "loadout": 14,
      "slots": [
        "Modification",
        "Payload",
        "Configuration",
        "Missile"
      ],
      "artwork": "https://infinitearenas.com/xw2/images/artwork/pilots/separatistbomber.png",
      "keywords": [
        "Droid"
      ],
      "epic": true,
      "restricted": 0
    },
    {
      "name": "DBS-32C",
      "xws": "dbs32c",
      "caption": "Droid Control Signal Relay",
      "limited": 1,
      "initiative": 3,
      "ability": "At the start of the Engagement Phase, you may spend 1 calculate token to perform a [Coordinate] action. You cannot coordinate ships that do not have the Networked Calculations ship ability.",
      "image": "https://infinitearenas.com/xw2/images/pilots/dbs32c.png",
      "shipAbility": {
        "name": "Networked Calculations",
        "text": "While you defend or perform an attack, you may spend 1 calculate token from a friendly ship at range 0-1 to change 1 [Focus] result to an [Evade] or [Hit] result."
      },
      "shipActions": [
        {
          "difficulty": "White",
          "type": "Calculate"
        },
        {
          "difficulty": "White",
          "type": "Lock"
        },
        {
          "difficulty": "White",
          "type": "Barrel Roll",
          "linked": {
            "difficulty": "Red",
            "type": "Lock"
          }
        },
        {
          "difficulty": "Red",
          "type": "Jam"
        }
      ],
      "standard": true,
      "extended": true,
      "cost": 9,
      "loadout": 10,
      "slots": [
        "Modification",
        "Payload",
        "Configuration",
        "Missile",
        "Tactical Relay",
        "Sensor"
      ],
      "artwork": "https://infinitearenas.com/xw2/images/artwork/pilots/dbs32c.png",
      "keywords": [
        "Droid"
      ],
      "epic": true,
      "restricted": 0
    },
    {
      "name": "DBS-32C",
      "caption": "Siege of Coruscant",
      "initiative": 3,
      "limited": 1,
      "cost": 9,
      "charges": {
        "value": 2,
        "recovers": 0
      },
      "xws": "dbs32c-siegeofcoruscant",
      "ability": "After you perform a [Calculate] action, you may spend 1 [Charge] to perform a [Jam] action.",
      "shipAbility": {
        "name": "Networked Calculations",
        "text": "While you defend or perform an attack, you may spend 1 calculate token from a friendly ship at range 0-1 to change 1 [Focus] result to an [Evade] or [Hit] result."
      },
      "shipActions": [
        {
          "difficulty": "White",
          "type": "Calculate"
        },
        {
          "difficulty": "White",
          "type": "Lock"
        },
        {
          "difficulty": "White",
          "type": "Barrel Roll",
          "linked": {
            "difficulty": "Red",
            "type": "Lock"
          }
        },
        {
          "difficulty": "Red",
          "type": "Jam"
        }
      ],
      "image": "https://infinitearenas.com/xw2/images/quickbuilds/dbs32c-siegeofcoruscant.png",
      "standardLoadout": [
        "plasmatorpedoes",
        "contingencyprotocol-siegeofcoruscant",
        "strutlockoverride-siegeofcoruscant"
      ],
      "artwork": "https://infinitearenas.com/xw2/images/artwork/pilots/dbs32c.png",
      "standard": true,
      "extended": true,
      "keywords": [
        "Droid"
      ],
      "epic": true,
      "loadout": 0,
      "slots": [],
      "restricted": 0
    },
    {
      "name": "DBS-404",
      "caption": "Siege of Coruscant",
      "initiative": 4,
      "limited": 1,
      "cost": 9,
      "xws": "dbs404-siegeofcoruscant",
      "ability": "While you perform an attack at range 1, you must roll 1 additional die. After the attack hits, suffer 1 [Critical Hit] damage.",
      "shipAbility": {
        "name": "Networked Calculations",
        "text": "While you defend or perform an attack, you may spend 1 calculate token from a friendly ship at range 0-1 to change 1 [Focus] result to an [Evade] or [Hit] result."
      },
      "image": "https://infinitearenas.com/xw2/images/quickbuilds/dbs404-siegeofcoruscant.png",
      "standardLoadout": [
        "advprotontorpedoes",
        "contingencyprotocol-siegeofcoruscant",
        "strutlockoverride-siegeofcoruscant"
      ],
      "artwork": "https://infinitearenas.com/xw2/images/artwork/pilots/dbs404.png",
      "standard": true,
      "extended": true,
      "keywords": [
        "Droid"
      ],
      "epic": true,
      "loadout": 0,
      "slots": [],
      "restricted": 0
    },
    {
      "name": "Baktoid Prototype",
      "caption": "Siege of Coruscant",
      "initiative": 1,
      "limited": 2,
      "cost": 7,
      "xws": "baktoidprototype-siegeofcoruscant",
      "ability": "While you perform a special attack, if a friendly ship with the Networked Calculations ship ability has a lock on the defender, you may ignore the [Focus], [Calculate], or [Lock] requirement of that attack.",
      "shipAbility": {
        "name": "Networked Calculations",
        "text": "While you defend or perform an attack, you may spend 1 calculate token from a friendly ship at range 0-1 to change 1 [Focus] result to an [Evade] or [Hit] result."
      },
      "image": "https://infinitearenas.com/xw2/images/quickbuilds/baktoidprototype-siegeofcoruscant.png",
      "standardLoadout": [
        "homingmissiles",
        "contingencyprotocol-siegeofcoruscant",
        "strutlockoverride-siegeofcoruscant"
      ],
      "artwork": "https://infinitearenas.com/xw2/images/artwork/pilots/baktoidprototype.png",
      "standard": true,
      "extended": true,
      "keywords": [
        "Droid"
      ],
      "epic": true,
      "loadout": 0,
      "slots": [],
      "restricted": 0
    }
  ],
  "icon": "https://infinitearenas.com/xw2/images/shipicons/separatist-alliance/I_Hyena.png"
}
