{
  "name": "Alpha-class Star Wing",
  "xws": "alphaclassstarwing",
  "size": "Small",
  "dial": [
    "1BW",
    "1FB",
    "1NW",
    "2TW",
    "2BB",
    "2FB",
    "2NB",
    "2YW",
    "3TW",
    "3BW",
    "3FW",
    "3NW",
    "3YW",
    "4FR"
  ],
  "dialCodes": [
    "SW"
  ],
  "faction": "galacticempire",
  "stats": [
    {
      "arc": "Front Arc",
      "type": "attack",
      "value": 2
    },
    {
      "type": "agility",
      "value": 2
    },
    {
      "type": "hull",
      "value": 4
    },
    {
      "type": "shields",
      "value": 3
    }
  ],
  "actions": [
    {
      "difficulty": "White",
      "type": "Focus"
    },
    {
      "difficulty": "White",
      "type": "Lock"
    },
    {
      "difficulty": "White",
      "type": "SLAM"
    },
    {
      "difficulty": "White",
      "type": "Reload"
    }
  ],
  "icon": "https://infinitearenas.com/xw2/images/shipicons/galactic-empire/I_AlphaStarwing.png",
  "pilots": [
    {
      "name": "Lieutenant Karsabi",
      "caption": "Brash Noble",
      "initiative": 3,
      "limited": 1,
      "cost": 10,
      "loadout": 13,
      "xws": "lieutenantkarsabi",
      "ability": "After you gain a disarm token, if you are not stressed, you may gain 1 stress token to remove 1 disarm token.",
      "slots": [
        "Modification",
        "Sensor",
        "Missile",
        "Configuration",
        "Talent"
      ],
      "image": "https://infinitearenas.com/xw2/images/pilots/lieutenantkarsabi.png",
      "artwork": "https://infinitearenas.com/xw2/images/artwork/pilots/lieutenantkarsabi.png",
      "standard": true,
      "extended": true,
      "epic": true,
      "restricted": 0
    },
    {
      "name": "Major Vynder",
      "caption": "Pragmatic Survivor",
      "initiative": 4,
      "limited": 1,
      "cost": 11,
      "loadout": 16,
      "xws": "majorvynder",
      "ability": "While you defend, if you are disarmed, roll 1 additional defense die.",
      "slots": [
        "Modification",
        "Sensor",
        "Missile",
        "Configuration",
        "Talent"
      ],
      "image": "https://infinitearenas.com/xw2/images/pilots/majorvynder.png",
      "artwork": "https://infinitearenas.com/xw2/images/artwork/pilots/majorvynder.png",
      "standard": true,
      "extended": true,
      "epic": true,
      "restricted": 0
    },
    {
      "name": "Nu Squadron Pilot",
      "initiative": 2,
      "limited": 0,
      "cost": 9,
      "loadout": 8,
      "xws": "nusquadronpilot",
      "text": "With a design inspired by other Cygnus Spaceworks vessels, the Alpha-class star wing is a versatile craft assigned to Imperial Navy specialist units that need a starfighter they can outfit for multiple roles.",
      "image": "https://infinitearenas.com/xw2/images/pilots/nusquadronpilot.png",
      "slots": [
        "Modification",
        "Sensor",
        "Missile",
        "Configuration"
      ],
      "artwork": "https://infinitearenas.com/xw2/images/artwork/pilots/nusquadronpilot.png",
      "standard": true,
      "extended": true,
      "epic": true,
      "restricted": 0
    },
    {
      "name": "Rho Squadron Pilot",
      "initiative": 3,
      "limited": 0,
      "cost": 11,
      "loadout": 17,
      "xws": "rhosquadronpilot",
      "text": "The elite pilots of Rho Squadron instill terror in the Rebellion, using both the Xg-1 assault configuration and Os-1 arsenal loadout of the Alpha-class star wing to devastating effect.",
      "slots": [
        "Modification",
        "Sensor",
        "Missile",
        "Configuration",
        "Talent"
      ],
      "image": "https://infinitearenas.com/xw2/images/pilots/rhosquadronpilot.png",
      "artwork": "https://infinitearenas.com/xw2/images/artwork/pilots/rhosquadronpilot.png",
      "standard": true,
      "extended": true,
      "epic": true,
      "restricted": 0
    },
    {
      "name": "Lieutenant Karsabi",
      "caption": "Payload Courier",
      "initiative": 3,
      "limited": 1,
      "cost": 13,
      "xws": "lieutenantkarsabi-ssl",
      "ability": "When you perform a [Reload] action, the chosen upgrade recovers 1 additional [Charge].",
      "shipAbility": {
        "name": "Prioritized Weapons Systems",
        "text": "Before you engage, you may gain a strain token to remove a disarm token."
      },
      "shipActions": [
        {
          "difficulty": "White",
          "type": "Focus"
        },
        {
          "difficulty": "White",
          "type": "Lock"
        },
        {
          "difficulty": "White",
          "type": "SLAM",
          "linked": {
            "difficulty": "Red",
            "type": "Lock"
          }
        },
        {
          "difficulty": "White",
          "type": "SLAM",
          "linked": {
            "difficulty": "Red",
            "type": "Reload"
          }
        },
        {
          "difficulty": "White",
          "type": "Reload"
        }
      ],
      "standardLoadout": [
        "protontorpedoes",
        "saturationrockets-alphaclassstarwing",
        "electronicbaffle"
      ],
      "image": "https://infinitearenas.com/xw2/images/quickbuilds/lieutenantkarsabi-alphaclassstarwing.png",
      "artwork": "https://infinitearenas.com/xw2/images/artwork/pilots/lieutenantkarsabi-ssl.png",
      "standard": true,
      "extended": true,
      "epic": true,
      "loadout": 0,
      "slots": [],
      "restricted": 0
    },
    {
      "name": "Major Vynder",
      "caption": "Helping Hand",
      "initiative": 4,
      "limited": 1,
      "cost": 14,
      "xws": "majorvynder-ssl",
      "ability": "After you perform a [Missile] attack, you may perform a bonus [Cannon] attack. While you perform this bonus attack, you may change 1 [Focus] result to a [Hit] result.",
      "shipAbility": {
        "name": "Prioritized Weapons Systems",
        "text": "Before you engage, you may gain a strain token to remove a disarm token."
      },
      "shipActions": [
        {
          "difficulty": "White",
          "type": "Focus"
        },
        {
          "difficulty": "White",
          "type": "Lock"
        },
        {
          "difficulty": "White",
          "type": "SLAM",
          "linked": {
            "difficulty": "Red",
            "type": "Lock"
          }
        },
        {
          "difficulty": "White",
          "type": "SLAM",
          "linked": {
            "difficulty": "Red",
            "type": "Reload"
          }
        },
        {
          "difficulty": "White",
          "type": "Reload"
        }
      ],
      "standardLoadout": [
        "longrangescanners-alphaclassstarwing",
        "ioncannon",
        "heavyplasmamissiles-alphaclassstarwing"
      ],
      "image": "https://infinitearenas.com/xw2/images/quickbuilds/majorvynder-alphaclassstarwing.png",
      "artwork": "https://infinitearenas.com/xw2/images/artwork/pilots/majorvynder-ssl.png",
      "standard": true,
      "extended": true,
      "epic": true,
      "loadout": 0,
      "slots": [],
      "restricted": 0
    }
  ]
}
