{
  "name": "TIE Reaper",
  "xws": "tiereaper",
  "size": "Medium",
  "dial": [
    "0OR",
    "1LR",
    "1TR",
    "1BB",
    "1FB",
    "1NB",
    "1YR",
    "1PR",
    "2TR",
    "2BW",
    "2FB",
    "2NW",
    "2YR",
    "3BW",
    "3FB",
    "3NW"
  ],
  "dialCodes": [
    "TR"
  ],
  "faction": "galacticempire",
  "stats": [
    {
      "arc": "Front Arc",
      "type": "attack",
      "value": 3
    },
    {
      "type": "agility",
      "value": 1
    },
    {
      "type": "hull",
      "value": 6
    },
    {
      "type": "shields",
      "value": 2
    }
  ],
  "actions": [
    {
      "difficulty": "White",
      "type": "Focus"
    },
    {
      "difficulty": "White",
      "type": "Evade"
    },
    {
      "difficulty": "Red",
      "type": "Coordinate"
    },
    {
      "difficulty": "White",
      "type": "Jam"
    }
  ],
  "icon": "https://infinitearenas.com/xw2/images/shipicons/galactic-empire/I_TIEReaper.png",
  "pilots": [
    {
      "name": "“Vizier”",
      "caption": "Ruthless Tactician",
      "initiative": 2,
      "limited": 1,
      "cost": 10,
      "loadout": 9,
      "xws": "vizier",
      "ability": "After you move using your Controlled Ailerons ship ability, you may perform a [Coordinate] action. If you do, skip your Perform Action step.",
      "image": "https://infinitearenas.com/xw2/images/pilots/vizier.png",
      "shipAbility": {
        "name": "Controlled Ailerons",
        "text": "Before you reveal your dial, if you are not stressed, you may boost."
      },
      "slots": [
        "Crew",
        "Crew",
        "Modification"
      ],
      "artwork": "https://infinitearenas.com/xw2/images/artwork/pilots/vizier.png",
      "standard": true,
      "extended": true,
      "keywords": [
        "TIE"
      ],
      "epic": true,
      "restricted": 0
    },
    {
      "name": "Captain Feroph",
      "caption": "Imperial Courier",
      "initiative": 3,
      "limited": 1,
      "cost": 11,
      "loadout": 13,
      "xws": "captainferoph",
      "ability": "While you defend, if the attacker does not have any green tokens, you may change 1 of your blank or [Focus] results to an [Evade] result.",
      "image": "https://infinitearenas.com/xw2/images/pilots/captainferoph.png",
      "shipAbility": {
        "name": "Controlled Ailerons",
        "text": "Before you reveal your dial, if you are not stressed, you may boost."
      },
      "slots": [
        "Crew",
        "Crew",
        "Modification"
      ],
      "artwork": "https://infinitearenas.com/xw2/images/artwork/pilots/captainferoph.png",
      "standard": true,
      "extended": true,
      "keywords": [
        "TIE"
      ],
      "epic": true,
      "restricted": 0
    },
    {
      "name": "Major Vermeil",
      "caption": "Veteran of Scarif",
      "initiative": 4,
      "limited": 1,
      "cost": 13,
      "loadout": 19,
      "xws": "majorvermeil",
      "ability": "While you perform an attack, if the defender does not have any green tokens, you may change 1 of your blank or [Focus] results to a [Hit] result.",
      "image": "https://infinitearenas.com/xw2/images/pilots/majorvermeil.png",
      "shipAbility": {
        "name": "Controlled Ailerons",
        "text": "Before you reveal your dial, if you are not stressed, you may boost."
      },
      "slots": [
        "Crew",
        "Crew",
        "Modification",
        "Talent"
      ],
      "artwork": "https://infinitearenas.com/xw2/images/artwork/pilots/majorvermeil.png",
      "standard": true,
      "extended": true,
      "keywords": [
        "TIE"
      ],
      "epic": true,
      "restricted": 0
    },
    {
      "name": "Scarif Base Pilot",
      "initiative": 1,
      "limited": 0,
      "cost": 11,
      "loadout": 14,
      "xws": "scarifbasepilot",
      "text": "The TIE reaper was designed to ferry elite troops to flashpoints on the battlefield, notably carrying Director Krennic's dreaded death troopers at the Battle of Scarif.",
      "image": "https://infinitearenas.com/xw2/images/pilots/scarifbasepilot.png",
      "shipAbility": {
        "name": "Controlled Ailerons",
        "text": "Before you reveal your dial, if you are not stressed, you may boost."
      },
      "slots": [
        "Crew",
        "Crew",
        "Modification"
      ],
      "artwork": "https://infinitearenas.com/xw2/images/artwork/pilots/scarifbasepilot.png",
      "standard": true,
      "extended": true,
      "keywords": [
        "TIE"
      ],
      "epic": true,
      "restricted": 0
    }
  ]
}
