{
  "name": "TIE/ln Fighter",
  "xws": "tielnfighter",
  "size": "Small",
  "dial": [
    "1TW",
    "1YW",
    "2TW",
    "2BB",
    "2FB",
    "2NB",
    "2YW",
    "3TW",
    "3BW",
    "3FB",
    "3NW",
    "3YW",
    "3KR",
    "4FW",
    "4KR",
    "5FW"
  ],
  "dialCodes": [
    "TF"
  ],
  "faction": "galacticempire",
  "stats": [
    {
      "arc": "Front Arc",
      "type": "attack",
      "value": 2
    },
    {
      "type": "agility",
      "value": 3
    },
    {
      "type": "hull",
      "value": 3
    }
  ],
  "actions": [
    {
      "difficulty": "White",
      "type": "Focus"
    },
    {
      "difficulty": "White",
      "type": "Evade"
    },
    {
      "difficulty": "White",
      "type": "Barrel Roll"
    }
  ],
  "icon": "https://infinitearenas.com/xw2/images/shipicons/galactic-empire/I_TIEFighter.png",
  "pilots": [
    {
      "name": "“Howlrunner”",
      "caption": "Obsidian Leader",
      "initiative": 5,
      "limited": 1,
      "cost": 8,
      "loadout": 6,
      "xws": "howlrunner",
      "ability": "While a friendly ship at range 0-1 performs a primary attack, that ship may reroll 1 attack die.",
      "image": "https://infinitearenas.com/xw2/images/pilots/howlrunner.png",
      "slots": [
        "Modification",
        "Talent"
      ],
      "artwork": "https://infinitearenas.com/xw2/images/artwork/pilots/howlrunner.png",
      "standard": true,
      "extended": true,
      "keywords": [
        "TIE"
      ],
      "epic": true,
      "restricted": 0
    },
    {
      "name": "“Mauler” Mithel",
      "caption": "Black Two",
      "initiative": 5,
      "limited": 1,
      "cost": 8,
      "loadout": 9,
      "xws": "maulermithel",
      "ability": "While you perform an attack at attack range 1, roll 1 additional attack die.",
      "image": "https://infinitearenas.com/xw2/images/pilots/maulermithel.png",
      "slots": [
        "Modification",
        "Talent"
      ],
      "artwork": "https://infinitearenas.com/xw2/images/artwork/pilots/maulermithel.png",
      "standard": true,
      "extended": true,
      "keywords": [
        "TIE"
      ],
      "epic": true,
      "restricted": 0
    },
    {
      "name": "“Night Beast”",
      "caption": "Obsidian Two",
      "initiative": 2,
      "limited": 1,
      "cost": 8,
      "loadout": 9,
      "xws": "nightbeast",
      "ability": "After you fully execute a blue maneuver, you may perform a [Focus] action.",
      "image": "https://infinitearenas.com/xw2/images/pilots/nightbeast.png",
      "slots": [
        "Modification"
      ],
      "artwork": "https://infinitearenas.com/xw2/images/artwork/pilots/nightbeast.png",
      "standard": true,
      "extended": true,
      "keywords": [
        "TIE"
      ],
      "epic": true,
      "restricted": 0
    },
    {
      "name": "“Scourge” Skutu",
      "caption": "Seasoned Veteran",
      "initiative": 5,
      "limited": 1,
      "cost": 8,
      "loadout": 9,
      "xws": "scourgeskutu",
      "ability": "While you perform an attack against a defender in your [Bullseye Arc], roll 1 additional attack die.",
      "image": "https://infinitearenas.com/xw2/images/pilots/scourgeskutu.png",
      "slots": [
        "Modification",
        "Talent"
      ],
      "artwork": "https://infinitearenas.com/xw2/images/artwork/pilots/scourgeskutu.png",
      "standard": true,
      "extended": true,
      "keywords": [
        "TIE"
      ],
      "epic": true,
      "restricted": 0
    },
    {
      "name": "“Wampa”",
      "caption": "Black Eleven",
      "initiative": 1,
      "limited": 1,
      "cost": 6,
      "loadout": 2,
      "xws": "wampa",
      "ability": "While you perform an attack, you may spend 1 [Charge] to roll 1 additional attack die. After defending, lose 1 [Charge].",
      "image": "https://infinitearenas.com/xw2/images/pilots/wampa.png",
      "charges": {
        "value": 1,
        "recovers": 1
      },
      "slots": [
        "Modification"
      ],
      "artwork": "https://infinitearenas.com/xw2/images/artwork/pilots/wampa.png",
      "standard": true,
      "extended": true,
      "keywords": [
        "TIE"
      ],
      "epic": true,
      "restricted": 0
    },
    {
      "name": "Academy Pilot",
      "initiative": 1,
      "limited": 0,
      "cost": 5,
      "loadout": 0,
      "xws": "academypilot",
      "text": "The Galactic Empire uses the fast and agile TIE/ln, developed by Sienar Fleet Systems and produced in staggering quantity, as its primary starfighter.",
      "image": "https://infinitearenas.com/xw2/images/pilots/academypilot.png",
      "slots": [],
      "artwork": "https://infinitearenas.com/xw2/images/artwork/pilots/academypilot.png",
      "standard": true,
      "extended": true,
      "keywords": [
        "TIE"
      ],
      "epic": true,
      "restricted": 0
    },
    {
      "name": "Black Squadron Ace",
      "initiative": 3,
      "limited": 0,
      "cost": 6,
      "loadout": 4,
      "xws": "blacksquadronace",
      "text": "The elite TIE/ln pilots of Black Squadron accompanied Darth Vader on a devastating strike against the Rebel forces at the Battle of Yavin.",
      "image": "https://infinitearenas.com/xw2/images/pilots/blacksquadronace.png",
      "slots": [
        "Modification",
        "Talent"
      ],
      "artwork": "https://infinitearenas.com/xw2/images/artwork/pilots/blacksquadronace.png",
      "standard": true,
      "extended": true,
      "keywords": [
        "TIE"
      ],
      "epic": true,
      "restricted": 0
    },
    {
      "name": "Del Meeko",
      "caption": "Inferno Three",
      "initiative": 4,
      "limited": 1,
      "cost": 9,
      "loadout": 17,
      "xws": "delmeeko",
      "ability": "While a friendly ship at range 0-2 defends against a damaged attacker, the defender may reroll 1 defense die.",
      "image": "https://infinitearenas.com/xw2/images/pilots/delmeeko.png",
      "slots": [
        "Modification",
        "Talent",
        "Missile",
        "Modification",
        "Sensor"
      ],
      "artwork": "https://infinitearenas.com/xw2/images/artwork/pilots/delmeeko.png",
      "standard": true,
      "extended": true,
      "keywords": [
        "TIE"
      ],
      "epic": true,
      "restricted": 0
    },
    {
      "name": "Gideon Hask",
      "caption": "Inferno Two",
      "initiative": 4,
      "limited": 1,
      "cost": 9,
      "loadout": 16,
      "xws": "gideonhask",
      "ability": "While you perform an attack against a damaged defender, roll 1 additional attack die.",
      "image": "https://infinitearenas.com/xw2/images/pilots/gideonhask.png",
      "slots": [
        "Modification",
        "Talent",
        "Missile",
        "Modification",
        "Sensor"
      ],
      "artwork": "https://infinitearenas.com/xw2/images/artwork/pilots/gideonhask.png",
      "standard": true,
      "extended": true,
      "keywords": [
        "TIE"
      ],
      "epic": true,
      "restricted": 0
    },
    {
      "name": "Iden Versio",
      "caption": "Inferno Leader",
      "initiative": 4,
      "limited": 1,
      "cost": 10,
      "loadout": 16,
      "xws": "idenversio",
      "ability": "Before a friendly TIE/ln fighter at range 0-1 would suffer 1 or more damage, you may spend 1 [Charge]. If you do, prevent that damage.",
      "image": "https://infinitearenas.com/xw2/images/pilots/idenversio.png",
      "charges": {
        "value": 1,
        "recovers": 0
      },
      "slots": [
        "Modification",
        "Talent",
        "Missile",
        "Modification",
        "Sensor"
      ],
      "artwork": "https://infinitearenas.com/xw2/images/artwork/pilots/idenversio.png",
      "standard": true,
      "extended": true,
      "keywords": [
        "TIE"
      ],
      "epic": true,
      "restricted": 0
    },
    {
      "name": "Obsidian Squadron Pilot",
      "initiative": 2,
      "limited": 0,
      "cost": 5,
      "loadout": 2,
      "xws": "obsidiansquadronpilot",
      "text": "The TIE fighter's Twin Ion Engine system was designed for speed, making the TIE/ln one of the most maneuverable starships ever mass-produced.",
      "image": "https://infinitearenas.com/xw2/images/pilots/obsidiansquadronpilot.png",
      "slots": [
        "Modification"
      ],
      "artwork": "https://infinitearenas.com/xw2/images/artwork/pilots/obsidiansquadronpilot.png",
      "standard": true,
      "extended": true,
      "keywords": [
        "TIE"
      ],
      "epic": true,
      "restricted": 0
    },
    {
      "name": "Seyn Marana",
      "caption": "Inferno Four",
      "initiative": 4,
      "limited": 1,
      "cost": 8,
      "loadout": 11,
      "xws": "seynmarana",
      "ability": "While you perform an attack, you may spend 1 [Critical Hit] result. If you do, deal 1 facedown damage card to the defender, then cancel your remaining results.",
      "image": "https://infinitearenas.com/xw2/images/pilots/seynmarana.png",
      "slots": [
        "Modification",
        "Talent",
        "Missile",
        "Modification",
        "Sensor"
      ],
      "artwork": "https://infinitearenas.com/xw2/images/artwork/pilots/seynmarana.png",
      "standard": true,
      "extended": true,
      "keywords": [
        "TIE"
      ],
      "epic": true,
      "restricted": 0
    },
    {
      "name": "Valen Rudor",
      "caption": "Braggadocious Baron",
      "initiative": 3,
      "limited": 1,
      "cost": 8,
      "loadout": 11,
      "xws": "valenrudor",
      "ability": "After a friendly ship at range 0-1 defends (after damage is resolved, if any), you may perform an action.",
      "image": "https://infinitearenas.com/xw2/images/pilots/valenrudor.png",
      "slots": [
        "Modification",
        "Talent"
      ],
      "artwork": "https://infinitearenas.com/xw2/images/artwork/pilots/valenrudor.png",
      "standard": true,
      "extended": true,
      "keywords": [
        "TIE"
      ],
      "epic": true,
      "restricted": 0
    },
    {
      "name": "ISB Jingoist",
      "caption": "Heartless Enforcer",
      "initiative": 4,
      "limited": 2,
      "cost": 8,
      "loadout": 8,
      "xws": "isbjingoist",
      "ability": "Before you engage, you may choose 1 enemy ship in your [Front Arc] at range 0-1. If you do, that ship gains 1 deplete or strain token of your choice unless it chooses to remove 1 green token.",
      "image": "https://infinitearenas.com/xw2/images/pilots/isbjingoist.png",
      "slots": [
        "Modification",
        "Illicit"
      ],
      "artwork": "https://infinitearenas.com/xw2/images/artwork/pilots/isbjingoist.png",
      "standard": true,
      "extended": true,
      "keywords": [
        "TIE"
      ],
      "epic": true,
      "restricted": 0
    },
    {
      "name": "Moff Gideon",
      "caption": "Ruthless Remnant Leader",
      "initiative": 4,
      "limited": 1,
      "cost": 9,
      "loadout": 12,
      "xws": "moffgideon",
      "charges": {
        "value": 2,
        "recovers": 1
      },
      "ability": "While an enemy ship at range 1-3 defends, before attack dice are rolled, you may spend 1 [Charge] and choose a friendly ship at range 0-1 of the defender. If you do, defense dice cannot be modified during this attack and the chosen friendly ship gains 1 strain token.",
      "image": "https://infinitearenas.com/xw2/images/pilots/moffgideon.png",
      "slots": [
        "Modification",
        "Illicit",
        "Talent"
      ],
      "artwork": "https://infinitearenas.com/xw2/images/artwork/pilots/moffgideon.png",
      "standard": true,
      "extended": true,
      "keywords": [
        "TIE"
      ],
      "epic": true,
      "restricted": 0
    },
    {
      "name": "“Backstabber”",
      "caption": "Battle of Yavin",
      "initiative": 5,
      "limited": 1,
      "cost": 10,
      "xws": "backstabber-battleofyavin",
      "ability": "While you perform a primary attack, if a friendly Darth Vader or “Mauler” Mithel is in your [Left Arc] or [Right Arc] at range 0-1, roll 1 additional attack die.",
      "image": "https://infinitearenas.com/xw2/images/quickbuilds/backstabber-battleofyavin.png",
      "artwork": "https://infinitearenas.com/xw2/images/artwork/pilots/backstabber.png",
      "shipStats": [
        {
          "arc": "Front Arc",
          "type": "attack",
          "value": 2
        },
        {
          "type": "agility",
          "value": 3
        },
        {
          "type": "hull",
          "value": 4
        }
      ],
      "standardLoadout": [
        "crackshot",
        "disciplined",
        "afterburners"
      ],
      "standard": true,
      "extended": true,
      "keywords": [
        "TIE"
      ],
      "epic": true,
      "loadout": 0,
      "slots": [],
      "restricted": 0
    },
    {
      "name": "“Dark Curse”",
      "caption": "Battle of Yavin",
      "initiative": 6,
      "limited": 1,
      "cost": 9,
      "xws": "darkcurse-battleofyavin",
      "ability": "While you defend, the attacker's dice cannot be modified.",
      "image": "https://infinitearenas.com/xw2/images/quickbuilds/darkcurse-battleofyavin.png",
      "artwork": "https://infinitearenas.com/xw2/images/artwork/pilots/darkcurse.png",
      "shipStats": [
        {
          "arc": "Front Arc",
          "type": "attack",
          "value": 2
        },
        {
          "type": "agility",
          "value": 3
        },
        {
          "type": "hull",
          "value": 4
        }
      ],
      "standardLoadout": [
        "ruthless",
        "precisionionengines"
      ],
      "standard": true,
      "extended": true,
      "keywords": [
        "TIE"
      ],
      "epic": true,
      "loadout": 0,
      "slots": [],
      "restricted": 0
    },
    {
      "name": "“Mauler” Mithel",
      "caption": "Battle of Yavin",
      "initiative": 5,
      "limited": 1,
      "cost": 10,
      "xws": "maulermithel-battleofyavin",
      "ability": "While you perform a primary attack, if a friendly Darth Vader or “Backstabber” is in your [Left Arc] or [Right Arc] at range 0-1, roll 1 additional attack die.",
      "image": "https://infinitearenas.com/xw2/images/quickbuilds/maulermithel-battleofyavin.png",
      "artwork": "https://infinitearenas.com/xw2/images/artwork/pilots/maulermithel.png",
      "shipStats": [
        {
          "arc": "Front Arc",
          "type": "attack",
          "value": 2
        },
        {
          "type": "agility",
          "value": 3
        },
        {
          "type": "hull",
          "value": 4
        }
      ],
      "standardLoadout": [
        "predator",
        "afterburners"
      ],
      "standard": true,
      "extended": true,
      "keywords": [
        "TIE"
      ],
      "epic": true,
      "loadout": 0,
      "slots": [],
      "restricted": 0
    },
    {
      "name": "“Wampa”",
      "caption": "Battle of Yavin",
      "initiative": 1,
      "limited": 1,
      "cost": 7,
      "xws": "wampa-battleofyavin",
      "ability": "While you perform an attack, you may spend 1 [Charge] to roll 1 additional attack die. After defending, lose 1 [Charge].",
      "charges": {
        "value": 1,
        "recovers": 1
      },
      "image": "https://infinitearenas.com/xw2/images/quickbuilds/wampa-battleofyavin.png",
      "artwork": "https://infinitearenas.com/xw2/images/artwork/pilots/wampa.png",
      "shipStats": [
        {
          "arc": "Front Arc",
          "type": "attack",
          "value": 2
        },
        {
          "type": "agility",
          "value": 3
        },
        {
          "type": "hull",
          "value": 4
        }
      ],
      "standardLoadout": [
        "elusive",
        "vengeful-battleofyavin"
      ],
      "standard": true,
      "extended": true,
      "keywords": [
        "TIE"
      ],
      "epic": true,
      "loadout": 0,
      "slots": [],
      "restricted": 0
    },
    {
      "name": "Magna Tolvan",
      "caption": "Cold Tyrant",
      "initiative": 3,
      "limited": 1,
      "cost": 8,
      "loadout": 9,
      "xws": "magnatolvan",
      "ability": "While you have 2 or fewer stress tokens, you can perform white actions, even while stressed. After you gain a stress token, you may perform a white action, if able.",
      "image": "https://infinitearenas.com/xw2/images/pilots/magnatolvan.png",
      "artwork": "https://infinitearenas.com/xw2/images/artwork/pilots/magnatolvan.png",
      "slots": [
        "Modification",
        "Talent"
      ],
      "standard": true,
      "extended": true,
      "keywords": [
        "TIE"
      ],
      "epic": true,
      "restricted": 0
    },
    {
      "name": "Yrica Quell",
      "caption": "Consumed by Duty",
      "initiative": 3,
      "limited": 1,
      "cost": 7,
      "loadout": 8,
      "xws": "yricaquell",
      "ability": "After you fully execute a maneuver, you may acquire a lock on an enemy ship in your [Bullseye Arc].",
      "image": "https://infinitearenas.com/xw2/images/pilots/yricaquell.png",
      "artwork": "https://infinitearenas.com/xw2/images/artwork/pilots/yricaquell.png",
      "slots": [
        "Modification",
        "Talent"
      ],
      "standard": true,
      "extended": true,
      "keywords": [
        "TIE"
      ],
      "epic": true,
      "restricted": 0
    },
    {
      "name": "Iden Versio",
      "caption": "Inferno Leader",
      "initiative": 4,
      "limited": 1,
      "cost": 9,
      "standardLoadout": [
        "disciplined",
        "elusive"
      ],
      "xws": "idenversio-swz105",
      "ability": "Before a friendly TIE/ln fighter at range 0-1 would suffer 1 or more damage, you may spend 1 [Charge]. If you do, prevent that damage.",
      "image": "https://infinitearenas.com/xw2/images/quickbuilds/idenversio-swz105.png",
      "charges": {
        "value": 1,
        "recovers": 0
      },
      "artwork": "https://infinitearenas.com/xw2/images/artwork/pilots/idenversio.png",
      "standard": true,
      "extended": true,
      "keywords": [
        "TIE"
      ],
      "epic": true,
      "loadout": 0,
      "slots": [],
      "restricted": 0
    },
    {
      "name": "“Night Beast”",
      "caption": "Obsidian Two",
      "initiative": 2,
      "limited": 1,
      "cost": 7,
      "xws": "nightbeast-swz105",
      "ability": "After you fully execute a blue maneuver, you may perform a [Focus] action.",
      "image": "https://infinitearenas.com/xw2/images/quickbuilds/nightbeast-swz105.png",
      "standardLoadout": [
        "disciplined",
        "predator"
      ],
      "artwork": "https://infinitearenas.com/xw2/images/artwork/pilots/nightbeast.png",
      "standard": true,
      "extended": true,
      "keywords": [
        "TIE"
      ],
      "epic": true,
      "loadout": 0,
      "slots": [],
      "restricted": 0
    },
    {
      "name": "Valen Rudor",
      "caption": "Braggadocious Baron",
      "initiative": 3,
      "limited": 1,
      "cost": 7,
      "xws": "valenrudor-swz105",
      "ability": "After a friendly ship at range 0-1 defends (after damage is resolved, if any), you may perform an action.",
      "image": "https://infinitearenas.com/xw2/images/quickbuilds/valenrudor-swz105.png",
      "standardLoadout": [
        "disciplined",
        "precisionionengines"
      ],
      "artwork": "https://infinitearenas.com/xw2/images/artwork/pilots/valenrudor.png",
      "standard": true,
      "extended": true,
      "keywords": [
        "TIE"
      ],
      "epic": true,
      "loadout": 0,
      "slots": [],
      "restricted": 0
    },
    {
      "name": "Lieutenant Hebsly",
      "caption": "Battle Over Endor",
      "xws": "lieutenanthebsly-battleoverendor",
      "initiative": 3,
      "limited": 1,
      "shipAbility": {
        "name": "Formed Up",
        "text": "At the end of the End Phase, if there is another friendly TIE/ln Fighter at range 0-1, you may remove 1 stress token."
      },
      "shipStats": [
        {
          "arc": "Front Arc",
          "type": "attack",
          "value": 2
        },
        {
          "type": "agility",
          "value": 3
        },
        {
          "type": "hull",
          "value": 4
        }
      ],
      "shipActions": [
        {
          "difficulty": "White",
          "type": "Focus"
        },
        {
          "difficulty": "White",
          "type": "Evade"
        },
        {
          "difficulty": "White",
          "type": "Barrel Roll",
          "linked": {
            "difficulty": "Red",
            "type": "Evade"
          }
        },
        {
          "difficulty": "Red",
          "type": "Boost"
        }
      ],
      "cost": 8,
      "standardLoadout": [
        "collected-battleoverendor",
        "elusive",
        "noescape-battleoverendor"
      ],
      "ability": "After you defend, you may perform a red [Boost] action, even while stressed.",
      "keywords": [
        "TIE"
      ],
      "image": "https://infinitearenas.com/xw2/images/quickbuilds/lieutenanthebsly-battleoverendor.png",
      "artwork": "https://infinitearenas.com/xw2/images/artwork/pilots/lieutenanthebsly-battleoverendor.png",
      "standard": true,
      "extended": true,
      "epic": true,
      "loadout": 0,
      "slots": [],
      "restricted": 0
    },
    {
      "name": "Scythe 6",
      "caption": "Battle Over Endor",
      "xws": "scythe6-battleoverendor",
      "initiative": 2,
      "limited": 1,
      "shipAbility": {
        "name": "Formed Up",
        "text": "At the end of the End Phase, if there is another friendly TIE/ln Fighter at range 0-1, you may remove 1 stress token."
      },
      "shipStats": [
        {
          "arc": "Front Arc",
          "type": "attack",
          "value": 2
        },
        {
          "type": "agility",
          "value": 3
        },
        {
          "type": "hull",
          "value": 4
        }
      ],
      "shipActions": [
        {
          "difficulty": "White",
          "type": "Focus"
        },
        {
          "difficulty": "White",
          "type": "Evade"
        },
        {
          "difficulty": "White",
          "type": "Barrel Roll",
          "linked": {
            "difficulty": "Red",
            "type": "Evade"
          }
        }
      ],
      "cost": 9,
      "standardLoadout": [
        "noescape-battleoverendor",
        "predator",
        "ionmaneuveringjet-battleoverendor",
        "targetingmatrix-battleoverendor"
      ],
      "ability": "While you perform an attack at attack range 1-2, roll 1 additional attack die.",
      "keywords": [
        "TIE"
      ],
      "image": "https://infinitearenas.com/xw2/images/quickbuilds/scythe6-battleoverendor.png",
      "artwork": "https://infinitearenas.com/xw2/images/artwork/pilots/scythe6-battleoverendor.png",
      "standard": true,
      "extended": true,
      "epic": true,
      "loadout": 0,
      "slots": [],
      "restricted": 0
    },
    {
      "name": "Major Mianda",
      "caption": "Battle Over Endor",
      "xws": "majormianda-battleoverendor",
      "initiative": 5,
      "limited": 1,
      "shipAbility": {
        "name": "Formed Up",
        "text": "At the end of the End Phase, if there is another friendly TIE/ln Fighter at range 0-1, you may remove 1 stress token."
      },
      "shipStats": [
        {
          "arc": "Front Arc",
          "type": "attack",
          "value": 2
        },
        {
          "type": "agility",
          "value": 3
        },
        {
          "type": "hull",
          "value": 3
        },
        {
          "type": "shields",
          "value": 1
        }
      ],
      "shipActions": [
        {
          "difficulty": "White",
          "type": "Focus"
        },
        {
          "difficulty": "White",
          "type": "Evade"
        },
        {
          "difficulty": "White",
          "type": "Barrel Roll",
          "linked": {
            "difficulty": "Red",
            "type": "Evade"
          }
        },
        {
          "difficulty": "Red",
          "type": "Coordinate"
        }
      ],
      "cost": 10,
      "standardLoadout": [
        "noescape-battleoverendor",
        "ruthless",
        "swarmtactics"
      ],
      "ability": "During the End Phase, you may choose up to 2 friendly small ships at range 0-2. You and the chosen ships may perform a red [Barrel Roll] or red [Boost] action.",
      "keywords": [
        "TIE"
      ],
      "image": "https://infinitearenas.com/xw2/images/quickbuilds/majormianda-battleoverendor.png",
      "artwork": "https://infinitearenas.com/xw2/images/artwork/pilots/majormianda-battleoverendor.png",
      "standard": true,
      "extended": true,
      "epic": true,
      "loadout": 0,
      "slots": [],
      "restricted": 0
    }
  ]
}
