{
  "name": "V-19 Torrent Starfighter",
  "xws": "v19torrentstarfighter",
  "size": "Small",
  "dial": [
    "1TR",
    "1BB",
    "1FB",
    "1NB",
    "1YR",
    "2ER",
    "2TW",
    "2BW",
    "2FB",
    "2NW",
    "2YW",
    "2RR",
    "3BR",
    "3FB",
    "3NR",
    "3KR",
    "4FW"
  ],
  "dialCodes": [
    "V19*"
  ],
  "faction": "galacticrepublic",
  "stats": [
    {
      "type": "attack",
      "arc": "Front Arc",
      "value": 2
    },
    {
      "type": "agility",
      "value": 2
    },
    {
      "type": "hull",
      "value": 5
    }
  ],
  "actions": [
    {
      "type": "Focus",
      "difficulty": "White"
    },
    {
      "type": "Evade",
      "difficulty": "White"
    },
    {
      "type": "Lock",
      "difficulty": "White"
    },
    {
      "type": "Barrel Roll",
      "difficulty": "White",
      "linked": {
        "type": "Evade",
        "difficulty": "Red"
      }
    }
  ],
  "icon": "https://infinitearenas.com/xw2/images/shipicons/galactic-republic/I_V-19Torrent.png",
  "pilots": [
    {
      "name": "“Kickback”",
      "caption": "Blue Four",
      "xws": "kickback",
      "initiative": 4,
      "limited": 1,
      "ability": "After you perform a [Barrel Roll] action, you may perform a red [Lock] action.",
      "image": "https://infinitearenas.com/xw2/images/pilots/kickback.png",
      "standard": true,
      "extended": true,
      "cost": 8,
      "loadout": 11,
      "slots": [
        "Missile",
        "Modification",
        "Modification",
        "Talent"
      ],
      "artwork": "https://infinitearenas.com/xw2/images/artwork/pilots/kickback.png",
      "keywords": [
        "Clone"
      ],
      "epic": true
    },
    {
      "name": "“Odd Ball”",
      "caption": "CC-2237",
      "xws": "oddball",
      "initiative": 5,
      "limited": 1,
      "ability": "After you fully execute a red maneuver or perform a red action, if there is an enemy ship in your [Bullseye Arc], you may acquire a lock on that ship.",
      "image": "https://infinitearenas.com/xw2/images/pilots/oddball.png",
      "standard": true,
      "extended": true,
      "cost": 9,
      "loadout": 16,
      "slots": [
        "Missile",
        "Modification",
        "Modification",
        "Talent"
      ],
      "artwork": "https://infinitearenas.com/xw2/images/artwork/pilots/oddball.png",
      "keywords": [
        "Clone"
      ],
      "epic": true
    },
    {
      "name": "“Swoop”",
      "caption": "Blue Six",
      "xws": "swoop",
      "initiative": 3,
      "limited": 1,
      "ability": "After a friendly small or medium ship fully executes a speed 3-4 maneuver, if it is at range 0-1, it may perform a red [Boost] action.",
      "image": "https://infinitearenas.com/xw2/images/pilots/swoop.png",
      "standard": true,
      "extended": true,
      "cost": 8,
      "loadout": 12,
      "slots": [
        "Missile",
        "Modification",
        "Modification",
        "Talent"
      ],
      "artwork": "https://infinitearenas.com/xw2/images/artwork/pilots/swoop.png",
      "keywords": [
        "Clone"
      ],
      "epic": true
    },
    {
      "name": "“Axe”",
      "caption": "Blue Two",
      "xws": "axe",
      "initiative": 3,
      "limited": 1,
      "ability": "After you defend or perform an attack, you may choose a friendly ship at range 1-2 in your [Left Arc] or [Right Arc]. If you do, transfer 1 green token to that ship.",
      "image": "https://infinitearenas.com/xw2/images/pilots/axe.png",
      "standard": true,
      "extended": true,
      "cost": 7,
      "loadout": 7,
      "slots": [
        "Missile",
        "Modification",
        "Modification",
        "Talent"
      ],
      "artwork": "https://infinitearenas.com/xw2/images/artwork/pilots/axe.png",
      "keywords": [
        "Clone"
      ],
      "epic": true
    },
    {
      "name": "“Tucker”",
      "caption": "Blue Five",
      "xws": "tucker",
      "initiative": 2,
      "limited": 1,
      "ability": "After a friendly ship at range 1-2 performs an attack against an enemy ship in your [Front Arc], you may perform a [Focus] action.",
      "image": "https://infinitearenas.com/xw2/images/pilots/tucker.png",
      "standard": true,
      "extended": true,
      "cost": 8,
      "loadout": 13,
      "slots": [
        "Missile",
        "Modification",
        "Modification"
      ],
      "artwork": "https://infinitearenas.com/xw2/images/artwork/pilots/tucker.png",
      "keywords": [
        "Clone"
      ],
      "epic": true
    },
    {
      "name": "Blue Squadron Protector",
      "xws": "bluesquadronprotector",
      "initiative": 3,
      "limited": 0,
      "text": "Blue Squadron's elite clone pilots are trained to fly their V-19s in conjunction with Jedi and often support famous commanders such as Anakin Skywalker and Ahsoka Tano.",
      "image": "https://infinitearenas.com/xw2/images/pilots/bluesquadronprotector.png",
      "standard": true,
      "extended": true,
      "cost": 9,
      "loadout": 12,
      "slots": [
        "Missile",
        "Missile",
        "Modification",
        "Modification",
        "Talent"
      ],
      "artwork": "https://infinitearenas.com/xw2/images/artwork/pilots/bluesquadronprotector.png",
      "keywords": [
        "Clone"
      ],
      "epic": true
    },
    {
      "name": "Gold Squadron Trooper",
      "xws": "goldsquadrontrooper",
      "initiative": 2,
      "limited": 0,
      "text": "The V-19 Torrent starfighter was designed to be a light escort to nimble Delta-7 interceptors flown by Jedi Knights, and has a unique flight profile to reflect this role.",
      "image": "https://infinitearenas.com/xw2/images/pilots/goldsquadrontrooper.png",
      "standard": true,
      "extended": true,
      "cost": 6,
      "loadout": 2,
      "slots": [
        "Missile",
        "Modification",
        "Modification"
      ],
      "artwork": "https://infinitearenas.com/xw2/images/artwork/pilots/goldsquadrontrooper.png",
      "keywords": [
        "Clone"
      ],
      "epic": true
    },
    {
      "name": "“Kickback”",
      "caption": "Siege of Coruscant",
      "initiative": 5,
      "limited": 1,
      "shipAbility": {
        "name": "Born for This",
        "text": "While another friendly ship at range 0-2 defends, if you are not strained, it may spend your focus and evade tokens as if that ship has them. If it does, you gain 1 strain token."
      },
      "cost": 9,
      "xws": "kickback-siegeofcoruscant",
      "ability": "After you perform a [Barrel Roll] action, you may perform a red [Lock] action. If you do, before you perfrom the [Lock] action, you may gain 1 strain to treat it as white.",
      "image": "https://infinitearenas.com/xw2/images/quickbuilds/kickback-siegeofcoruscant.png",
      "artwork": "https://infinitearenas.com/xw2/images/artwork/pilots/kickback.png",
      "standardLoadout": [
        "diamondboronmissiles",
        "munitionsfailsafe"
      ],
      "shipStats": [
        {
          "arc": "Front Arc",
          "type": "attack",
          "value": 2
        },
        {
          "type": "agility",
          "value": 2
        },
        {
          "type": "hull",
          "value": 6
        }
      ],
      "standard": true,
      "extended": true,
      "keywords": [
        "Clone"
      ],
      "epic": true,
      "loadout": 0,
      "slots": []
    },
    {
      "name": "“Axe”",
      "caption": "Siege of Coruscant",
      "initiative": 3,
      "limited": 1,
      "shipAbility": {
        "name": "Born for This",
        "text": "While another friendly ship at range 0-2 defends, if you are not strained, it may spend your focus and evade tokens as if that ship has them. If it does, you gain 1 strain token."
      },
      "cost": 9,
      "xws": "axe-siegeofcoruscant",
      "ability": "After you perform an attack, you may choose another friendly ship with the Born for This ability at range 0-2 in your [Left Arc] or [Right Arc]. The chosen ship gains a lock on the defender.",
      "image": "https://infinitearenas.com/xw2/images/quickbuilds/axe-siegeofcoruscant.png",
      "artwork": "https://infinitearenas.com/xw2/images/artwork/pilots/axe.png",
      "standardLoadout": [
        "deadeyeshot",
        "barragerockets"
      ],
      "shipStats": [
        {
          "arc": "Front Arc",
          "type": "attack",
          "value": 2
        },
        {
          "type": "agility",
          "value": 2
        },
        {
          "type": "hull",
          "value": 6
        }
      ],
      "standard": true,
      "extended": true,
      "keywords": [
        "Clone"
      ],
      "epic": true,
      "loadout": 0,
      "slots": []
    },
    {
      "name": "“Slammer”",
      "caption": "Blue Three",
      "xws": "slammer",
      "initiative": 1,
      "limited": 1,
      "ability": "After you fully execute a maneuver, you may spend 2 [Charge] to peform a [SLAM] action, even while stressed.",
      "charges": {
        "value": 2,
        "recovers": 1
      },
      "standard": true,
      "extended": true,
      "cost": 7,
      "loadout": 7,
      "slots": [
        "Missile",
        "Modification",
        "Modification"
      ],
      "artwork": "https://infinitearenas.com/xw2/images/artwork/pilots/slammer.png",
      "image": "https://infinitearenas.com/xw2/images/pilots/slammer.png",
      "keywords": [
        "Clone"
      ],
      "epic": true
    }
  ]
}
