{
  "name": "T-70 X-wing",
  "xws": "t70xwing",
  "size": "Small",
  "dial": [
    "1BB",
    "1FB",
    "1NB",
    "2TW",
    "2BB",
    "2FB",
    "2NB",
    "2YW",
    "3ER",
    "3TW",
    "3BW",
    "3FB",
    "3NW",
    "3YW",
    "3RR",
    "4FW",
    "4KR"
  ],
  "dialCodes": [
    "T70"
  ],
  "faction": "resistance",
  "stats": [
    {
      "arc": "Front Arc",
      "type": "attack",
      "value": 3
    },
    {
      "type": "agility",
      "value": 2
    },
    {
      "type": "hull",
      "value": 4
    },
    {
      "type": "shields",
      "value": 3
    }
  ],
  "actions": [
    {
      "difficulty": "White",
      "type": "Focus"
    },
    {
      "difficulty": "White",
      "type": "Lock"
    },
    {
      "difficulty": "White",
      "type": "Boost"
    }
  ],
  "icon": "https://infinitearenas.com/xw2/images/shipicons/resistance/I_X-wing-T70.png",
  "pilots": [
    {
      "name": "Poe Dameron",
      "caption": "Trigger-Happy Flyboy",
      "initiative": 6,
      "limited": 1,
      "xws": "poedameron",
      "ability": "After you perform an action, you may spend 1 [Charge] to perform a white action, treating it as red.",
      "shipAbility": {
        "name": "Weapon Hardpoint",
        "text": "You can equip 1 [Cannon], [Torpedo], or [Missile] upgrade."
      },
      "image": "https://infinitearenas.com/xw2/images/pilots/poedameron.png",
      "artwork": "https://infinitearenas.com/xw2/images/artwork/pilots/poedameron.png",
      "cost": 18,
      "loadout": 24,
      "charges": {
        "value": 1,
        "recovers": 1
      },
      "slots": [
        "Astromech",
        "Modification",
        "Tech",
        "Configuration",
        "Talent",
        "Talent",
        "Title"
      ],
      "standard": true,
      "extended": true,
      "keywords": [
        "X-wing"
      ],
      "epic": true,
      "restricted": 0
    },
    {
      "name": "Poe Dameron",
      "caption": "Resistance Commander",
      "initiative": 6,
      "limited": 1,
      "xws": "poedameron-swz68",
      "ability": "After a friendly ship at range 0-2 performs an action during its activation, you may spend 2 [Charge]. If you do, that ship may perform a white action, treating it as red.",
      "shipAbility": {
        "name": "Weapon Hardpoint",
        "text": "You can equip 1 [Cannon], [Torpedo], or [Missile] upgrade."
      },
      "cost": 14,
      "loadout": 11,
      "charges": {
        "value": 2,
        "recovers": 1
      },
      "slots": [
        "Astromech",
        "Modification",
        "Tech",
        "Configuration",
        "Talent",
        "Talent",
        "Sensor"
      ],
      "standard": true,
      "extended": true,
      "image": "https://infinitearenas.com/xw2/images/pilots/poedameron-swz68.png",
      "artwork": "https://infinitearenas.com/xw2/images/artwork/pilots/poedameron-swz68.png",
      "keywords": [
        "X-wing"
      ],
      "epic": true,
      "restricted": 0
    },
    {
      "name": "Blue Squadron Rookie",
      "initiative": 1,
      "limited": 0,
      "xws": "bluesquadronrookie",
      "text": "The Incom-FreiTek T-70 X-Wing was designed to improve upon the tactical flexibility of the venerable T-65. The starfighter's advanced droid socket is compatible with a wide array of astromechs, and its modular weapons pods allow ground crews to tailor its payload for specific missions.",
      "shipAbility": {
        "name": "Weapon Hardpoint",
        "text": "You can equip 1 [Cannon], [Torpedo], or [Missile] upgrade."
      },
      "image": "https://infinitearenas.com/xw2/images/pilots/bluesquadronrookie.png",
      "artwork": "https://infinitearenas.com/xw2/images/artwork/pilots/bluesquadronrookie.png",
      "cost": 10,
      "loadout": 4,
      "slots": [
        "Astromech",
        "Modification",
        "Tech",
        "Configuration"
      ],
      "standard": true,
      "extended": true,
      "keywords": [
        "X-wing"
      ],
      "epic": true,
      "restricted": 0
    },
    {
      "name": "Red Squadron Expert",
      "initiative": 3,
      "limited": 0,
      "xws": "redsquadronexpert",
      "text": "Although the bulk of the Resistance Starfighter Corps is made up of young volunteers from the New Republic, their ranks are bolstered by veterans of the Galactic Civil War determined to finish what they started decades ago.",
      "shipAbility": {
        "name": "Weapon Hardpoint",
        "text": "You can equip 1 [Cannon], [Torpedo], or [Missile] upgrade."
      },
      "image": "https://infinitearenas.com/xw2/images/pilots/redsquadronexpert.png",
      "artwork": "https://infinitearenas.com/xw2/images/artwork/pilots/redsquadronexpert.png",
      "cost": 11,
      "loadout": 9,
      "slots": [
        "Astromech",
        "Modification",
        "Tech",
        "Configuration",
        "Talent"
      ],
      "standard": true,
      "extended": true,
      "keywords": [
        "X-wing"
      ],
      "epic": true,
      "restricted": 0
    },
    {
      "name": "Black Squadron Ace",
      "initiative": 4,
      "limited": 0,
      "xws": "blacksquadronace-t70xwing",
      "text": "During the Cold War, Poe Dameron's Black Squadron conducted daring covert operations against the First Order in defiance of treaties ratified by the New Republic Senate.",
      "shipAbility": {
        "name": "Weapon Hardpoint",
        "text": "You can equip 1 [Cannon], [Torpedo], or [Missile] upgrade."
      },
      "image": "https://infinitearenas.com/xw2/images/pilots/blacksquadronace-t70xwing.png",
      "artwork": "https://infinitearenas.com/xw2/images/artwork/pilots/blacksquadronace-t70xwing.png",
      "cost": 13,
      "loadout": 17,
      "slots": [
        "Astromech",
        "Modification",
        "Tech",
        "Configuration",
        "Talent",
        "Torpedo"
      ],
      "standard": true,
      "extended": true,
      "keywords": [
        "X-wing"
      ],
      "epic": true,
      "restricted": 0
    },
    {
      "name": "Ello Asty",
      "caption": "Born to Ill",
      "initiative": 5,
      "limited": 1,
      "xws": "elloasty",
      "ability": "After you reveal a red Tallon Roll [[Tallon Roll Left] or [Tallon Roll Right]] maneuver, if you have 2 or fewer stress tokens, treat that maneuver as white.",
      "shipAbility": {
        "name": "Weapon Hardpoint",
        "text": "You can equip 1 [Cannon], [Torpedo], or [Missile] upgrade."
      },
      "cost": 14,
      "loadout": 16,
      "slots": [
        "Astromech",
        "Modification",
        "Tech",
        "Configuration",
        "Talent"
      ],
      "image": "https://infinitearenas.com/xw2/images/pilots/elloasty.png",
      "artwork": "https://infinitearenas.com/xw2/images/artwork/pilots/elloasty.png",
      "standard": true,
      "extended": true,
      "keywords": [
        "X-wing"
      ],
      "epic": true,
      "restricted": 0
    },
    {
      "name": "Joph Seastriker",
      "caption": "Reckless Bodyguard",
      "initiative": 3,
      "limited": 1,
      "xws": "jophseastriker",
      "ability": "After you lose 1 shield, gain 1 evade token.",
      "shipAbility": {
        "name": "Weapon Hardpoint",
        "text": "You can equip 1 [Cannon], [Torpedo], or [Missile] upgrade."
      },
      "cost": 11,
      "loadout": 10,
      "slots": [
        "Astromech",
        "Modification",
        "Tech",
        "Configuration"
      ],
      "image": "https://infinitearenas.com/xw2/images/pilots/jophseastriker.png",
      "artwork": "https://infinitearenas.com/xw2/images/artwork/pilots/jophseastriker.png",
      "standard": true,
      "extended": true,
      "keywords": [
        "X-wing"
      ],
      "epic": true,
      "restricted": 0
    },
    {
      "name": "Karé Kun",
      "caption": "Woman of Action",
      "initiative": 4,
      "limited": 1,
      "xws": "karekun",
      "ability": "While you boost, you may use the [1 [Turn Left]] or [1 [Turn Right]] template instead.",
      "shipAbility": {
        "name": "Weapon Hardpoint",
        "text": "You can equip 1 [Cannon], [Torpedo], or [Missile] upgrade."
      },
      "cost": 12,
      "loadout": 13,
      "slots": [
        "Astromech",
        "Modification",
        "Tech",
        "Configuration",
        "Talent"
      ],
      "image": "https://infinitearenas.com/xw2/images/pilots/karekun.png",
      "artwork": "https://infinitearenas.com/xw2/images/artwork/pilots/karekun.png",
      "standard": true,
      "extended": true,
      "keywords": [
        "X-wing"
      ],
      "epic": true,
      "restricted": 0
    },
    {
      "name": "Lieutenant Bastian",
      "caption": "Optimistic Analyst",
      "initiative": 2,
      "limited": 1,
      "xws": "lieutenantbastian",
      "ability": "After a ship at range 1-2 is dealt a damage card, you may acquire a lock on that ship.",
      "shipAbility": {
        "name": "Weapon Hardpoint",
        "text": "You can equip 1 [Cannon], [Torpedo], or [Missile] upgrade."
      },
      "image": "https://infinitearenas.com/xw2/images/pilots/lieutenantbastian.png",
      "artwork": "https://infinitearenas.com/xw2/images/artwork/pilots/lieutenantbastian.png",
      "cost": 10,
      "loadout": 4,
      "slots": [
        "Astromech",
        "Modification",
        "Tech",
        "Configuration"
      ],
      "standard": true,
      "extended": true,
      "keywords": [
        "X-wing"
      ],
      "epic": true,
      "restricted": 0
    },
    {
      "name": "Nien Nunb",
      "caption": "Sarcastic Survivor",
      "initiative": 5,
      "limited": 1,
      "xws": "niennunb",
      "ability": "After you gain a stress token, if there is an enemy ship in your [Front Arc] at range 0-1, you may remove that stress token.",
      "shipAbility": {
        "name": "Weapon Hardpoint",
        "text": "You can equip 1 [Cannon], [Torpedo], or [Missile] upgrade."
      },
      "cost": 14,
      "loadout": 16,
      "slots": [
        "Astromech",
        "Modification",
        "Tech",
        "Configuration",
        "Talent",
        "Tech"
      ],
      "image": "https://infinitearenas.com/xw2/images/pilots/niennunb.png",
      "artwork": "https://infinitearenas.com/xw2/images/artwork/pilots/niennunb.png",
      "standard": true,
      "extended": true,
      "keywords": [
        "X-wing"
      ],
      "epic": true,
      "restricted": 0
    },
    {
      "name": "Jaycris Tubbs",
      "caption": "Loving Father",
      "initiative": 1,
      "limited": 1,
      "xws": "jaycristubbs",
      "ability": "After you fully execute a blue maneuver, you may choose a friendly ship at range 0-1. If you do, that ship removes 1 stress token.",
      "shipAbility": {
        "name": "Weapon Hardpoint",
        "text": "You can equip 1 [Cannon], [Torpedo], or [Missile] upgrade."
      },
      "image": "https://infinitearenas.com/xw2/images/pilots/jaycristubbs.png",
      "artwork": "https://infinitearenas.com/xw2/images/artwork/pilots/jaycristubbs.png",
      "cost": 10,
      "loadout": 7,
      "slots": [
        "Astromech",
        "Modification",
        "Tech",
        "Configuration"
      ],
      "standard": true,
      "extended": true,
      "keywords": [
        "X-wing"
      ],
      "epic": true,
      "restricted": 0
    },
    {
      "name": "Jessika Pava",
      "caption": "The Great Destroyer",
      "initiative": 3,
      "limited": 1,
      "xws": "jessikapava",
      "ability": "While you defend or perform an attack, you may spend 1 [Charge] or 1 non-recurring [Charge] from your equipped [Astromech] upgrade to reroll up to 1 of your dice for each other friendly ship at range 0-1.",
      "shipAbility": {
        "name": "Weapon Hardpoint",
        "text": "You can equip 1 [Cannon], [Torpedo], or [Missile] upgrade."
      },
      "image": "https://infinitearenas.com/xw2/images/pilots/jessikapava.png",
      "artwork": "https://infinitearenas.com/xw2/images/artwork/pilots/jessikapava.png",
      "cost": 12,
      "loadout": 10,
      "charges": {
        "value": 1,
        "recovers": 1
      },
      "slots": [
        "Astromech",
        "Modification",
        "Tech",
        "Configuration"
      ],
      "standard": true,
      "extended": true,
      "keywords": [
        "X-wing"
      ],
      "epic": true,
      "restricted": 0
    },
    {
      "name": "Temmin Wexley",
      "caption": "Snap",
      "initiative": 4,
      "limited": 1,
      "xws": "temminwexley",
      "ability": "After you fully execute a speed 2-4 maneuver, you may perform a [Boost] action.",
      "shipAbility": {
        "name": "Weapon Hardpoint",
        "text": "You can equip 1 [Cannon], [Torpedo], or [Missile] upgrade."
      },
      "image": "https://infinitearenas.com/xw2/images/pilots/temminwexley.png",
      "artwork": "https://infinitearenas.com/xw2/images/artwork/pilots/temminwexley.png",
      "cost": 12,
      "loadout": 11,
      "slots": [
        "Astromech",
        "Modification",
        "Tech",
        "Configuration",
        "Talent"
      ],
      "standard": true,
      "extended": true,
      "keywords": [
        "X-wing"
      ],
      "epic": true,
      "restricted": 0
    },
    {
      "name": "Temmin Wexley",
      "caption": "Black Two",
      "initiative": 4,
      "limited": 1,
      "xws": "temminwexley-swz68",
      "ability": "At the start of the Engagement Phase, each friendly T-70 X-wing at range 0-3 may gain 1 strain token to flip its equipped [Configuration] upgrade. If it does, that ship gains 1 calculate token.",
      "shipAbility": {
        "name": "Weapon Hardpoint",
        "text": "You can equip 1 [Cannon], [Torpedo], or [Missile] upgrade."
      },
      "cost": 11,
      "loadout": 5,
      "slots": [
        "Astromech",
        "Modification",
        "Tech",
        "Configuration",
        "Talent"
      ],
      "standard": true,
      "extended": true,
      "image": "https://infinitearenas.com/xw2/images/pilots/temminwexley-swz68.png",
      "artwork": "https://infinitearenas.com/xw2/images/artwork/pilots/temminwexley-swz68.png",
      "keywords": [
        "X-wing"
      ],
      "epic": true,
      "restricted": 0
    },
    {
      "name": "C’ai Threnalli",
      "caption": "Tenacious Survivor",
      "initiative": 4,
      "limited": 1,
      "xws": "caithrenalli",
      "ability": "After you fully execute a maneuver, if you moved through a friendly ship, you may perform an [Evade] action.",
      "shipAbility": {
        "name": "Weapon Hardpoint",
        "text": "You can equip 1 [Cannon], [Torpedo], or [Missile] upgrade."
      },
      "cost": 12,
      "loadout": 14,
      "slots": [
        "Astromech",
        "Modification",
        "Tech",
        "Configuration",
        "Talent"
      ],
      "standard": true,
      "extended": true,
      "image": "https://infinitearenas.com/xw2/images/pilots/caithrenalli.png",
      "artwork": "https://infinitearenas.com/xw2/images/artwork/pilots/caithrenalli.png",
      "keywords": [
        "X-wing"
      ],
      "epic": true,
      "restricted": 0
    },
    {
      "name": "Nimi Chireen",
      "xws": "nimichireen",
      "initiative": 2,
      "limited": 1,
      "shipAbility": {
        "name": "Weapon Hardpoint",
        "text": "You can equip 1 [Cannon], [Torpedo], or [Missile] upgrade."
      },
      "caption": "Hopeful Hero",
      "standard": true,
      "extended": true,
      "cost": 11,
      "loadout": 10,
      "slots": [
        "Astromech",
        "Modification",
        "Tech",
        "Configuration"
      ],
      "ability": "While you perform an attack, if the defender's initiative is higher than yours, you may change 1 blank result to a [Focus] result.",
      "image": "https://infinitearenas.com/xw2/images/pilots/nimichireen.png",
      "artwork": "https://infinitearenas.com/xw2/images/artwork/pilots/nimichireen.png",
      "keywords": [
        "X-wing"
      ],
      "epic": true,
      "restricted": 0
    },
    {
      "name": "Venisa Doza",
      "xws": "venisadoza",
      "initiative": 4,
      "limited": 1,
      "shipAbility": {
        "name": "Weapon Hardpoint",
        "text": "You can equip 1 [Cannon], [Torpedo], or [Missile] upgrade."
      },
      "caption": "Jade Leader",
      "standard": true,
      "extended": true,
      "cost": 13,
      "loadout": 15,
      "slots": [
        "Astromech",
        "Modification",
        "Tech",
        "Configuration",
        "Talent",
        "Missile"
      ],
      "ability": "While you perform a [Torpedo] or [Missile] attack, you may treat the [Front Arc] requirement as [Rear Arc] for that attack. If you do, treat the range requirement as 1-2.",
      "image": "https://infinitearenas.com/xw2/images/pilots/venisadoza.png",
      "artwork": "https://infinitearenas.com/xw2/images/artwork/pilots/venisadoza.png",
      "keywords": [
        "X-wing"
      ],
      "epic": true,
      "restricted": 0
    },
    {
      "name": "Zay Versio",
      "xws": "zayversio",
      "initiative": 3,
      "limited": 1,
      "shipAbility": {
        "name": "Weapon Hardpoint",
        "text": "You can equip 1 [Cannon], [Torpedo], or [Missile] upgrade."
      },
      "caption": "Her Father's Daughter",
      "standard": true,
      "extended": true,
      "cost": 11,
      "loadout": 10,
      "slots": [
        "Astromech",
        "Modification",
        "Tech",
        "Configuration",
        "Talent"
      ],
      "ability": "While you defend, if the attacker is damaged, you may reroll 1 defense die.",
      "image": "https://infinitearenas.com/xw2/images/pilots/zayversio.png",
      "artwork": "https://infinitearenas.com/xw2/images/artwork/pilots/zayversio.png",
      "keywords": [
        "X-wing"
      ],
      "epic": true,
      "restricted": 0
    },
    {
      "name": "C’ai Threnalli",
      "caption": "Evacuation of D'Qar",
      "initiative": 4,
      "limited": 1,
      "xws": "caithrenalli-evacuationofdqar",
      "ability": "After you fully execute a maneuver, if you moved through a friendly ship, you may perform an [Evade] action.",
      "shipAbility": {
        "name": "Adaptive S-Foils",
        "text": "After you perform a [Barrel Roll] action, gain a deplete token. While you perform an attack, before rolling attack dice, if the defender is in your [Bullseye Arc], you may remove 1 deplete token."
      },
      "image": "https://infinitearenas.com/xw2xwa/images/quickbuilds/caithrenalli-evacuationofdqar.png",
      "artwork": "https://infinitearenas.com/xw2/images/artwork/pilots/caithrenalli-evacuationofdqar.png",
      "cost": 11,
      "loadout": 0,
      "standardLoadout": [
        "forthecause-evacuationofdqar",
        "heroic",
        "bbastromech",
        "repulsorliftengines-evacuationofdqar"
      ],
      "standard": true,
      "extended": true,
      "keywords": [
        "X-wing"
      ],
      "epic": true,
      "shipActions": [
        {
          "difficulty": "White",
          "type": "Focus",
          "linked": {
            "difficulty": "Red",
            "type": "Barrel Roll"
          }
        },
        {
          "difficulty": "White",
          "type": "Lock"
        },
        {
          "difficulty": "White",
          "type": "Barrel Roll"
        },
        {
          "difficulty": "White",
          "type": "Boost",
          "linked": {
            "difficulty": "Red",
            "type": "Focus"
          }
        }
      ],
      "slots": [],
      "restricted": 0
    },
    {
      "name": "Jaycris Tubbs",
      "caption": "Evacuation of D'Qar",
      "initiative": 1,
      "limited": 1,
      "xws": "jaycristubbs-evacuationofdqar",
      "ability": "After you fully execute a blue maneuver, you may choose a friendly ship at range 0-1. If you do, that ship removes 1 stress token.",
      "shipAbility": {
        "name": "Adaptive S-Foils",
        "text": "After you perform a [Barrel Roll] action, gain a deplete token. While you perform an attack, before rolling attack dice, if the defender is in your [Bullseye Arc], you may remove 1 deplete token."
      },
      "image": "https://infinitearenas.com/xw2xwa/images/quickbuilds/jaycristubbs-evacuationofdqar.png",
      "artwork": "https://infinitearenas.com/xw2/images/artwork/pilots/jaycristubbs-evacuationofdqar.png",
      "cost": 10,
      "loadout": 0,
      "standardLoadout": [
        "forthecause-evacuationofdqar",
        "r0astromech-evacuationofdqar"
      ],
      "standard": true,
      "extended": true,
      "keywords": [
        "X-wing"
      ],
      "epic": true,
      "shipActions": [
        {
          "difficulty": "White",
          "type": "Focus",
          "linked": {
            "difficulty": "Red",
            "type": "Barrel Roll"
          }
        },
        {
          "difficulty": "White",
          "type": "Lock"
        },
        {
          "difficulty": "White",
          "type": "Barrel Roll"
        },
        {
          "difficulty": "White",
          "type": "Boost",
          "linked": {
            "difficulty": "Red",
            "type": "Focus"
          }
        }
      ],
      "slots": [],
      "restricted": 0
    },
    {
      "name": "Poe Dameron",
      "caption": "Evacuation of D'Qar",
      "initiative": 6,
      "limited": 1,
      "xws": "poedameron-evacuationofdqar",
      "ability": "After your perform an action, you may spend 1[Charge] to perform a white action, treating it as red.",
      "shipAbility": {
        "name": "Adaptive S-Foils",
        "text": "After you perform a [Barrel Roll] action, gain a deplete token. While you perform an attack, before rolling attack dice, if the defender is in your [Bullseye Arc], you may remove 1 deplete token."
      },
      "image": "https://infinitearenas.com/xw2xwa/images/quickbuilds/poedameron-evacuationofdqar.png",
      "artwork": "https://infinitearenas.com/xw2/images/artwork/pilots/poedameron-evacuationofdqar.png",
      "cost": 16,
      "loadout": 0,
      "charges": {
        "value": 1,
        "recovers": 1
      },
      "standardLoadout": [
        "heroic",
        "bb8-evacuationofdqar",
        "primedoverdrivethrusters-evacuationofdqar",
        "blackone-evacuationofdqar"
      ],
      "standard": true,
      "extended": true,
      "keywords": [
        "X-wing"
      ],
      "epic": true,
      "shipActions": [
        {
          "difficulty": "White",
          "type": "Focus",
          "linked": {
            "difficulty": "Red",
            "type": "Barrel Roll"
          }
        },
        {
          "difficulty": "White",
          "type": "Lock"
        },
        {
          "difficulty": "White",
          "type": "Barrel Roll"
        },
        {
          "difficulty": "White",
          "type": "Boost"
        },
        {
          "difficulty": "White",
          "type": "SLAM"
        }
      ],
      "slots": [],
      "restricted": 0
    },
    {
      "name": "Stomeroni Starck",
      "caption": "Evacuation of D'Qar",
      "initiative": 4,
      "limited": 1,
      "xws": "stomeronistarck-evacuationofdqar",
      "ability": "Setup: Instead of a T-70 X-wing dial, this ship uses an RZ-2 A-wing dial.",
      "shipAbility": {
        "name": "Adaptive S-Foils",
        "text": "After you perform a [Barrel Roll] action, gain a deplete token. While you perform an attack, before rolling attack dice, if the defender is in your [Bullseye Arc], you may remove 1 deplete token."
      },
      "image": "https://infinitearenas.com/xw2xwa/images/quickbuilds/stomeronistarck-evacuationofdqar.png",
      "artwork": "https://infinitearenas.com/xw2/images/artwork/pilots/stomeronistarck-evacuationofdqar.png",
      "cost": 13,
      "loadout": 0,
      "standardLoadout": [
        "forthecause-evacuationofdqar",
        "acceleratedsensorarray-evacuationofdqar",
        "r5x3-evacuationofdqar"
      ],
      "standard": true,
      "extended": true,
      "keywords": [
        "X-wing"
      ],
      "epic": true,
      "shipActions": [
        {
          "difficulty": "White",
          "type": "Focus",
          "linked": {
            "difficulty": "Red",
            "type": "Barrel Roll"
          }
        },
        {
          "difficulty": "White",
          "type": "Lock"
        },
        {
          "difficulty": "White",
          "type": "Barrel Roll"
        },
        {
          "difficulty": "White",
          "type": "Boost",
          "linked": {
            "difficulty": "Red",
            "type": "Focus"
          }
        }
      ],
      "slots": [],
      "restricted": 0
    }
  ]
}
