{
  "name": "TIE/sk Striker",
  "xws": "tieskstriker",
  "size": "Small",
  "dial": [
    "1TW",
    "1BB",
    "1FB",
    "1NB",
    "1YW",
    "1KR",
    "2LR",
    "2TW",
    "2BB",
    "2FB",
    "2NB",
    "2YW",
    "2PR",
    "3BW",
    "3FB",
    "3NW"
  ],
  "dialCodes": [
    "TS"
  ],
  "faction": "galacticempire",
  "stats": [
    {
      "arc": "Front Arc",
      "type": "attack",
      "value": 3
    },
    {
      "type": "agility",
      "value": 2
    },
    {
      "type": "hull",
      "value": 4
    }
  ],
  "actions": [
    {
      "difficulty": "White",
      "type": "Focus"
    },
    {
      "difficulty": "White",
      "type": "Evade"
    },
    {
      "difficulty": "White",
      "type": "Barrel Roll"
    }
  ],
  "icon": "https://infinitearenas.com/xw2/images/shipicons/galactic-empire/I_TIEStriker.png",
  "pilots": [
    {
      "name": "“Countdown”",
      "caption": "Death Defier",
      "initiative": 4,
      "limited": 1,
      "cost": 10,
      "loadout": 10,
      "xws": "countdown",
      "ability": "While you defend, after the Neutralize Results step, if you are not stressed, you may suffer 1 [Hit] damage and gain 1 stress token. If you do, cancel all dice results.",
      "image": "https://infinitearenas.com/xw2/images/pilots/countdown.png",
      "shipAbility": {
        "name": "Adaptive Ailerons",
        "text": "Before you reveal your dial, if you are not stressed, you must boost."
      },
      "slots": [
        "Gunner",
        "Payload"
      ],
      "artwork": "https://infinitearenas.com/xw2/images/artwork/pilots/countdown.png",
      "standard": true,
      "extended": true,
      "keywords": [
        "TIE"
      ],
      "epic": true
    },
    {
      "name": "“Duchess”",
      "caption": "Urbane Ace",
      "initiative": 5,
      "limited": 1,
      "cost": 11,
      "loadout": 17,
      "xws": "duchess",
      "ability": "You may choose not to use your Adaptive Ailerons. You may use your Adaptive Ailerons even while stressed.",
      "image": "https://infinitearenas.com/xw2/images/pilots/duchess.png",
      "shipAbility": {
        "name": "Adaptive Ailerons",
        "text": "Before you reveal your dial, if you are not stressed, you must boost."
      },
      "slots": [
        "Gunner",
        "Modification",
        "Payload",
        "Talent",
        "Modification"
      ],
      "artwork": "https://infinitearenas.com/xw2/images/artwork/pilots/duchess.png",
      "standard": true,
      "extended": true,
      "keywords": [
        "TIE"
      ],
      "epic": true
    },
    {
      "name": "“Pure Sabacc”",
      "caption": "Confident Gambler",
      "initiative": 4,
      "limited": 1,
      "cost": 10,
      "loadout": 11,
      "xws": "puresabacc",
      "ability": "While you perform an attack, if you have 1 or fewer damage cards, you may roll 1 additional attack die.",
      "image": "https://infinitearenas.com/xw2/images/pilots/puresabacc.png",
      "shipAbility": {
        "name": "Adaptive Ailerons",
        "text": "Before you reveal your dial, if you are not stressed, you must boost."
      },
      "slots": [
        "Gunner",
        "Modification",
        "Payload",
        "Talent"
      ],
      "artwork": "https://infinitearenas.com/xw2/images/artwork/pilots/puresabacc.png",
      "standard": true,
      "extended": true,
      "keywords": [
        "TIE"
      ],
      "epic": true
    },
    {
      "name": "Black Squadron Scout",
      "initiative": 3,
      "limited": 0,
      "cost": 9,
      "loadout": 8,
      "xws": "blacksquadronscout",
      "text": "These heavily armed atmospheric craft employ their specialized moveable wings to gain additional speed and maneuverability.",
      "image": "https://infinitearenas.com/xw2/images/pilots/blacksquadronscout.png",
      "shipAbility": {
        "name": "Adaptive Ailerons",
        "text": "Before you reveal your dial, if you are not stressed, you must boost."
      },
      "slots": [
        "Gunner",
        "Modification",
        "Payload",
        "Talent"
      ],
      "artwork": "https://infinitearenas.com/xw2/images/artwork/pilots/blacksquadronscout.png",
      "standard": true,
      "extended": true,
      "keywords": [
        "TIE"
      ],
      "epic": true
    },
    {
      "name": "Planetary Sentinel",
      "initiative": 1,
      "limited": 0,
      "cost": 8,
      "loadout": 4,
      "xws": "planetarysentinel",
      "text": "To protect its many military installations, the Empire requires a swift and vigilant defense force.",
      "image": "https://infinitearenas.com/xw2/images/pilots/planetarysentinel.png",
      "shipAbility": {
        "name": "Adaptive Ailerons",
        "text": "Before you reveal your dial, if you are not stressed, you must boost."
      },
      "slots": [
        "Gunner",
        "Modification",
        "Payload"
      ],
      "artwork": "https://infinitearenas.com/xw2/images/artwork/pilots/planetarysentinel.png",
      "standard": true,
      "extended": true,
      "keywords": [
        "TIE"
      ],
      "epic": true
    },
    {
      "name": "“Vagabond”",
      "xws": "vagabond",
      "initiative": 2,
      "limited": 1,
      "shipAbility": {
        "name": "Adaptive Ailerons",
        "text": "Before you reveal your dial, if you are not stressed, you must boost."
      },
      "caption": "Destitute Demolitionist",
      "standard": true,
      "extended": true,
      "slots": [
        "Gunner",
        "Modification",
        "Payload"
      ],
      "ability": "After you fully execute a maneuver using your Adaptive Ailerons, if you are not stressed, you may drop 1 device.",
      "cost": 9,
      "loadout": 14,
      "artwork": "https://infinitearenas.com/xw2/images/artwork/pilots/vagabond.png",
      "image": "https://infinitearenas.com/xw2/images/pilots/vagabond.png",
      "keywords": [
        "TIE"
      ],
      "epic": true
    }
  ]
}
