{
  "name": "Nantex-class Starfighter",
  "xws": "nantexclassstarfighter",
  "size": "Small",
  "dial": [
    "1TW",
    "1BB",
    "1NB",
    "1YW",
    "2TW",
    "2BB",
    "2FB",
    "2NB",
    "2YW",
    "3LR",
    "3TW",
    "3BB",
    "3FB",
    "3NB",
    "3YW",
    "3PR",
    "4FW",
    "5FW",
    "5KR"
  ],
  "dialCodes": [
    "NTX"
  ],
  "faction": "separatistalliance",
  "stats": [
    {
      "arc": "Bullseye Arc",
      "type": "attack",
      "value": 3
    },
    {
      "arc": "Single Turret Arc",
      "type": "attack",
      "value": 2
    },
    {
      "type": "agility",
      "value": 3
    },
    {
      "type": "hull",
      "value": 4
    }
  ],
  "actions": [
    {
      "difficulty": "White",
      "type": "Focus"
    },
    {
      "difficulty": "White",
      "type": "Evade"
    }
  ],
  "pilots": [
    {
      "name": "Stalgasin Hive Guard",
      "initiative": 3,
      "limited": 0,
      "xws": "stalgasinhiveguard",
      "shipAbility": {
        "name": "Pinpoint Tractor Array",
        "text": "You cannot rotate your [Single Turret Arc] to your [Rear Arc]. After you fully execute a maneuver, you may gain 1 tractor token to perform a [Rotate Arc] action."
      },
      "standard": true,
      "extended": true,
      "text": "Designed for the unique physiology of Geonosian pilots, Nantex-class starfighters are capable of maneuvers that would rip most ships—and pilots—apart.",
      "artwork": "https://infinitearenas.com/xw2/images/artwork/pilots/stalgasinhiveguard.png",
      "image": "https://infinitearenas.com/xw2/images/pilots/stalgasinhiveguard.png",
      "cost": 9,
      "loadout": 5,
      "slots": [
        "Talent",
        "Modification",
        "Modification"
      ],
      "epic": true,
      "restricted": 0
    },
    {
      "name": "Sun Fac",
      "initiative": 6,
      "limited": 1,
      "xws": "sunfac",
      "shipAbility": {
        "name": "Pinpoint Tractor Array",
        "text": "You cannot rotate your [Single Turret Arc] to your [Rear Arc]. After you fully execute a maneuver, you may gain 1 tractor token to perform a [Rotate Arc] action."
      },
      "standard": true,
      "extended": true,
      "caption": "Archduke’s Enforcer",
      "artwork": "https://infinitearenas.com/xw2/images/artwork/pilots/sunfac.png",
      "image": "https://infinitearenas.com/xw2/images/pilots/sunfac.png",
      "ability": "While you perform a primary attack, if the defender is tractored, roll 1 additional attack die.",
      "cost": 13,
      "loadout": 17,
      "slots": [
        "Talent",
        "Modification",
        "Modification",
        "Talent",
        "Talent"
      ],
      "epic": true,
      "restricted": 0
    },
    {
      "name": "Berwer Kret",
      "xws": "berwerkret",
      "initiative": 5,
      "limited": 1,
      "shipAbility": {
        "name": "Pinpoint Tractor Array",
        "text": "You cannot rotate your [Single Turret Arc] to your [Rear Arc]. After you fully execute a maneuver, you may gain 1 tractor token to perform a [Rotate Arc] action."
      },
      "standard": true,
      "extended": true,
      "caption": "Hive Guard Captain",
      "artwork": "https://infinitearenas.com/xw2/images/artwork/pilots/berwerkret.png",
      "image": "https://infinitearenas.com/xw2/images/pilots/berwerkret.png",
      "ability": "After you perform an attack that hits, each friendly ship with [Calculate] on its action bar and a lock on the defender may perform a red [Calculate] action.",
      "cost": 9,
      "loadout": 9,
      "slots": [
        "Talent",
        "Modification",
        "Modification",
        "Talent"
      ],
      "epic": true,
      "restricted": 0
    },
    {
      "name": "Chertek",
      "xws": "chertek",
      "initiative": 4,
      "limited": 1,
      "shipAbility": {
        "name": "Pinpoint Tractor Array",
        "text": "You cannot rotate your [Single Turret Arc] to your [Rear Arc]. After you fully execute a maneuver, you may gain 1 tractor token to perform a [Rotate Arc] action."
      },
      "standard": true,
      "extended": true,
      "caption": "Opportunistic Ace",
      "artwork": "https://infinitearenas.com/xw2/images/artwork/pilots/chertek.png",
      "image": "https://infinitearenas.com/xw2/images/pilots/chertek.png",
      "ability": "While you perform a primary attack, if the defender is tractored, you may reroll up to 2 attack dice.",
      "cost": 10,
      "loadout": 14,
      "slots": [
        "Talent",
        "Modification",
        "Modification",
        "Talent"
      ],
      "epic": true,
      "restricted": 0
    },
    {
      "name": "Gorgol",
      "caption": "Handy Engineer",
      "cost": 8,
      "loadout": 5,
      "limited": 1,
      "initiative": 2,
      "artwork": "https://infinitearenas.com/xw2/images/artwork/pilots/gorgol.png",
      "image": "https://infinitearenas.com/xw2/images/pilots/gorgol.png",
      "shipAbility": {
        "name": "Pinpoint Tractor Array",
        "text": "You cannot rotate your [Single Turret Arc] to your [Rear Arc]. After you fully execute a maneuver, you may gain 1 tractor token to perform a [Rotate Arc] action."
      },
      "ability": "During the System Phase, you may gain 1 disarm token and choose a friendly ship at range 1-2. If you do, it gains 1 tractor token, then repairs 1 of its faceup Ship trait damage cards.",
      "standard": true,
      "extended": true,
      "slots": [
        "Talent",
        "Modification",
        "Modification"
      ],
      "xws": "gorgol",
      "epic": true,
      "restricted": 0
    },
    {
      "name": "Petranaki Arena Ace",
      "cost": 10,
      "loadout": 8,
      "initiative": 4,
      "artwork": "https://infinitearenas.com/xw2/images/artwork/pilots/petranakiarenaace.png",
      "image": "https://infinitearenas.com/xw2/images/pilots/petranakiarenaace.png",
      "shipAbility": {
        "name": "Pinpoint Tractor Array",
        "text": "You cannot rotate your [Single Turret Arc] to your [Rear Arc]. After you fully execute a maneuver, you may gain 1 tractor token to perform a [Rotate Arc] action."
      },
      "text": "The Petranaki Arena is a massive edifice on Geonosis that was a key site in the first battle of the Clone Wars.",
      "standard": true,
      "extended": true,
      "limited": 0,
      "slots": [
        "Talent",
        "Modification",
        "Modification"
      ],
      "xws": "petranakiarenaace",
      "epic": true,
      "restricted": 0
    }
  ],
  "icon": "https://infinitearenas.com/xw2/images/shipicons/separatist-alliance/I_Nantex_Class_Starfighter.png"
}
