{
  "name": "RZ-2 A-wing",
  "xws": "rz2awing",
  "size": "Small",
  "dial": [
    "1TW",
    "1YW",
    "2TB",
    "2BB",
    "2FB",
    "2NB",
    "2YB",
    "3LR",
    "3TW",
    "3BB",
    "3FB",
    "3NB",
    "3YW",
    "3PR",
    "4FB",
    "5FB",
    "5KR"
  ],
  "dialCodes": [
    "RZ2"
  ],
  "faction": "resistance",
  "stats": [
    {
      "arc": "Single Turret Arc",
      "type": "attack",
      "value": 2
    },
    {
      "type": "agility",
      "value": 3
    },
    {
      "type": "hull",
      "value": 2
    },
    {
      "type": "shields",
      "value": 2
    }
  ],
  "actions": [
    {
      "difficulty": "White",
      "type": "Focus"
    },
    {
      "difficulty": "White",
      "type": "Evade"
    },
    {
      "difficulty": "White",
      "type": "Lock"
    },
    {
      "difficulty": "White",
      "type": "Barrel Roll"
    },
    {
      "difficulty": "White",
      "type": "Boost"
    }
  ],
  "icon": "https://infinitearenas.com/xw2/images/shipicons/resistance/I_RZ-2_A-wing.png",
  "pilots": [
    {
      "name": "L’ulo L’ampar",
      "caption": "Luminous Mentor",
      "initiative": 5,
      "limited": 1,
      "cost": 10,
      "loadout": 8,
      "xws": "lulolampar",
      "ability": "While you defend or perform a primary attack, if you are stressed, you must roll 1 fewer defense die or 1 additional attack die.",
      "shipAbility": {
        "name": "Refined Gyrostabilizers",
        "text": "You can rotate your [Single Turret Arc] indicator only to your [Front Arc] or [Rear Arc]. After you perform an action, you may perform a red [Boost] or red [Rotate Arc] action."
      },
      "slots": [
        "Missile",
        "Tech",
        "Modification",
        "Talent",
        "Talent"
      ],
      "image": "https://infinitearenas.com/xw2/images/pilots/lulolampar.png",
      "artwork": "https://infinitearenas.com/xw2/images/artwork/pilots/lulolampar.png",
      "standard": true,
      "extended": true,
      "keywords": [
        "A-wing"
      ],
      "epic": true
    },
    {
      "name": "Tallissan Lintra",
      "caption": "Deadly Approach",
      "initiative": 5,
      "limited": 1,
      "cost": 10,
      "loadout": 12,
      "xws": "tallissanlintra",
      "ability": "While an enemy ship in your [Bullseye Arc] performs an attack, you may spend 1 [Charge]. If you do, the defender rolls 1 additional die.",
      "shipAbility": {
        "name": "Refined Gyrostabilizers",
        "text": "You can rotate your [Single Turret Arc] indicator only to your [Front Arc] or [Rear Arc]. After you perform an action, you may perform a red [Boost] or red [Rotate Arc] action."
      },
      "image": "https://infinitearenas.com/xw2/images/pilots/tallissanlintra.png",
      "artwork": "https://infinitearenas.com/xw2/images/artwork/pilots/tallissanlintra.png",
      "charges": {
        "value": 1,
        "recovers": 1
      },
      "slots": [
        "Missile",
        "Tech",
        "Modification",
        "Talent",
        "Talent",
        "Sensor"
      ],
      "standard": true,
      "extended": true,
      "keywords": [
        "A-wing"
      ],
      "epic": true
    },
    {
      "name": "Zari Bangel",
      "caption": "Aerial Exhibitionist",
      "initiative": 3,
      "limited": 1,
      "cost": 10,
      "loadout": 15,
      "xws": "zaribangel",
      "ability": "You do not skip your Perform Action step after you partially execute a maneuver.",
      "shipAbility": {
        "name": "Refined Gyrostabilizers",
        "text": "You can rotate your [Single Turret Arc] indicator only to your [Front Arc] or [Rear Arc]. After you perform an action, you may perform a red [Boost] or red [Rotate Arc] action."
      },
      "image": "https://infinitearenas.com/xw2/images/pilots/zaribangel.png",
      "artwork": "https://infinitearenas.com/xw2/images/artwork/pilots/zaribangel.png",
      "slots": [
        "Missile",
        "Tech",
        "Modification",
        "Talent",
        "Talent"
      ],
      "standard": true,
      "extended": true,
      "keywords": [
        "A-wing"
      ],
      "epic": true
    },
    {
      "name": "Greer Sonnel",
      "caption": "Kothan Si",
      "initiative": 4,
      "limited": 1,
      "cost": 9,
      "loadout": 8,
      "xws": "greersonnel",
      "ability": "After you fully execute a maneuver, you may rotate your [Single Turret Arc].",
      "shipAbility": {
        "name": "Refined Gyrostabilizers",
        "text": "You can rotate your [Single Turret Arc] indicator only to your [Front Arc] or [Rear Arc]. After you perform an action, you may perform a red [Boost] or red [Rotate Arc] action."
      },
      "image": "https://infinitearenas.com/xw2/images/pilots/greersonnel.png",
      "artwork": "https://infinitearenas.com/xw2/images/artwork/pilots/greersonnel.png",
      "slots": [
        "Missile",
        "Tech",
        "Modification",
        "Talent"
      ],
      "standard": true,
      "extended": true,
      "keywords": [
        "A-wing"
      ],
      "epic": true
    },
    {
      "name": "Green Squadron Expert",
      "initiative": 3,
      "limited": 0,
      "cost": 9,
      "loadout": 8,
      "xws": "greensquadronexpert",
      "text": "Years of field-expedient modifications were standardized in the RZ-2 design, but daring pilots see the ship's improved reliability as a challenge to further push the limits of its performance.",
      "shipAbility": {
        "name": "Refined Gyrostabilizers",
        "text": "You can rotate your [Single Turret Arc] indicator only to your [Front Arc] or [Rear Arc]. After you perform an action, you may perform a red [Boost] or red [Rotate Arc] action."
      },
      "slots": [
        "Missile",
        "Tech",
        "Modification",
        "Talent",
        "Talent"
      ],
      "image": "https://infinitearenas.com/xw2/images/pilots/greensquadronexpert.png",
      "artwork": "https://infinitearenas.com/xw2/images/artwork/pilots/greensquadronexpert.png",
      "standard": true,
      "extended": true,
      "keywords": [
        "A-wing"
      ],
      "epic": true
    },
    {
      "name": "Blue Squadron Recruit",
      "initiative": 1,
      "limited": 0,
      "cost": 8,
      "loadout": 3,
      "xws": "bluesquadronrecruit",
      "text": "Young beings across the galaxy have grown up on tales of heroism in the Galactic Civil War, and many learned to fly in the same cockpits from which their parents fought the Empire.",
      "shipAbility": {
        "name": "Refined Gyrostabilizers",
        "text": "You can rotate your [Single Turret Arc] indicator only to your [Front Arc] or [Rear Arc]. After you perform an action, you may perform a red [Boost] or red [Rotate Arc] action."
      },
      "slots": [
        "Missile",
        "Tech",
        "Modification",
        "Talent"
      ],
      "image": "https://infinitearenas.com/xw2/images/pilots/bluesquadronrecruit.png",
      "artwork": "https://infinitearenas.com/xw2/images/artwork/pilots/bluesquadronrecruit.png",
      "standard": true,
      "extended": true,
      "keywords": [
        "A-wing"
      ],
      "epic": true
    },
    {
      "name": "Zizi Tlo",
      "xws": "zizitlo",
      "initiative": 5,
      "limited": 1,
      "shipAbility": {
        "name": "Refined Gyrostabilizers",
        "text": "You can rotate your [Single Turret Arc] indicator only to your [Front Arc] or [Rear Arc]. After you perform an action, you may perform a red [Boost] or red [Rotate Arc] action."
      },
      "caption": "Committed to the Cause",
      "standard": true,
      "extended": true,
      "slots": [
        "Missile",
        "Tech",
        "Modification",
        "Talent",
        "Talent",
        "Tech"
      ],
      "ability": "After you defend or perform an attack, you may spend 1 [Charge] to gain 1 focus or evade token.",
      "cost": 11,
      "loadout": 14,
      "charges": {
        "value": 1,
        "recovers": 1
      },
      "artwork": "https://infinitearenas.com/xw2/images/artwork/pilots/zizitlo.png",
      "image": "https://infinitearenas.com/xw2/images/pilots/zizitlo.png",
      "keywords": [
        "A-wing"
      ],
      "epic": true
    },
    {
      "name": "Ronith Blario",
      "xws": "ronithblario",
      "initiative": 2,
      "limited": 1,
      "shipAbility": {
        "name": "Refined Gyrostabilizers",
        "text": "You can rotate your [Single Turret Arc] indicator only to your [Front Arc] or [Rear Arc]. After you perform an action, you may perform a red [Boost] or red [Rotate Arc] action."
      },
      "caption": "Reckless Rookie",
      "standard": true,
      "extended": true,
      "slots": [
        "Missile",
        "Tech",
        "Modification",
        "Talent"
      ],
      "ability": "While you defend or perform an attack, if the enemy ship is in another friendly ship's [Single Turret Arc], you may spend 1 focus token from that friendly ship to change 1 of your [Focus] results to an [Evade] or [Hit] result.",
      "cost": 9,
      "loadout": 9,
      "artwork": "https://infinitearenas.com/xw2/images/artwork/pilots/ronithblario.png",
      "image": "https://infinitearenas.com/xw2/images/pilots/ronithblario.png",
      "keywords": [
        "A-wing"
      ],
      "epic": true
    },
    {
      "name": "Merl Cobben",
      "caption": "Distracting Daredevil",
      "initiative": 1,
      "limited": 1,
      "cost": 8,
      "loadout": 4,
      "xws": "merlcobben",
      "ability": "While a friendly ship at range 0-2 performs a primary attack, if you are in the defender's [Bullseye Arc], the defender rolls 1 fewer defense die.",
      "shipAbility": {
        "name": "Refined Gyrostabilizers",
        "text": "You can rotate your [Single Turret Arc] indicator only to your [Front Arc] or [Rear Arc]. After you perform an action, you may perform a red [Boost] or red [Rotate Arc] action."
      },
      "slots": [
        "Missile",
        "Tech",
        "Modification",
        "Talent"
      ],
      "standard": true,
      "extended": true,
      "image": "https://infinitearenas.com/xw2/images/pilots/merlcobben.png",
      "artwork": "https://infinitearenas.com/xw2/images/artwork/pilots/merlcobben.png",
      "keywords": [
        "A-wing"
      ],
      "epic": true
    },
    {
      "name": "Suralinda Javos",
      "caption": "Inquisitive Journalist",
      "initiative": 3,
      "limited": 1,
      "cost": 9,
      "loadout": 8,
      "xws": "suralindajavos",
      "ability": "After you partially execute a maneuver, you may gain 1 strain token to rotate 90° or 180°.",
      "shipAbility": {
        "name": "Refined Gyrostabilizers",
        "text": "You can rotate your [Single Turret Arc] indicator only to your [Front Arc] or [Rear Arc]. After you perform an action, you may perform a red [Boost] or red [Rotate Arc] action."
      },
      "slots": [
        "Missile",
        "Tech",
        "Modification",
        "Talent"
      ],
      "standard": true,
      "extended": true,
      "image": "https://infinitearenas.com/xw2/images/pilots/suralindajavos.png",
      "artwork": "https://infinitearenas.com/xw2/images/artwork/pilots/suralindajavos.png",
      "keywords": [
        "A-wing"
      ],
      "epic": true
    },
    {
      "name": "Wrobie Tyce",
      "caption": "Dynamic Aerialist",
      "initiative": 4,
      "limited": 1,
      "cost": 8,
      "loadout": 3,
      "xws": "wrobietyce",
      "ability": "After you defend at attack range 1, if the attacker modified its dice, the attacker gains 1 deplete token.",
      "shipAbility": {
        "name": "Refined Gyrostabilizers",
        "text": "You can rotate your [Single Turret Arc] indicator only to your [Front Arc] or [Rear Arc]. After you perform an action, you may perform a red [Boost] or red [Rotate Arc] action."
      },
      "slots": [
        "Missile",
        "Tech",
        "Modification",
        "Talent"
      ],
      "standard": true,
      "extended": true,
      "image": "https://infinitearenas.com/xw2/images/pilots/wrobietyce.png",
      "artwork": "https://infinitearenas.com/xw2/images/artwork/pilots/wrobietyce.png",
      "keywords": [
        "A-wing"
      ],
      "epic": true
    },
    {
      "name": "Seftin Vanik",
      "caption": "Skillful Wingmate",
      "initiative": 5,
      "limited": 1,
      "cost": 10,
      "loadout": 11,
      "xws": "seftinvanik",
      "ability": "After you perform a [Boost] action, you may transfer 1 evade token to a friendly ship at range 1.",
      "shipAbility": {
        "name": "Refined Gyrostabilizers",
        "text": "You can rotate your [Single Turret Arc] indicator only to your [Front Arc] or [Rear Arc]. After you perform an action, you may perform a red [Boost] or red [Rotate Arc] action."
      },
      "slots": [
        "Missile",
        "Tech",
        "Modification",
        "Talent",
        "Talent"
      ],
      "standard": true,
      "extended": true,
      "image": "https://infinitearenas.com/xw2/images/pilots/seftinvanik.png",
      "artwork": "https://infinitearenas.com/xw2/images/artwork/pilots/seftinvanik.png",
      "keywords": [
        "A-wing"
      ],
      "epic": true
    },
    {
      "name": "Ronith Blario",
      "caption": "Evacuation of D'Qar",
      "initiative": 2,
      "limited": 1,
      "cost": 9,
      "loadout": 0,
      "xws": "ronithblario-evacuationofdqar",
      "ability": "While you defend or perform an attack, if the enemy ship is in another friendly ship's [Single Turret Arc], you may spend 1 focus token from that friendly ship to change 1 of your [Focus] results to an [Evade] or [Hit] result.",
      "shipAbility": {
        "name": "Refined Gyrostabilizers",
        "text": "You can rotate your [Single Turret Arc] indicator only to your [Front Arc] or [Rear Arc]. After you perform an action, you may perform a red [Boost] or red [Rotate Arc] action."
      },
      "standardLoadout": [
        "escortfighter-evacuationofdqar",
        "heroic",
        "starbirdslash"
      ],
      "image": "https://infinitearenas.com/xw2xwa/images/quickbuilds/ronithblario-evacuationofdqar.png",
      "artwork": "https://infinitearenas.com/xw2/images/artwork/pilots/ronithblario-evacuationofdqar.png",
      "standard": true,
      "extended": true,
      "keywords": [
        "A-wing"
      ],
      "epic": true,
      "slots": []
    },
    {
      "name": "Tallissan Lintra",
      "caption": "Evacuation of D'Qar",
      "initiative": 5,
      "limited": 1,
      "cost": 11,
      "loadout": 0,
      "xws": "tallissanlintra-evacuationofdqar",
      "ability": "While an enemy in your [Bullseye Arc] performs an attack, you may spend 1[Charge]. If you do, the defender rolls 1 additional die.",
      "shipAbility": {
        "name": "Refined Gyrostabilizers",
        "text": "You can rotate your [Single Turret Arc] indicator only to your [Front Arc] or [Rear Arc]. After you perform an action, you may perform a red [Boost] or red [Rotate Arc] action."
      },
      "image": "https://infinitearenas.com/xw2xwa/images/quickbuilds/tallissanlintra-evacuationofdqar.png",
      "artwork": "https://infinitearenas.com/xw2/images/artwork/pilots/tallissanlintra-evacuationofdqar.png",
      "charges": {
        "value": 1,
        "recovers": 1
      },
      "standardLoadout": [
        "forthecause-evacuationofdqar",
        "heroic",
        "pushthelimit-battleoverendor",
        "xx23sthreadtracers"
      ],
      "standard": true,
      "extended": true,
      "keywords": [
        "A-wing"
      ],
      "epic": true,
      "shipActions": [
        {
          "difficulty": "White",
          "type": "Focus",
          "linked": {
            "difficulty": "Red",
            "type": "Coordinate"
          }
        },
        {
          "difficulty": "White",
          "type": "Evade"
        },
        {
          "difficulty": "White",
          "type": "Lock"
        },
        {
          "difficulty": "White",
          "type": "Barrel Roll"
        },
        {
          "difficulty": "White",
          "type": "Boost"
        }
      ],
      "slots": []
    },
    {
      "name": "Zizi Tlo",
      "caption": "Evacuation of D'Qar",
      "initiative": 5,
      "limited": 1,
      "cost": 11,
      "loadout": 0,
      "xws": "zizitlo-evacuationofdqar",
      "ability": "After you defend or perform an attack, you may spend 1[Charge] to gain 1 focus or evade token.",
      "shipAbility": {
        "name": "Refined Gyrostabilizers",
        "text": "You can rotate your [Single Turret Arc] indicator only to your [Front Arc] or [Rear Arc]. After you perform an action, you may perform a red [Boost] or red [Rotate Arc] action."
      },
      "standardLoadout": [
        "forthecause-evacuationofdqar",
        "heroic",
        "precisionholotargeter-evacuationofdqar"
      ],
      "charges": {
        "value": 1,
        "recovers": 1
      },
      "image": "https://infinitearenas.com/xw2xwa/images/quickbuilds/zizitlo-evacuationofdqar.png",
      "artwork": "https://infinitearenas.com/xw2/images/artwork/pilots/zizitlo-evacuationofdqar.png",
      "standard": true,
      "extended": true,
      "keywords": [
        "A-wing"
      ],
      "epic": true,
      "slots": []
    }
  ]
}
