{
  "name": "Trident-Class Assault Ship",
  "xws": "tridentclassassaultship",
  "faction": "scumandvillainy",
  "icon": "https://infinitearenas.com/xw2/images/shipicons/scum-and-villainy/I_Trident.png",
  "size": "Huge",
  "dial": [
    "0BR",
    "0OR",
    "0NR",
    "1SW",
    "2BB",
    "2NB",
    "2FB",
    "2SR",
    "3NW",
    "3FB",
    "3BW",
    "4FB",
    "4KR",
    "5FW"
  ],
  "dialCodes": [
    "TAS"
  ],
  "stats": [
    {
      "arc": "Front Arc",
      "type": "attack",
      "value": 3
    },
    {
      "type": "agility",
      "value": 0
    },
    {
      "type": "hull",
      "value": 10
    },
    {
      "type": "shields",
      "value": 4,
      "recovers": 1
    },
    {
      "type": "energy",
      "value": 3,
      "recovers": 2
    }
  ],
  "actions": [
    {
      "difficulty": "White",
      "type": "Focus"
    },
    {
      "difficulty": "Red",
      "type": "Evade"
    },
    {
      "difficulty": "Red",
      "type": "Reinforce"
    },
    {
      "difficulty": "White",
      "type": "Lock"
    },
    {
      "difficulty": "Red",
      "type": "Coordinate"
    }
  ],
  "pilots": [
    {
      "name": "Lawless Pirates",
      "initiative": 8,
      "cost": 26,
      "loadout": 45,
      "limited": 0,
      "artwork": "https://infinitearenas.com/xw2/images/artwork/pilots/lawlesspirates.png",
      "image": "https://infinitearenas.com/xw2/images/pilots/lawlesspirates.png",
      "shipAbility": {
        "name": "Tractor Grasp",
        "text": "After you perform a Tractor Tentacles attack that hits, the defender gains 1 tractor token."
      },
      "text": "The Separatist Alliance has close ties with certain mercenaries and criminal groups and, as the war rages on, its technology sometimes finds its way into unsavory hands.",
      "standard": false,
      "extended": false,
      "epic": true,
      "engagement": 0,
      "xws": "lawlesspirates",
      "slots": [
        "Command",
        "Torpedo",
        "Hardpoint",
        "Hardpoint",
        "Crew",
        "Crew",
        "Gunner",
        "Team",
        "Cargo",
        "Title"
      ],
      "restricted": 0
    },
    {
      "name": "Sorc Tormo",
      "caption": "Nautolan's Revenge",
      "initiative": 8,
      "engagement": 1,
      "limited": 1,
      "cost": 19,
      "xws": "sorctormo-epicsl",
      "artwork": "https://infinitearenas.com/xw2/images/artwork/pilots/sorctormo-epicsl.png",
      "image": "https://infinitearenas.com/xw2xwa/images/quickbuilds/sorctormo-epicsl.png",
      "shipAbility": {
        "name": "Tractor Grasp",
        "text": "After you perform a Tractor Tentacles attack that hits, the defender gains 1 tractor token."
      },
      "shipActions": [
        {
          "difficulty": "White",
          "type": "Focus"
        },
        {
          "difficulty": "Red",
          "type": "Evade"
        },
        {
          "difficulty": "White",
          "type": "Reinforce"
        },
        {
          "difficulty": "White",
          "type": "Lock"
        },
        {
          "difficulty": "Red",
          "type": "Coordinate"
        }
      ],
      "text": "",
      "standard": false,
      "extended": false,
      "epic": true,
      "standardLoadout": [
        "caijvanda-epicsl",
        "tractortentacles-epicsl",
        "drillbeak-epicsl",
        "nautolansrevenge-epicsl"
      ],
      "loadout": 0,
      "slots": [],
      "restricted": 0
    }
  ]
}
