{
  "name": "Resistance Transport",
  "xws": "resistancetransport",
  "size": "Small",
  "dial": [
    "0OR",
    "1AR",
    "1TR",
    "1BB",
    "1FB",
    "1NB",
    "1YR",
    "1DR",
    "2TW",
    "2BW",
    "2FB",
    "2NW",
    "2YW",
    "3BR",
    "3FW",
    "3NR",
    "4FR"
  ],
  "dialCodes": [
    "RT"
  ],
  "faction": "resistance",
  "stats": [
    {
      "arc": "Front Arc",
      "type": "attack",
      "value": 2
    },
    {
      "type": "agility",
      "value": 1
    },
    {
      "type": "hull",
      "value": 5
    },
    {
      "type": "shields",
      "value": 3
    }
  ],
  "actions": [
    {
      "difficulty": "White",
      "type": "Focus"
    },
    {
      "difficulty": "White",
      "type": "Lock"
    },
    {
      "difficulty": "Red",
      "type": "Coordinate"
    },
    {
      "difficulty": "Red",
      "type": "Jam"
    }
  ],
  "pilots": [
    {
      "name": "Cova Nell",
      "xws": "covanell",
      "initiative": 4,
      "limited": 1,
      "standard": true,
      "extended": true,
      "cost": 12,
      "loadout": 18,
      "slots": [
        "Astromech",
        "Crew",
        "Crew",
        "Modification",
        "Tech",
        "Cannon",
        "Torpedo",
        "Talent",
        "Cannon"
      ],
      "ability": "While you defend or perform a primary attack, if your revealed maneuver is red, roll 1 additional die.",
      "artwork": "https://infinitearenas.com/xw2/images/artwork/pilots/covanell.png",
      "image": "https://infinitearenas.com/xw2/images/pilots/covanell.png",
      "caption": "Evacuation Escort",
      "epic": true,
      "restricted": 0
    },
    {
      "name": "Pammich Nerro Goode",
      "xws": "pammichnerrogoode",
      "initiative": 3,
      "limited": 1,
      "caption": "D’Qar Dispatcher",
      "standard": true,
      "extended": true,
      "cost": 11,
      "loadout": 22,
      "slots": [
        "Astromech",
        "Crew",
        "Crew",
        "Modification",
        "Tech",
        "Cannon",
        "Torpedo",
        "Cannon"
      ],
      "ability": "While you have 2 or fewer stress tokens, you may execute red maneuvers even while stressed.",
      "artwork": "https://infinitearenas.com/xw2/images/artwork/pilots/pammichnerrogoode.png",
      "image": "https://infinitearenas.com/xw2/images/pilots/pammichnerrogoode.png",
      "epic": true,
      "restricted": 0
    },
    {
      "name": "Nodin Chavdri",
      "xws": "nodinchavdri",
      "initiative": 2,
      "limited": 1,
      "standard": true,
      "extended": true,
      "cost": 9,
      "loadout": 12,
      "slots": [
        "Astromech",
        "Crew",
        "Crew",
        "Modification",
        "Tech",
        "Cannon",
        "Torpedo"
      ],
      "ability": "After you coordinate or are coordinated, if you have 2 or fewer stress tokens, you may perform 1 action on your action bar as a red action, even if you are stressed.",
      "artwork": "https://infinitearenas.com/xw2/images/artwork/pilots/nodinchavdri.png",
      "image": "https://infinitearenas.com/xw2/images/pilots/nodinchavdri.png",
      "caption": "Insubordinate Insurgent",
      "epic": true,
      "restricted": 0
    },
    {
      "name": "Logistics Division Pilot",
      "xws": "logisticsdivisionpilot",
      "initiative": 1,
      "limited": 0,
      "text": "Without the support of the New Republic, members of the Resistance often pull double duty as transport pilots or mechanics, putting their skills and technical knowledge to use in the fight against the First Order.",
      "standard": true,
      "extended": true,
      "cost": 10,
      "loadout": 19,
      "slots": [
        "Astromech",
        "Crew",
        "Crew",
        "Modification",
        "Tech",
        "Cannon",
        "Torpedo",
        "Astromech"
      ],
      "artwork": "https://infinitearenas.com/xw2/images/artwork/pilots/logisticsdivisionpilot.png",
      "image": "https://infinitearenas.com/xw2/images/pilots/logisticsdivisionpilot.png",
      "epic": true,
      "restricted": 0
    },
    {
      "name": "Taka Jamoreesa",
      "caption": "Snograth Enthusiast",
      "xws": "takajamoreesa",
      "initiative": 2,
      "limited": 1,
      "ability": "After you jam, you must assign 1 jam token to another ship at range 0-1 of the jammed ship, if able.",
      "standard": true,
      "extended": true,
      "cost": 8,
      "loadout": 6,
      "slots": [
        "Astromech",
        "Crew",
        "Crew",
        "Modification",
        "Tech",
        "Torpedo"
      ],
      "image": "https://infinitearenas.com/xw2/images/pilots/takajamoreesa.png",
      "artwork": "https://infinitearenas.com/xw2/images/artwork/pilots/takajamoreesa.png",
      "epic": true,
      "restricted": 0
    },
    {
      "name": "Pammich Nerro Goode",
      "xws": "pammichnerrogoode-evacuationofdqar",
      "initiative": 3,
      "limited": 1,
      "standard": true,
      "extended": true,
      "cost": 9,
      "loadout": 0,
      "ability": "While you have 2 or fewer stress tokens, you may execute red maneuvers even while stressed.",
      "shipAbility": {
        "name": "Leave No One Behind",
        "text": "After you perform an action, if you have fewer than 2 stress tokens, you may gain 1 stress token. If you do, another friendly small ship at range 0-1 may gain 1 deplete token to perform a [Boost] action."
      },
      "standardLoadout": [
        "forthecause-evacuationofdqar",
        "r0gr-evacuationofdqar",
        "blacksquadronr4-evacuationofdqar"
      ],
      "artwork": "https://infinitearenas.com/xw2/images/artwork/pilots/pammichnerrogoode-evacuationofdqar.png",
      "image": "https://infinitearenas.com/xw2xwa/images/quickbuilds/pammichnerrogoode-evacuationofdqar.png",
      "caption": "Evacuation of D'Qar",
      "epic": true,
      "slots": [],
      "restricted": 0
    }
  ],
  "icon": "https://infinitearenas.com/xw2/images/shipicons/resistance/I_Resistance_Transport.png"
}
