{
  "name": "TIE/wi Whisper Modified Interceptor",
  "xws": "tiewiwhispermodifiedinterceptor",
  "size": "Small",
  "dial": [
    "1TW",
    "1YW",
    "2TW",
    "2BB",
    "2FB",
    "2NB",
    "2YW",
    "3LR",
    "3TW",
    "3BB",
    "3FB",
    "3NB",
    "3YW",
    "3PR",
    "4FB",
    "4KR",
    "5FB",
    "5KR"
  ],
  "dialCodes": [
    "Twi"
  ],
  "faction": "firstorder",
  "stats": [
    {
      "arc": "Bullseye Arc",
      "type": "attack",
      "value": 3
    },
    {
      "arc": "Single Turret Arc",
      "type": "attack",
      "value": 2
    },
    {
      "type": "agility",
      "value": 2
    },
    {
      "type": "hull",
      "value": 3
    },
    {
      "type": "shields",
      "value": 2
    }
  ],
  "actions": [
    {
      "difficulty": "White",
      "linked": {
        "difficulty": "White",
        "type": "Rotate Arc"
      },
      "type": "Focus"
    },
    {
      "difficulty": "White",
      "type": "Evade"
    },
    {
      "difficulty": "White",
      "type": "Lock"
    },
    {
      "difficulty": "White",
      "linked": {
        "difficulty": "White",
        "type": "Rotate Arc"
      },
      "type": "Barrel Roll"
    },
    {
      "difficulty": "White",
      "linked": {
        "difficulty": "White",
        "type": "Rotate Arc"
      },
      "type": "Boost"
    }
  ],
  "pilots": [
    {
      "name": "Kylo Ren",
      "xws": "kyloren-tiewiwhispermodifiedinterceptor",
      "initiative": 5,
      "limited": 1,
      "shipAbility": {
        "name": "Heavy Weapon Turret",
        "text": "You can rotate your [Single Turret Arc] indicator only to your [Front Arc] or [Rear Arc]. You must treat the [Front Arc] requirement of your equipped [Missile] upgrades as [Single Turret Arc]."
      },
      "standard": true,
      "extended": true,
      "cost": 15,
      "loadout": 15,
      "slots": [
        "Tech",
        "Tech",
        "Modification",
        "Missile",
        "Configuration",
        "Force Power",
        "Force Power"
      ],
      "ability": "Before an enemy ship in your [Bullseye Arc] is dealt a facedown damage card, you may spend 1 [Force]. If you do, that damage card is dealt faceup instead.",
      "artwork": "https://infinitearenas.com/xw2/images/artwork/pilots/kyloren-tiewiwhispermodifiedinterceptor.png",
      "image": "https://infinitearenas.com/xw2/images/pilots/kyloren-tiewiwhispermodifiedinterceptor.png",
      "caption": "Supreme Leader of the First Order",
      "keywords": [
        "Dark Side",
        "Light Side",
        "TIE"
      ],
      "force": {
        "value": 3,
        "recovers": 1,
        "side": [
          "dark",
          "light"
        ]
      },
      "epic": true
    },
    {
      "name": "“Wrath”",
      "xws": "wrath",
      "initiative": 5,
      "limited": 1,
      "shipAbility": {
        "name": "Heavy Weapon Turret",
        "text": "You can rotate your [Single Turret Arc] indicator only to your [Front Arc] or [Rear Arc]. You must treat the [Front Arc] requirement of your equipped [Missile] upgrades as [Single Turret Arc]."
      },
      "standard": true,
      "extended": true,
      "cost": 13,
      "loadout": 17,
      "slots": [
        "Gunner",
        "Tech",
        "Tech",
        "Modification",
        "Configuration",
        "Talent",
        "Cannon"
      ],
      "ability": "After you perform a [Bullseye Arc] attack, if you have 1 or more non-lock red or orange tokens, you may perform a bonus attack against a different target.",
      "artwork": "https://infinitearenas.com/xw2/images/artwork/pilots/wrath.png",
      "image": "https://infinitearenas.com/xw2/images/pilots/wrath.png",
      "caption": "Herald of Destruction",
      "keywords": [
        "TIE"
      ],
      "epic": true
    },
    {
      "name": "“Nightfall”",
      "xws": "nightfall",
      "initiative": 4,
      "limited": 1,
      "shipAbility": {
        "name": "Heavy Weapon Turret",
        "text": "You can rotate your [Single Turret Arc] indicator only to your [Front Arc] or [Rear Arc]. You must treat the [Front Arc] requirement of your equipped [Missile] upgrades as [Single Turret Arc]."
      },
      "standard": true,
      "extended": true,
      "cost": 11,
      "loadout": 11,
      "slots": [
        "Gunner",
        "Tech",
        "Tech",
        "Modification",
        "Missile",
        "Configuration",
        "Talent"
      ],
      "ability": "After you fully execute a maneuver or perform a [Boost] action, each ship you moved through gains 2 jam tokens.",
      "artwork": "https://infinitearenas.com/xw2/images/artwork/pilots/nightfall.png",
      "image": "https://infinitearenas.com/xw2/images/pilots/nightfall.png",
      "caption": "709th Legion Veteran",
      "keywords": [
        "TIE"
      ],
      "epic": true
    },
    {
      "name": "“Whirlwind”",
      "xws": "whirlwind",
      "initiative": 3,
      "limited": 1,
      "shipAbility": {
        "name": "Heavy Weapon Turret",
        "text": "You can rotate your [Single Turret Arc] indicator only to your [Front Arc] or [Rear Arc]. You must treat the [Front Arc] requirement of your equipped [Missile] upgrades as [Single Turret Arc]."
      },
      "standard": true,
      "extended": true,
      "cost": 11,
      "loadout": 10,
      "slots": [
        "Gunner",
        "Tech",
        "Tech",
        "Modification",
        "Missile",
        "Configuration",
        "Talent"
      ],
      "ability": "Before you engage, you may remove any number of jam tokens, then you may gain 1 focus token for each enemy ship that has you in its [Front Arc].",
      "artwork": "https://infinitearenas.com/xw2/images/artwork/pilots/whirlwind.png",
      "image": "https://infinitearenas.com/xw2/images/pilots/whirlwind.png",
      "caption": "Reap What You Sow",
      "keywords": [
        "TIE"
      ],
      "epic": true
    },
    {
      "name": "709th Legion Ace",
      "xws": "709thlegionace",
      "initiative": 4,
      "limited": 0,
      "shipAbility": {
        "name": "Heavy Weapon Turret",
        "text": "You can rotate your [Single Turret Arc] indicator only to your [Front Arc] or [Rear Arc]. You must treat the [Front Arc] requirement of your equipped [Missile] upgrades as [Single Turret Arc]."
      },
      "text": "Commanded by Supreme Leader Kylo Ren, the 709th Legion fights without mercy or remorse to crush the Resistance and bring the galaxy under the First Order's dominion.",
      "standard": true,
      "extended": true,
      "cost": 10,
      "loadout": 5,
      "slots": [
        "Gunner",
        "Tech",
        "Tech",
        "Modification",
        "Missile",
        "Configuration",
        "Talent"
      ],
      "artwork": "https://infinitearenas.com/xw2/images/artwork/pilots/709thlegionace.png",
      "image": "https://infinitearenas.com/xw2/images/pilots/709thlegionace.png",
      "keywords": [
        "TIE"
      ],
      "epic": true
    },
    {
      "name": "Red Fury Zealot",
      "xws": "redfuryzealot",
      "initiative": 2,
      "limited": 0,
      "shipAbility": {
        "name": "Heavy Weapon Turret",
        "text": "You can rotate your [Single Turret Arc] indicator only to your [Front Arc] or [Rear Arc]. You must treat the [Front Arc] requirement of your equipped [Missile] upgrades as [Single Turret Arc]."
      },
      "text": "Also called Red Fury, the 709th Legion is charged by Supreme Leader Kylo Ren with rooting out dissenters at Black Spire Outpost.",
      "standard": true,
      "extended": true,
      "cost": 8,
      "loadout": 5,
      "slots": [
        "Gunner",
        "Tech",
        "Tech",
        "Modification",
        "Missile"
      ],
      "artwork": "https://infinitearenas.com/xw2/images/artwork/pilots/redfuryzealot.png",
      "image": "https://infinitearenas.com/xw2/images/pilots/redfuryzealot.png",
      "keywords": [
        "TIE"
      ],
      "epic": true
    }
  ],
  "icon": "https://infinitearenas.com/xw2/images/shipicons/first-order/I_TIEWhisper.png"
}
