{
  "name": "TIE/se Bomber",
  "xws": "tiesebomber",
  "size": "Small",
  "dial": [
    "1TR",
    "1BW",
    "1FB",
    "1NW",
    "1YR",
    "2TW",
    "2BW",
    "2FB",
    "2NW",
    "2YW",
    "3LR",
    "3TW",
    "3BW",
    "3FB",
    "3NW",
    "3YW",
    "3PR",
    "4FW"
  ],
  "dialCodes": [
    "Tse"
  ],
  "faction": "firstorder",
  "stats": [
    {
      "arc": "Front Arc",
      "type": "attack",
      "value": 2
    },
    {
      "type": "agility",
      "value": 2
    },
    {
      "type": "hull",
      "value": 4
    },
    {
      "type": "shields",
      "value": 2
    }
  ],
  "actions": [
    {
      "difficulty": "White",
      "type": "Focus"
    },
    {
      "difficulty": "White",
      "type": "Lock"
    },
    {
      "difficulty": "White",
      "linked": {
        "difficulty": "Red",
        "type": "Lock"
      },
      "type": "Barrel Roll"
    },
    {
      "difficulty": "Red",
      "type": "Boost"
    },
    {
      "difficulty": "White",
      "linked": {
        "difficulty": "Red",
        "type": "Evade"
      },
      "type": "Reload"
    }
  ],
  "pilots": [
    {
      "name": "“Breach”",
      "xws": "breach",
      "initiative": 5,
      "limited": 1,
      "shipAbility": {
        "name": "Pursuit Thrusters",
        "text": "During the System Phase, you may perform a [Boost] action."
      },
      "standard": true,
      "extended": true,
      "cost": 11,
      "loadout": 19,
      "slots": [
        "Gunner",
        "Modification",
        "Tech",
        "Payload",
        "Payload",
        "Missile",
        "Talent",
        "Torpedo"
      ],
      "ability": "After you fully execute a maneuver or perform a [Boost] action, if you moved through an enemy ship, you may acquire a lock on that ship.",
      "artwork": "https://infinitearenas.com/xw2/images/artwork/pilots/breach.png",
      "image": "https://infinitearenas.com/xw2/images/pilots/breach.png",
      "caption": "Ordnance Expert",
      "keywords": [
        "TIE"
      ],
      "epic": true
    },
    {
      "name": "“Scorch”",
      "xws": "scorch-tiesebomber",
      "initiative": 4,
      "limited": 1,
      "shipAbility": {
        "name": "Pursuit Thrusters",
        "text": "During the System Phase, you may perform a [Boost] action."
      },
      "standard": true,
      "extended": true,
      "cost": 10,
      "loadout": 12,
      "slots": [
        "Gunner",
        "Modification",
        "Tech",
        "Payload",
        "Payload",
        "Missile",
        "Missile",
        "Talent"
      ],
      "ability": "While a friendly ship at range 0-1 performs a primary attack, it may spend 1 [Hit] result. If it does, after defending, the defender gains 1 strain token.",
      "artwork": "https://infinitearenas.com/xw2/images/artwork/pilots/scorch-tiesebomber.png",
      "image": "https://infinitearenas.com/xw2/images/pilots/scorch_tiesebomber.png",
      "caption": "Jad Bean",
      "keywords": [
        "TIE"
      ],
      "epic": true
    },
    {
      "name": "“Dread”",
      "xws": "dread",
      "initiative": 3,
      "limited": 1,
      "shipAbility": {
        "name": "Pursuit Thrusters",
        "text": "During the System Phase, you may perform a [Boost] action."
      },
      "standard": true,
      "extended": true,
      "cost": 9,
      "loadout": 9,
      "slots": [
        "Gunner",
        "Modification",
        "Tech",
        "Payload",
        "Payload",
        "Missile",
        "Missile",
        "Talent"
      ],
      "ability": "After you reload, each ship in your [Bullseye Arc] gains 1 deplete token.",
      "artwork": "https://infinitearenas.com/xw2/images/artwork/pilots/dread.png",
      "image": "https://infinitearenas.com/xw2/images/pilots/dread.png",
      "caption": "Devotee of Devastation",
      "keywords": [
        "TIE"
      ],
      "epic": true
    },
    {
      "name": "“Grudge”",
      "xws": "grudge",
      "initiative": 2,
      "limited": 1,
      "shipAbility": {
        "name": "Pursuit Thrusters",
        "text": "During the System Phase, you may perform a [Boost] action."
      },
      "standard": true,
      "extended": true,
      "cost": 10,
      "loadout": 15,
      "slots": [
        "Gunner",
        "Modification",
        "Tech",
        "Payload",
        "Payload",
        "Missile",
        "Torpedo"
      ],
      "ability": "While a friendly bomb or mine at range 0-2 detonates, each time attack dice are rolled to resolve its effect, you may reroll up to 1 of those dice.",
      "artwork": "https://infinitearenas.com/xw2/images/artwork/pilots/grudge.png",
      "image": "https://infinitearenas.com/xw2/images/pilots/grudge.png",
      "caption": "Hateful Harrier",
      "keywords": [
        "TIE"
      ],
      "epic": true
    },
    {
      "name": "First Order Cadet",
      "xws": "firstordercadet",
      "initiative": 3,
      "limited": 0,
      "shipAbility": {
        "name": "Pursuit Thrusters",
        "text": "During the System Phase, you may perform a [Boost] action."
      },
      "standard": true,
      "extended": true,
      "cost": 11,
      "loadout": 19,
      "slots": [
        "Gunner",
        "Modification",
        "Tech",
        "Payload",
        "Payload",
        "Missile",
        "Torpedo"
      ],
      "text": "The live-fire exercises of the First Order are intended to root out the weak, enforcing the maxim that only the strong survive.",
      "artwork": "https://infinitearenas.com/xw2/images/artwork/pilots/firstordercadet.png",
      "image": "https://infinitearenas.com/xw2/images/pilots/firstordercadet.png",
      "keywords": [
        "TIE"
      ],
      "epic": true
    },
    {
      "name": "Sienar-Jaemus Test Pilot",
      "xws": "sienarjaemustestpilot",
      "initiative": 2,
      "limited": 0,
      "shipAbility": {
        "name": "Pursuit Thrusters",
        "text": "During the System Phase, you may perform a [Boost] action."
      },
      "standard": true,
      "extended": true,
      "cost": 9,
      "loadout": 9,
      "slots": [
        "Gunner",
        "Modification",
        "Tech",
        "Payload",
        "Payload",
        "Missile",
        "Missile"
      ],
      "text": "Equipped with four laser cannons and advanced systems, the TIE/se bomber is a remarkably maneuverable craft that brings devastating ordnance to bear against any who dare to stand against the First Order.",
      "artwork": "https://infinitearenas.com/xw2/images/artwork/pilots/sienarjaemustestpilot.png",
      "image": "https://infinitearenas.com/xw2/images/pilots/sienarjaemustestpilot.png",
      "keywords": [
        "TIE"
      ],
      "epic": true
    },
    {
      "name": "Jul Jerjerrod",
      "xws": "juljerjerrod",
      "initiative": 4,
      "limited": 1,
      "shipAbility": {
        "name": "Pursuit Thrusters",
        "text": "During the System Phase, you may perform a [Boost] action."
      },
      "standard": true,
      "extended": true,
      "cost": 10,
      "loadout": 14,
      "slots": [
        "Gunner",
        "Modification",
        "Tech",
        "Payload",
        "Payload",
        "Missile",
        "Talent",
        "Torpedo"
      ],
      "ability": "After you perform a [Boost] action, you may spend 1 [Charge] to remove 1 non-lock red or orange token.",
      "charges": {
        "value": 3,
        "recovers": 0
      },
      "artwork": "https://infinitearenas.com/xw2/images/artwork/pilots/juljerjerrod.png",
      "image": "https://infinitearenas.com/xw2/images/pilots/juljerjerrod.png",
      "caption": "Security Commander",
      "keywords": [
        "TIE"
      ],
      "epic": true
    }
  ],
  "icon": "https://infinitearenas.com/xw2/images/shipicons/first-order/I_TIEseBomber.png"
}
