{
  "name": "Gauntlet Fighter",
  "xws": "gauntletfighter",
  "icon": "https://infinitearenas.com/xw2/images/shipicons/rebel-alliance/I_GauntletFighter.png",
  "size": "Large",
  "dial": [
    "0OR",
    "1BB",
    "1NB",
    "2TW",
    "2BB",
    "2FB",
    "2NB",
    "2YW",
    "3TR",
    "3BW",
    "3FW",
    "3NW",
    "3YR",
    "4FW"
  ],
  "dialCodes": [
    "GtF"
  ],
  "faction": "rebelalliance",
  "stats": [
    {
      "arc": "Front Arc",
      "type": "attack",
      "value": 3
    },
    {
      "arc": "Rear Arc",
      "type": "attack",
      "value": 2
    },
    {
      "type": "agility",
      "value": 2
    },
    {
      "type": "hull",
      "value": 9
    },
    {
      "type": "shields",
      "value": 2
    }
  ],
  "actions": [
    {
      "difficulty": "White",
      "type": "Focus"
    },
    {
      "difficulty": "Red",
      "type": "Reinforce"
    },
    {
      "difficulty": "White",
      "type": "Lock"
    },
    {
      "difficulty": "Red",
      "type": "Coordinate"
    }
  ],
  "pilots": [
    {
      "xws": "chopper-gauntletfighter",
      "name": "“Chopper”",
      "ability": "At the start of the Engagement Phase, each enemy ship at range 0 gains 2 jam tokens.",
      "cost": 16,
      "loadout": 18,
      "initiative": 2,
      "limited": 1,
      "standard": true,
      "extended": true,
      "epic": true,
      "slots": [
        "Crew",
        "Gunner",
        "Illicit",
        "Modification",
        "Modification",
        "Payload",
        "Configuration",
        "Title"
      ],
      "artwork": "https://infinitearenas.com/xw2/images/artwork/pilots/chopper-gauntletfighter.png",
      "image": "https://infinitearenas.com/xw2/images/pilots/chopper-gauntletfighter.png",
      "keywords": [
        "Droid",
        "Spectre"
      ],
      "caption": "Spectre-3",
      "restricted": 0
    },
    {
      "xws": "ezrabridger-gauntletfighter",
      "name": "Ezra Bridger",
      "cost": 16,
      "loadout": 15,
      "initiative": 3,
      "limited": 1,
      "ability": "While you defend or perform an attack, if you are stressed, you may spend 1 [Force] to change up to 2 of your [Focus] results to [Evade] or [Hit] results.",
      "force": {
        "side": [
          "light"
        ],
        "value": 1,
        "recovers": 1
      },
      "standard": true,
      "extended": true,
      "epic": true,
      "slots": [
        "Crew",
        "Gunner",
        "Illicit",
        "Modification",
        "Modification",
        "Payload",
        "Configuration",
        "Title",
        "Force Power",
        "Force Power"
      ],
      "artwork": "https://infinitearenas.com/xw2/images/artwork/pilots/ezrabridger-gauntletfighter.png",
      "image": "https://infinitearenas.com/xw2/images/pilots/ezrabridger-gauntletfighter.png",
      "keywords": [
        "Light Side",
        "Spectre"
      ],
      "caption": "Spectre-6",
      "restricted": 0
    },
    {
      "xws": "mandalorianresistancepilot",
      "name": "Mandalorian Resistance Pilot",
      "cost": 15,
      "loadout": 20,
      "initiative": 2,
      "limited": 0,
      "standard": true,
      "extended": true,
      "epic": true,
      "slots": [
        "Crew",
        "Gunner",
        "Illicit",
        "Modification",
        "Modification",
        "Payload",
        "Configuration",
        "Title",
        "Talent"
      ],
      "artwork": "https://infinitearenas.com/xw2/images/artwork/pilots/mandalorianresistancepilot.png",
      "image": "https://infinitearenas.com/xw2/images/pilots/mandalorianresistancepilot.png",
      "keywords": [
        "Mandalorian"
      ],
      "caption": "Clan Loyalist",
      "restricted": 0
    }
  ]
}
