[
  {
    "name": "Integrated S-foils",
    "limited": 0,
    "xws": "integratedsfoils",
    "sides": [
      {
        "title": "Integrated S-foils (Closed)",
        "type": "Configuration",
        "ability": "While you perform a primary attack, if the defender is not in your [Bullseye Arc], roll 1 fewer attack die. Before you activate, you may flip this card.",
        "slots": [
          "Configuration"
        ],
        "grants": [
          {
            "type": "action",
            "value": {
              "type": "Barrel Roll",
              "difficulty": "White"
            }
          },
          {
            "type": "action",
            "value": {
              "type": "Focus",
              "difficulty": "White",
              "linked": {
                "type": "Barrel Roll",
                "difficulty": "Red"
              }
            }
          }
        ],
        "image": "https://infinitearenas.com/xw2/images/upgrades/integratedsfoils.png",
        "artwork": "https://infinitearenas.com/xw2/images/artwork/upgrades/integratedsfoils.png"
      },
      {
        "title": "Integrated S-foils (Open)",
        "type": "Configuration",
        "ability": "Before you activate, you may flip this card.",
        "slots": [
          "Configuration"
        ],
        "image": "https://infinitearenas.com/xw2/images/upgrades/integratedsfoils-sideb.png",
        "artwork": "https://infinitearenas.com/xw2/images/artwork/upgrades/integratedsfoils-sideb.png"
      }
    ],
    "cost": {
      "value": 0
    },
    "restrictions": [
      {
        "ships": [
          "t70xwing"
        ]
      }
    ],
    "standard": true,
    "extended": true,
    "epic": true,
    "restricted": 0
  },
  {
    "name": "Os-1 Arsenal Loadout",
    "limited": 0,
    "xws": "os1arsenalloadout",
    "sides": [
      {
        "title": "Os-1 Arsenal Loadout",
        "type": "Configuration",
        "ability": "While you have exactly 1 disarm token, you can still perform [Torpedo] and [Missile] attacks against targets you have locked. If you do, you cannot spend your lock during the attack. Add [Torpedo] and [Missile] slots.",
        "slots": [
          "Configuration"
        ],
        "grants": [
          {
            "type": "slot",
            "value": "Torpedo",
            "amount": 1
          },
          {
            "type": "slot",
            "value": "Missile",
            "amount": 1
          }
        ],
        "image": "https://infinitearenas.com/xw2/images/upgrades/os1arsenalloadout.png",
        "artwork": "https://infinitearenas.com/xw2/images/artwork/upgrades/os1arsenalloadout.png"
      }
    ],
    "cost": {
      "value": 0
    },
    "restrictions": [
      {
        "ships": [
          "alphaclassstarwing"
        ]
      }
    ],
    "standard": true,
    "extended": true,
    "epic": true,
    "restricted": 0
  },
  {
    "name": "Pivot Wing",
    "limited": 0,
    "xws": "pivotwing",
    "sides": [
      {
        "title": "Pivot Wing (Closed)",
        "type": "Configuration",
        "ability": "While you defend, roll 1 fewer defense die. After you execute a [0 [Stationary]] maneuver, you may rotate your ship 90° or 180°. Before you activate, you may flip this card.",
        "slots": [
          "Configuration"
        ],
        "image": "https://infinitearenas.com/xw2/images/upgrades/pivotwing.png",
        "artwork": "https://infinitearenas.com/xw2/images/artwork/upgrades/pivotwing.png"
      },
      {
        "title": "Pivot Wing (Open)",
        "type": "Configuration",
        "ability": "Before you activate, you may flip this card.",
        "slots": [
          "Configuration"
        ],
        "image": "https://infinitearenas.com/xw2/images/upgrades/pivotwing-sideb.png",
        "artwork": "https://infinitearenas.com/xw2/images/artwork/upgrades/pivotwing-sideb.png"
      }
    ],
    "cost": {
      "value": 0
    },
    "restrictions": [
      {
        "ships": [
          "ut60duwing"
        ]
      }
    ],
    "standard": true,
    "extended": true,
    "epic": true,
    "restricted": 0
  },
  {
    "name": "Swivel Wing",
    "limited": 0,
    "xws": "swivelwing",
    "sides": [
      {
        "title": "Swivel Wing (Down)",
        "type": "Configuration",
        "ability": "After you execute a [0 [Stationary]] maneuver, you may rotate your ship 90° or 180°. If you do, you must flip this card.",
        "slots": [
          "Configuration"
        ],
        "image": "https://infinitearenas.com/xw2/images/upgrades/swivelwing.png",
        "artwork": "https://infinitearenas.com/xw2/images/artwork/upgrades/swivelwing.png"
      },
      {
        "title": "Swivel Wing (Up)",
        "type": "Configuration",
        "ability": "While you defend, roll 1 fewer defense die. After you fully execute a non-stationary ([Stationary]) maneuver, you may flip this card.",
        "slots": [
          "Configuration"
        ],
        "image": "https://infinitearenas.com/xw2/images/upgrades/swivelwing-sideb.png",
        "artwork": "https://infinitearenas.com/xw2/images/artwork/upgrades/swivelwing-sideb.png"
      }
    ],
    "cost": {
      "value": 0
    },
    "restrictions": [
      {
        "ships": [
          "gauntletfighter"
        ]
      }
    ],
    "standard": true,
    "extended": true,
    "epic": true,
    "restricted": 0
  },
  {
    "name": "Servomotor S-foils",
    "limited": 0,
    "xws": "servomotorsfoils",
    "sides": [
      {
        "title": "Servomotor S-foils (Closed)",
        "type": "Configuration",
        "ability": "While you perform a primary attack, roll 1 fewer attack die. Before you activate, you may flip this card.",
        "slots": [
          "Configuration"
        ],
        "actions": [
          {
            "type": "Boost",
            "difficulty": "White"
          },
          {
            "type": "Focus",
            "difficulty": "White",
            "linked": {
              "difficulty": "Red",
              "type": "Boost"
            }
          }
        ],
        "grants": [
          {
            "type": "action",
            "value": {
              "type": "Boost",
              "difficulty": "White"
            }
          },
          {
            "type": "action",
            "value": {
              "type": "Focus",
              "difficulty": "White",
              "linked": {
                "type": "Boost",
                "difficulty": "Red"
              }
            }
          }
        ],
        "image": "https://infinitearenas.com/xw2/images/upgrades/servomotorsfoils.png",
        "artwork": "https://infinitearenas.com/xw2/images/artwork/upgrades/servomotorsfoils.png"
      },
      {
        "title": "Servomotor S-foils (Open)",
        "type": "Configuration",
        "ability": "Before you activate, you may flip this card.",
        "slots": [
          "Configuration"
        ],
        "image": "https://infinitearenas.com/xw2/images/upgrades/servomotorsfoils-sideb.png",
        "artwork": "https://infinitearenas.com/xw2/images/artwork/upgrades/servomotorsfoils-sideb.png"
      }
    ],
    "cost": {
      "value": 0
    },
    "restrictions": [
      {
        "ships": [
          "t65xwing"
        ]
      }
    ],
    "standard": true,
    "extended": true,
    "epic": true,
    "restricted": 0
  },
  {
    "name": "Xg-1 Assault Configuration",
    "limited": 0,
    "xws": "xg1assaultconfiguration",
    "sides": [
      {
        "title": "Xg-1 Assault Configuration",
        "type": "Configuration",
        "ability": "While you have exactly 1 disarm token, you can still perform [Cannon] attacks. While you perform a [Cannon] attack while disarmed, roll a maximum of 3 attack dice. Add [Cannon] slot.",
        "slots": [
          "Configuration"
        ],
        "grants": [
          {
            "type": "slot",
            "value": "Cannon",
            "amount": 1
          }
        ],
        "image": "https://infinitearenas.com/xw2/images/upgrades/xg1assaultconfiguration.png",
        "artwork": "https://infinitearenas.com/xw2/images/artwork/upgrades/xg1assaultconfiguration.png"
      }
    ],
    "cost": {
      "value": 0
    },
    "restrictions": [
      {
        "ships": [
          "alphaclassstarwing"
        ]
      }
    ],
    "standard": true,
    "extended": true,
    "epic": true,
    "restricted": 0
  },
  {
    "name": "Grappling Struts",
    "limited": 0,
    "xws": "grapplingstruts",
    "sides": [
      {
        "title": "Grappling Struts (Closed)",
        "type": "Configuration",
        "ability": "Setup: Equip this side faceup. After you execute a maneuver, if you overlap an asteroid or debris cloud and there are 1 or fewer other friendly ships at range 0 of that obstacle, you may flip this card. If you do, you do not suffer the effects of overlapping the asteroid or debris cloud.",
        "slots": [
          "Configuration"
        ],
        "image": "https://infinitearenas.com/xw2/images/upgrades/grapplingstruts.png",
        "artwork": "https://infinitearenas.com/xw2/images/artwork/upgrades/grapplingstruts.png"
      },
      {
        "title": "Grappling Struts (Open)",
        "type": "Configuration",
        "ability": "You ignore obstacles at range 0. You cannot perform [Barrel Roll] actions. After you reveal your dial, if you reveal a maneuver other than a [2 [Straight]] and are at range 0 of an asteroid or debris cloud, skip your Execute Maneuver step and remove 1 stress token; if you revealed a right or left maneuver, rotate your ship 90° in that direction. After you execute a maneuver, flip this card.",
        "slots": [
          "Configuration"
        ],
        "image": "https://infinitearenas.com/xw2/images/upgrades/grapplingstruts-sideb.png",
        "artwork": "https://infinitearenas.com/xw2/images/artwork/upgrades/grapplingstruts-sideb.png"
      }
    ],
    "restrictions": [
      {
        "ships": [
          "vultureclassdroidfighter"
        ]
      }
    ],
    "cost": {
      "value": 0
    },
    "standard": true,
    "extended": true,
    "epic": true,
    "restricted": 0
  },
  {
    "name": "Calibrated Laser Targeting",
    "limited": 0,
    "xws": "calibratedlasertargeting",
    "sides": [
      {
        "title": "Calibrated Laser Targeting",
        "type": "Configuration",
        "slots": [
          "Configuration",
          "Modification"
        ],
        "ability": "While you perform a primary attack, if the defender is in your [Bullseye Arc], add 1 [Focus] result.",
        "image": "https://infinitearenas.com/xw2/images/upgrades/calibratedlasertargeting.png",
        "artwork": "https://infinitearenas.com/xw2/images/artwork/upgrades/calibratedlasertargeting.png"
      }
    ],
    "cost": {
      "value": 0
    },
    "restrictions": [
      {
        "ships": [
          "delta7aethersprite"
        ]
      }
    ],
    "standard": true,
    "extended": true,
    "epic": true,
    "restricted": 0
  },
  {
    "name": "Landing Struts",
    "limited": 0,
    "xws": "landingstruts",
    "sides": [
      {
        "title": "Landing Struts (Closed)",
        "type": "Configuration",
        "ability": "Setup: Equip this side faceup. After you execute a maneuver, if you overlap an asteroid or debris cloud and there are 1 or fewer other friendly ships at range 0 of that obstacle, you may flip this card. If you do, you do not suffer the effects of overlapping the asteroid or debris cloud.",
        "slots": [
          "Configuration"
        ],
        "image": "https://infinitearenas.com/xw2/images/upgrades/landingstruts.png",
        "artwork": "https://infinitearenas.com/xw2/images/artwork/upgrades/landingstruts.png"
      },
      {
        "title": "Landing Struts (Open)",
        "type": "Configuration",
        "ability": "You ignore obstacles at range 0. You cannot perform [Barrel Roll] actions. After you reveal your dial, if you reveal a maneuver other than a [2 [Straight]] and are at range 0 of an asteroid or debris cloud, skip your Execute Maneuver step and remove 1 stress token; if you revealed a right or left maneuver, rotate your ship 90° in that direction. After you execute a maneuver, flip this card.",
        "slots": [
          "Configuration"
        ],
        "image": "https://infinitearenas.com/xw2/images/upgrades/landingstruts-sideb.png",
        "artwork": "https://infinitearenas.com/xw2/images/artwork/upgrades/landingstruts-sideb.png"
      }
    ],
    "restrictions": [
      {
        "ships": [
          "hyenaclassdroidbomber"
        ]
      }
    ],
    "standard": true,
    "extended": true,
    "epic": true,
    "cost": {
      "value": 0
    },
    "restricted": 0
  },
  {
    "name": "Corsair Refit",
    "limited": 2,
    "xws": "corsairrefit",
    "standard": false,
    "extended": true,
    "epic": true,
    "sides": [
      {
        "ability": "Add [Cannon], [Turret], and [Missile] slots. Bonus Attack: Spend 1 [Energy] to perform a [Cannon], [Turret], or [Missile] attack.",
        "title": "Corsair Refit",
        "type": "Configuration",
        "slots": [
          "Configuration"
        ],
        "grants": [
          {
            "type": "slot",
            "value": "cannon",
            "amount": 1
          },
          {
            "type": "slot",
            "value": "turret",
            "amount": 1
          },
          {
            "type": "slot",
            "value": "missile",
            "amount": 1
          },
          {
            "type": "stat",
            "value": "hull",
            "amount": 2
          },
          {
            "type": "stat",
            "value": "shields",
            "amount": -2
          },
          {
            "type": "stat",
            "value": "energy",
            "amount": 1
          }
        ],
        "image": "https://infinitearenas.com/xw2/images/upgrades/corsairrefit.png",
        "artwork": "https://infinitearenas.com/xw2/images/artwork/upgrades/corsairrefit.png"
      }
    ],
    "restrictions": [
      {
        "ships": [
          "croccruiser"
        ]
      }
    ],
    "cost": {
      "value": 6
    },
    "restricted": 0
  },
  {
    "name": "Stabilized S-foils",
    "limited": 0,
    "xws": "stabilizedsfoils",
    "sides": [
      {
        "ability": "Before you activate, if you are not critically damaged, you may flip this card.",
        "title": "Stabilized S-foils (Closed)",
        "type": "Configuration",
        "slots": [
          "Configuration"
        ],
        "grants": [
          {
            "type": "action",
            "value": {
              "type": "Barrel Roll",
              "difficulty": "White",
              "linked": {
                "type": "Evade",
                "difficulty": "Red"
              }
            }
          },
          {
            "type": "action",
            "value": {
              "type": "Reload",
              "difficulty": "Red"
            }
          }
        ],
        "artwork": "https://infinitearenas.com/xw2/images/artwork/upgrades/stabilizedsfoils.png",
        "image": "https://infinitearenas.com/xw2/images/upgrades/stabilizedsfoils.png"
      },
      {
        "ability": "After you perform an attack, you may spend your lock on the defender to perform a bonus [Cannon] attack against that ship using a [Cannon] upgrade you have not attacked with this turn. Before you activate, if you are not critically damaged, you may flip this card.",
        "title": "Stabilized S-foils (Open)",
        "type": "Configuration",
        "slots": [
          "Configuration"
        ],
        "grants": [
          {
            "type": "action",
            "value": {
              "type": "Barrel Roll",
              "difficulty": "White",
              "linked": {
                "type": "Lock",
                "difficulty": "Red"
              }
            }
          }
        ],
        "artwork": "https://infinitearenas.com/xw2/images/artwork/upgrades/stabilizedsfoils-sideb.png",
        "image": "https://infinitearenas.com/xw2/images/upgrades/stabilizedsfoils-sideb.png"
      }
    ],
    "cost": {
      "value": 0
    },
    "restrictions": [
      {
        "ships": [
          "asf01bwing"
        ]
      }
    ],
    "standard": true,
    "extended": true,
    "epic": true,
    "restricted": 0
  },
  {
    "sides": [
      {
        "title": "Repulsorlift Stabilizers (Inactive)",
        "type": "Configuration",
        "slots": [
          "Configuration"
        ],
        "artwork": "https://infinitearenas.com/xw2/images/artwork/upgrades/repulsorliftstabilizers.png",
        "image": "https://infinitearenas.com/xw2/images/upgrades/repulsorliftstabilizers.png",
        "ability": "Setup: Equip this side faceup. Reduce the difficulty of your straight ([Straight]) maneuvers. After you fully execute a maneuver, you may flip this card."
      },
      {
        "title": "Repulsorlift Stabilizers (Active)",
        "type": "Configuration",
        "slots": [
          "Configuration"
        ],
        "artwork": "https://infinitearenas.com/xw2/images/artwork/upgrades/repulsorliftstabilizers-sideb.png",
        "image": "https://infinitearenas.com/xw2/images/upgrades/repulsorliftstabilizers-sideb.png",
        "ability": "After you reveal a bank ([Bank Left] or [Bank Right]) or turn ([Turn Left] or [Turn Right]) maneuver, you must perform that maneuver as a sideslip, then flip this card. After you fully execute a non-sideslip maneuver, you may flip this card."
      }
    ],
    "name": "Repulsorlift Stabilizers",
    "restrictions": [
      {
        "ships": [
          "hmpdroidgunship"
        ]
      }
    ],
    "cost": {
      "value": 0
    },
    "limited": 0,
    "xws": "repulsorliftstabilizers",
    "standard": true,
    "extended": true,
    "epic": true,
    "restricted": 0
  },
  {
    "name": "Alpha-3B “Besh”",
    "limited": 0,
    "xws": "alpha3bbesh",
    "sides": [
      {
        "ability": "While you perform a primary attack, you may spend your lock on the defender to change 1 of your blank or [Focus] results to a [Hit] result. Add [Device] slot.",
        "title": "Alpha-3B “Besh”",
        "type": "Configuration",
        "slots": [
          "Configuration"
        ],
        "artwork": "https://infinitearenas.com/xw2/images/artwork/upgrades/alpha3bbesh.png",
        "image": "https://infinitearenas.com/xw2/images/upgrades/alpha3bbesh.png"
      }
    ],
    "cost": {
      "value": 1
    },
    "restrictions": [
      {
        "ships": [
          "nimbusclassvwing"
        ]
      }
    ],
    "standard": true,
    "extended": true,
    "epic": true,
    "restricted": 0
  },
  {
    "name": "Alpha-3E “Esk”",
    "limited": 0,
    "xws": "alpha3eesk",
    "sides": [
      {
        "ability": "While you perform a primary attack, before rolling attack dice, you may spend 2 [Charge]. If you do, your [Critical Hit] results inflict ion tokens instead of damage.",
        "title": "Alpha-3E “Esk”",
        "type": "Configuration",
        "slots": [
          "Configuration"
        ],
        "charges": {
          "value": 2,
          "recovers": 1
        },
        "artwork": "https://infinitearenas.com/xw2/images/artwork/upgrades/alpha3eesk.png",
        "image": "https://infinitearenas.com/xw2/images/upgrades/alpha3eesk.png"
      }
    ],
    "cost": {
      "value": 0
    },
    "restrictions": [
      {
        "ships": [
          "nimbusclassvwing"
        ]
      }
    ],
    "standard": true,
    "extended": true,
    "epic": true,
    "restricted": 0
  },
  {
    "name": "Intercept Booster",
    "limited": 0,
    "xws": "interceptbooster",
    "sides": [
      {
        "ability": "Setup: Equip this side faceup. During the System Phase, gain 1 disarm token unless you flip this card. At the end of the End Phase, if you have no active [Charge], flip this card.",
        "title": "Intercept Booster (Attached)",
        "type": "Configuration",
        "slots": [
          "Configuration"
        ],
        "charges": {
          "value": 3,
          "recovers": -1
        },
        "grants": [
          {
            "type": "action",
            "value": {
              "type": "SLAM",
              "difficulty": "White",
              "linked": {
                "type": "Lock",
                "difficulty": "Red"
              }
            }
          }
        ],
        "artwork": "https://infinitearenas.com/xw2/images/artwork/upgrades/interceptbooster.png",
        "image": "https://infinitearenas.com/xw2/images/upgrades/interceptbooster.png"
      },
      {
        "text": "Unhindered by the frailty of an organic pilot, Droid Tri-Fighters are capable of radical acceleration and acute maneuvering. Fitted with booster rockets and fired from the missile tubes of Separatist capital ships, they can intercept hostiles well beyond the range of conventionally deployed starfighters.",
        "title": "Intercept Booster (Detached)",
        "type": "Configuration",
        "slots": [
          "Configuration"
        ],
        "artwork": "https://infinitearenas.com/xw2/images/artwork/upgrades/interceptbooster-sideb.png",
        "image": "https://infinitearenas.com/xw2/images/upgrades/interceptbooster-sideb.png"
      }
    ],
    "cost": {
      "value": 0
    },
    "restrictions": [
      {
        "ships": [
          "droidtrifighter"
        ]
      }
    ],
    "standard": true,
    "extended": true,
    "epic": true,
    "restricted": 0
  },
  {
    "name": "Maneuver-Assist MGK-300",
    "limited": 0,
    "xws": "maneuverassistmgk300",
    "sides": [
      {
        "ability": "Reduce the difficulty of your speed 3 straight ([Straight]) and bank ([Bank Left] or [Bank Right]) maneuvers.",
        "title": "Maneuver-Assist MGK-300",
        "type": "Configuration",
        "slots": [
          "Configuration"
        ],
        "grants": [
          {
            "type": "action",
            "value": {
              "type": "Calculate",
              "difficulty": "White"
            }
          },
          {
            "type": "action",
            "value": {
              "type": "Barrel Roll",
              "difficulty": "White",
              "linked": {
                "type": "Calculate",
                "difficulty": "Red"
              }
            }
          }
        ],
        "artwork": "https://infinitearenas.com/xw2/images/artwork/upgrades/maneuverassistmgk300.png",
        "image": "https://infinitearenas.com/xw2/images/upgrades/maneuverassistmgk300.png"
      }
    ],
    "cost": {
      "value": 0
    },
    "restrictions": [
      {
        "ships": [
          "tierbheavy"
        ]
      }
    ],
    "standard": true,
    "extended": true,
    "epic": true,
    "restricted": 0
  },
  {
    "name": "Target-Assist MGK-300",
    "limited": 0,
    "xws": "targetassistmgk300",
    "sides": [
      {
        "ability": "Before you engage, if you have no green tokens and you are not stressed, gain 1 calculate token for each enemy ship at range 2-3 in your firing arc, to a maximum of 2.",
        "title": "Target-Assist MGK-300",
        "type": "Configuration",
        "slots": [
          "Configuration"
        ],
        "grants": [
          {
            "type": "action",
            "value": {
              "type": "Calculate",
              "difficulty": "White"
            }
          },
          {
            "type": "action",
            "value": {
              "type": "Rotate Arc",
              "difficulty": "White",
              "linked": {
                "type": "Calculate",
                "difficulty": "White"
              }
            }
          }
        ],
        "artwork": "https://infinitearenas.com/xw2/images/artwork/upgrades/targetassistmgk300.png",
        "image": "https://infinitearenas.com/xw2/images/upgrades/targetassistmgk300.png"
      }
    ],
    "cost": {
      "value": 0
    },
    "restrictions": [
      {
        "ships": [
          "tierbheavy"
        ]
      }
    ],
    "standard": true,
    "extended": true,
    "epic": true,
    "restricted": 0
  },
  {
    "name": "Sensitive Controls",
    "limited": 0,
    "xws": "sensitivecontrols",
    "sides": [
      {
        "ability": "Replace your Autothrusters ship ability with the following:",
        "shipAbility": {
          "name": "Sensitive Controls",
          "text": "During the System Phase, you may perform a red [Barrel Roll] or red [Boost] action."
        },
        "title": "Sensitive Controls",
        "type": "Configuration",
        "slots": [
          "Configuration"
        ],
        "artwork": "https://infinitearenas.com/xw2/images/artwork/upgrades/sensitivecontrols.png",
        "image": "https://infinitearenas.com/xw2/images/upgrades/sensitivecontrols.png"
      }
    ],
    "restrictions": [
      {
        "shipAbility": [
          "Autothrusters"
        ]
      },
      {
        "standardized": true
      }
    ],
    "cost": {
      "value": 0
    },
    "standard": true,
    "extended": true,
    "epic": true,
    "restricted": 0
  },
  {
    "name": "TIE Defender Elite",
    "limited": 0,
    "xws": "tiedefenderelite",
    "sides": [
      {
        "ability": "Decrease the difficulty of your turn [[Turn Left] or [Turn Right]] maneuvers. Increase the difficulty of your Koiogran Turn [[Koiogran Turn]] maneuvers. Replace your Full Throttle ship ability with the following:",
        "shipAbility": {
          "name": "Advanced Fire Control",
          "text": "After you perform a [Cannon] or [Missile] attack, if you have a lock on the defender, you may perform a bonus primary attack against the defender."
        },
        "title": "TIE Defender Elite",
        "type": "Configuration",
        "slots": [
          "Configuration"
        ],
        "artwork": "https://infinitearenas.com/xw2/images/artwork/upgrades/tiedefenderelite.png",
        "image": "https://infinitearenas.com/xw2/images/upgrades/tiedefenderelite.png"
      }
    ],
    "restrictions": [
      {
        "factions": [
          "galacticempire"
        ]
      },
      {
        "ships": [
          "tieddefender"
        ]
      },
      {
        "standardized": true
      }
    ],
    "cost": {
      "value": 0
    },
    "standard": true,
    "extended": true,
    "epic": true,
    "restricted": 0
  },
  {
    "name": "Vectored Cannons (RZ-1)",
    "limited": 0,
    "xws": "vectoredcannonsrz1",
    "standard": true,
    "extended": true,
    "epic": true,
    "sides": [
      {
        "ability": "Gain a [Single Turret Arc] indicator. Treat the arc requirement of your [Front Arc] primary attack as [Single Turret Arc]. Replace your Vectored Thrusters ship ability with the following:",
        "shipAbility": {
          "name": "Vectored Cannons",
          "text": "During the System Phase, you may perform a red [Boost] or red [Rotate Arc] action. You can rotate your [Single Turret Arc] indicator only to your [Front Arc] or [Rear Arc]."
        },
        "title": "Vectored Cannons (RZ-1)",
        "type": "Configuration",
        "slots": [
          "Configuration"
        ],
        "attack": {
          "arc": "Single Turret Arc",
          "value": 2,
          "minrange": 1,
          "maxrange": 3,
          "ordnance": false
        },
        "grants": [
          {
            "type": "arc",
            "value": "Single Turret Arc"
          }
        ],
        "artwork": "https://infinitearenas.com/xw2/images/artwork/upgrades/vectoredcannonsrz1.png",
        "image": "https://infinitearenas.com/xw2/images/upgrades/vectoredcannonsrz1.png"
      }
    ],
    "restrictions": [
      {
        "shipAbility": [
          "Vectored Thrusters"
        ]
      },
      {
        "standardized": true
      }
    ],
    "cost": {
      "value": 0
    },
    "restricted": 0
  },
  {
    "name": "Wartime Loadout",
    "limited": 0,
    "xws": "wartimeloadout",
    "sides": [
      {
        "title": "Wartime Loadout",
        "type": "Configuration",
        "slots": [
          "Configuration",
          "Modification"
        ],
        "ability": "Gain 1 [Torpedo] slot and 1 [Missile] slot. Replace your ship ability with the following:",
        "shipAbility": {
          "name": "Devastating Barrage",
          "text": "While you perform a [Torpedo] or [Missile] attack, if the defender is in your [Bullseye Arc], your [Critical Hit] results cannot be canceled by [Evade] results."
        },
        "grants": [
          {
            "type": "action",
            "value": {
              "type": "Lock",
              "difficulty": "White"
            }
          },
          {
            "type": "action",
            "value": {
              "type": "Reload",
              "difficulty": "White"
            }
          },
          {
            "type": "stat",
            "value": "shields",
            "amount": 2
          }
        ],
        "artwork": "https://infinitearenas.com/xw2/images/artwork/upgrades/wartimeloadout.png",
        "image": "https://infinitearenas.com/xw2/images/upgrades/wartimeloadout.png"
      }
    ],
    "cost": {
      "value": 0
    },
    "restrictions": [
      {
        "ships": [
          "btanr2ywing"
        ]
      },
      {
        "standardized": true
      }
    ],
    "standard": true,
    "extended": true,
    "epic": true,
    "restricted": 0
  },
  {
    "name": "Enhanced Jamming Suite",
    "limited": 0,
    "xws": "enhancedjammingsuite",
    "sides": [
      {
        "title": "Enhanced Jamming Suite",
        "type": "Configuration",
        "slots": [
          "Configuration",
          "Tech"
        ],
        "ability": "While you jam, you can choose yourself or another friendly ship. While you defend, if the attacker has no green tokens or there is a jammed ship in the attack arc, you may roll 1 additional defense die.",
        "grants": [
          {
            "type": "action",
            "value": {
              "type": "Focus",
              "difficulty": "White",
              "linked": {
                "type": "Jam",
                "difficulty": "White"
              }
            }
          },
          {
            "type": "action",
            "value": {
              "type": "Barrel Roll",
              "difficulty": "White",
              "linked": {
                "type": "Jam",
                "difficulty": "White"
              }
            }
          },
          {
            "type": "action",
            "value": {
              "type": "Boost",
              "difficulty": "White",
              "linked": {
                "type": "Jam",
                "difficulty": "White"
              }
            }
          },
          {
            "type": "action",
            "value": {
              "type": "Jam",
              "difficulty": "White"
            }
          }
        ],
        "artwork": "https://infinitearenas.com/xw2/images/artwork/upgrades/enhancedjammingsuite.png",
        "image": "https://infinitearenas.com/xw2/images/upgrades/enhancedjammingsuite.png"
      }
    ],
    "cost": {
      "value": 0
    },
    "restrictions": [
      {
        "ships": [
          "tiewiwhispermodifiedinterceptor"
        ]
      }
    ],
    "standard": true,
    "extended": true,
    "epic": true,
    "restricted": 0
  },
  {
    "name": "L3-37's Programming",
    "limited": 1,
    "xws": "l337sprogramming-battleofyavin",
    "sides": [
      {
        "title": "L3-37's Programming",
        "type": "Configuration",
        "ability": "If you are not shielded, decrease the difficulty of your bank ([Bank Left] and [Bank Right]) maneuvers.",
        "slots": [
          "Configuration"
        ]
      }
    ],
    "standardLoadoutOnly": true,
    "standard": true,
    "extended": true,
    "epic": true,
    "restricted": 0
  },
  {
    "name": "Strut-Lock Override",
    "limited": 0,
    "xws": "strutlockoverride-siegeofcoruscant",
    "sides": [
      {
        "title": "Strut-Lock Override",
        "type": "Configuration",
        "ability": "At the start of your activation, you may spend 1 [Charge]. If you do, ignore obstacles while you move through them this round.",
        "charges": {
          "value": 2,
          "recovers": 0
        },
        "slots": [
          "Configuration"
        ]
      }
    ],
    "standardLoadoutOnly": true,
    "standard": true,
    "extended": true,
    "epic": true,
    "restricted": 0
  }
]
