{
  "name": "Belbullab-22 Starfighter",
  "xws": "belbullab22starfighter",
  "size": "Small",
  "dial": [
    "1TW",
    "1BW",
    "1NW",
    "1YW",
    "2TW",
    "2BB",
    "2FB",
    "2NB",
    "2YW",
    "3LR",
    "3TR",
    "3BW",
    "3FB",
    "3NW",
    "3YR",
    "3PR",
    "4FW",
    "5FW"
  ],
  "dialCodes": [
    "B22"
  ],
  "faction": "separatistalliance",
  "stats": [
    {
      "type": "attack",
      "value": 3,
      "arc": "Front Arc"
    },
    {
      "type": "agility",
      "value": 2
    },
    {
      "type": "hull",
      "value": 3
    },
    {
      "type": "shields",
      "value": 2
    }
  ],
  "actions": [
    {
      "difficulty": "White",
      "type": "Focus"
    },
    {
      "difficulty": "White",
      "type": "Lock"
    },
    {
      "difficulty": "White",
      "linked": {
        "difficulty": "Red",
        "type": "Focus"
      },
      "type": "Barrel Roll"
    },
    {
      "difficulty": "White",
      "linked": {
        "difficulty": "Red",
        "type": "Focus"
      },
      "type": "Boost"
    }
  ],
  "icon": "https://infinitearenas.com/xw2/images/shipicons/separatist-alliance/I_Belbullab-22.png",
  "pilots": [
    {
      "name": "General Grievous",
      "caption": "Ambitious Cyborg",
      "initiative": 4,
      "limited": 1,
      "xws": "generalgrievous",
      "ability": "While you perform a primary attack, if you are not in the defender's firing arc, you may reroll up to 2 attack dice.",
      "image": "https://infinitearenas.com/xw2/images/pilots/generalgrievous.png",
      "standard": true,
      "extended": true,
      "cost": 12,
      "loadout": 20,
      "slots": [
        "Modification",
        "Modification",
        "Talent",
        "Title"
      ],
      "artwork": "https://infinitearenas.com/xw2/images/artwork/pilots/generalgrievous.png",
      "epic": true
    },
    {
      "name": "Wat Tambor",
      "caption": "Techno Union Foreman",
      "initiative": 3,
      "limited": 1,
      "xws": "wattambor",
      "ability": "While you perform a primary attack, you may reroll 1 attack die for each calculating friendly ship at range 1 of the defender.",
      "image": "https://infinitearenas.com/xw2/images/pilots/wattambor.png",
      "standard": true,
      "extended": true,
      "cost": 10,
      "loadout": 14,
      "slots": [
        "Modification",
        "Modification",
        "Tactical Relay",
        "Talent"
      ],
      "artwork": "https://infinitearenas.com/xw2/images/artwork/pilots/wattambor.png",
      "epic": true
    },
    {
      "name": "Feethan Ottraw Autopilot",
      "limited": 0,
      "initiative": 1,
      "xws": "feethanottrawautopilot",
      "text": "Unlike the more disposable fighters it also built for the Separatists, Feethan Ottraw Scalable Assemblies designed the Belbullab-22 with a solid mix of firepower, durability, and speed.",
      "image": "https://infinitearenas.com/xw2/images/pilots/feethanottrawautopilot.png",
      "shipActions": [
        {
          "difficulty": "White",
          "type": "Calculate"
        },
        {
          "difficulty": "White",
          "type": "Lock"
        },
        {
          "difficulty": "White",
          "linked": {
            "difficulty": "Red",
            "type": "Calculate"
          },
          "type": "Barrel Roll"
        },
        {
          "difficulty": "White",
          "linked": {
            "difficulty": "Red",
            "type": "Calculate"
          },
          "type": "Boost"
        }
      ],
      "standard": true,
      "extended": true,
      "cost": 9,
      "loadout": 10,
      "slots": [
        "Modification",
        "Modification",
        "Tactical Relay"
      ],
      "artwork": "https://infinitearenas.com/xw2/images/artwork/pilots/feethanottrawautopilot.png",
      "keywords": [
        "Droid"
      ],
      "epic": true
    },
    {
      "name": "Captain Sear",
      "caption": "Kage Infiltrator",
      "limited": 1,
      "initiative": 2,
      "xws": "captainsear",
      "ability": "While a friendly ship at range 0-3 performs a primary attack, if the defender is in its [Bullseye Arc], before the Neutralize Results step, the friendly ship may spend 1 calculate token to cancel 1 [Evade] result.",
      "image": "https://infinitearenas.com/xw2/images/pilots/captainsear.png",
      "standard": true,
      "extended": true,
      "cost": 10,
      "loadout": 11,
      "slots": [
        "Modification",
        "Modification",
        "Tactical Relay"
      ],
      "artwork": "https://infinitearenas.com/xw2/images/artwork/pilots/captainsear.png",
      "epic": true
    },
    {
      "name": "Skakoan Ace",
      "xws": "skakoanace",
      "cost": 10,
      "loadout": 14,
      "slots": [
        "Modification",
        "Modification",
        "Talent"
      ],
      "initiative": 3,
      "limited": 0,
      "image": "https://infinitearenas.com/xw2/images/pilots/skakoanace.png",
      "artwork": "https://infinitearenas.com/xw2/images/artwork/pilots/skakoanace.png",
      "text": "With its powerful engines, devastating triple laser cannons, and high customizability, the Belbullab-22 is the chosen craft of several elite Separatist Alliance pilots, including the infamous General Grievous.",
      "standard": true,
      "extended": true,
      "epic": true
    }
  ]
}
